event_name,date,latitude,longitude,rainfall_mm,antecedent_7day_mm,temp_max_c,temp_min_c,humidity_pct,wind_speed_kmh,precipitation_hours,evapotranspiration_mm,soil_moisture,elevation_m,river_discharge_m3s,flood_nearby,landslide_occurred,month,year,rainfall_intensity,elevation_cat,slope_proxy,twi_proxy,combined_rain_index,season,critical_zone,log_rainfall_mm,log_antecedent_7day_mm,log_elevation_m,temp_range,landslide_risk_score
India_Kedarnath_2013,2013-06-15,30.74,79.07,18.0,53.9,10.1,3.6,99,5.1,17.0,2.91,0.488,3622.0,0.44,0,1,6,2013,1.0588235294117647,4,0.8195057690895077,0.5883021169770097,32.36,2,0,2.9444389791664403,4.005513348515485,8.195057690895077,6.5,0.5406
India_Kedarnath_2013,2013-06-16,30.74,79.07,122.3,53.9,7.3,5.1,99,4.3,24.0,1.23,0.492,3622.0,0.47,0,1,6,2013,5.095833333333333,4,0.8195057690895077,0.5931242654768213,94.94,2,1,4.814620410170298,4.005513348515485,8.195057690895077,2.2,0.6102
India_Kedarnath_2013,2013-06-17,30.74,79.07,157.2,53.9,7.8,4.3,97,6.2,24.0,1.23,0.491,3622.0,0.66,0,1,6,2013,6.55,4,0.8195057690895077,0.5919187283518684,115.88,2,1,5.063860055333554,4.005513348515485,8.195057690895077,3.5,0.6297
India_Kedarnath_2013,2013-06-18,30.74,79.07,3.3,53.9,9.1,1.1,99,4.5,11.0,3.19,0.49,3622.0,0.94,0,1,6,2013,0.3,4,0.8195057690895077,0.5907131912269156,23.540000000000003,2,0,1.4586150226995167,4.005513348515485,8.195057690895077,8.0,0.5313
India_Kedarnath_2013,2013-06-19,30.74,79.07,0.0,53.9,9.9,0.9,97,5.5,0.0,4.39,0.488,3622.0,0.94,0,1,6,2013,0.0,4,0.8195057690895077,0.5883021169770097,21.560000000000002,2,0,0.0,4.005513348515485,8.195057690895077,9.0,0.5254
India_Uttarakhand_2021,2021-10-17,30.51,79.42,1.4,0.0,18.0,6.9,79,6.8,7.0,1.69,0.292,2545.0,93.84,0,1,10,2021,0.19999999999999998,3,0.7842278779117352,0.3676526701225297,0.84,3,0,0.8754687373538999,0.0,7.842278779117352,11.1,0.3845
India_Uttarakhand_2021,2021-10-18,30.51,79.42,104.6,0.0,13.1,10.2,91,6.5,24.0,0.47,0.404,2545.0,93.41,0,1,10,2021,4.358333333333333,3,0.7842278779117352,0.5086701326352809,62.75999999999999,3,1,4.659658371272161,0.0,7.842278779117352,2.9000000000000004,0.494
India_Uttarakhand_2021,2021-10-19,30.51,79.42,74.8,0.0,13.6,8.1,91,10.4,19.0,0.77,0.427,2545.0,105.66,0,1,10,2021,3.9368421052631577,3,0.7842278779117352,0.5376290758298636,44.879999999999995,3,1,4.328098292648326,0.0,7.842278779117352,5.5,0.4789
India_Uttarakhand_2021,2021-10-20,30.51,79.42,1.1,0.0,16.0,5.5,92,8.0,4.0,2.24,0.409,2545.0,120.34,0,1,10,2021,0.275,3,0.7842278779117352,0.5149655550688857,0.66,3,0,0.7419373447293773,0.0,7.842278779117352,10.5,0.4284
India_Uttarakhand_2021,2021-10-21,30.51,79.42,0.0,0.0,16.9,4.0,80,7.7,0.0,3.08,0.396,2545.0,119.23,0,1,10,2021,0.0,3,0.7842278779117352,0.49859745674151296,0.0,3,0,0.0,0.0,7.842278779117352,12.899999999999999,0.4054
India_Chamoli_2021,2021-02-07,30.43,79.57,0.0,18.0,4.1,-11.9,31,10.3,0.0,2.94,0.334,3517.0,0.28,0,1,2,2021,0.0,4,0.8165647925297504,0.4040820550531474,7.2,0,0,0.0,2.9444389791664403,8.165647925297504,16.0,0.3682
India_Chamoli_2021,2021-02-08,30.43,79.57,0.0,18.0,5.6,-1.7,38,7.9,0.0,3.16,0.347,3517.0,0.28,0,1,2,2021,0.0,4,0.8165647925297504,0.41980979971090465,7.2,0,0,0.0,2.9444389791664403,8.165647925297504,7.3,0.3822
India_Chamoli_2021,2021-02-09,30.43,79.57,0.0,18.0,6.3,2.5,52,8.6,0.0,2.83,0.365,3517.0,0.28,0,1,2,2021,0.0,4,0.8165647925297504,0.44158667692933773,7.2,0,0,0.0,2.9444389791664403,8.165647925297504,3.8,0.4088
India_Chamoli_2021,2021-02-10,30.43,79.57,2.9,18.0,2.0,-8.7,70,8.6,5.0,2.14,0.37,3517.0,0.28,0,1,2,2021,0.58,4,0.8165647925297504,0.4476358094900136,8.94,0,0,1.3609765531356006,2.9444389791664403,8.165647925297504,10.7,0.4413
India_Chamoli_2021,2021-02-11,30.43,79.57,0.0,18.0,2.9,-4.9,65,8.4,0.0,2.86,0.374,3517.0,0.28,0,1,2,2021,0.0,4,0.8165647925297504,0.4524751155385543,7.2,0,0,0.0,2.9444389791664403,8.165647925297504,7.800000000000001,0.432
India_Uttarakhand_2022,2022-10-18,30.51,79.42,3.0,4.6,13.1,3.2,88,9.4,6.0,2.53,0.36,2545.0,126.35,0,1,10,2022,0.5,3,0.7842278779117352,0.4532704152195572,3.6399999999999997,3,0,1.3862943611198906,1.7227665977411035,7.842278779117352,9.899999999999999,0.4153
India_Uttarakhand_2022,2022-10-19,30.51,79.42,1.0,4.6,11.3,1.8,82,6.6,7.0,2.26,0.362,2545.0,122.31,0,1,10,2022,0.14285714285714285,3,0.7842278779117352,0.45578858419299917,2.44,3,0,0.6931471805599453,1.7227665977411035,7.842278779117352,9.5,0.4045
India_Uttarakhand_2022,2022-10-20,30.51,79.42,1.9,4.6,11.6,1.1,75,5.6,4.0,2.32,0.363,2545.0,118.67,0,1,10,2022,0.475,3,0.7842278779117352,0.4570476686797202,2.9799999999999995,3,0,1.0647107369924282,1.7227665977411035,7.842278779117352,10.5,0.3937
India_Uttarakhand_2022,2022-10-21,30.51,79.42,1.9,4.6,12.2,-0.2,79,6.9,3.0,2.67,0.362,2545.0,115.68,0,1,10,2022,0.6333333333333333,3,0.7842278779117352,0.45578858419299917,2.9799999999999995,3,0,1.0647107369924282,1.7227665977411035,7.842278779117352,12.399999999999999,0.4001
India_Uttarakhand_2022,2022-10-22,30.51,79.42,0.0,4.6,13.0,0.0,76,8.6,0.0,2.89,0.361,2545.0,112.5,0,1,10,2022,0.0,3,0.7842278779117352,0.45452949970627815,1.8399999999999999,3,0,0.0,1.7227665977411035,7.842278779117352,13.0,0.3937
India_Joshimath_2023,2023-07-25,30.56,79.57,2.3,31.3,27.2,20.3,100,8.2,11.0,3.98,0.383,1566.0,4.87,0,1,7,2023,0.20909090909090908,3,0.7356918242356021,0.513617003099917,13.900000000000002,2,0,1.1939224684724346,3.475067230228611,7.356918242356021,6.899999999999999,0.3979
India_Joshimath_2023,2023-07-26,30.56,79.57,23.2,31.3,25.5,20.5,98,7.4,15.0,2.66,0.407,1566.0,5.12,0,1,7,2023,1.5466666666666666,3,0.7356918242356021,0.5458018805787629,26.44,2,0,3.186352633162641,3.475067230228611,7.356918242356021,5.0,0.4131
India_Joshimath_2023,2023-07-27,30.56,79.57,6.4,31.3,25.7,20.3,96,8.0,12.0,3.4,0.394,1566.0,5.27,0,1,7,2023,0.5333333333333333,3,0.7356918242356021,0.5283684052777214,16.36,2,0,2.0014800002101243,3.475067230228611,7.356918242356021,5.399999999999999,0.3962
India_Joshimath_2023,2023-07-28,30.56,79.57,5.8,31.3,25.8,20.9,98,5.9,17.0,3.7,0.384,1566.0,5.35,0,1,7,2023,0.3411764705882353,3,0.7356918242356021,0.5149580396615356,16.0,2,0,1.916922612182061,3.475067230228611,7.356918242356021,4.900000000000002,0.3971
India_Joshimath_2023,2023-07-29,30.56,79.57,5.2,31.3,25.7,21.0,98,5.2,15.0,2.06,0.395,1566.0,5.37,0,1,7,2023,0.3466666666666667,3,0.7356918242356021,0.52970944183934,15.64,2,0,1.824549292051046,3.475067230228611,7.356918242356021,4.699999999999999,0.3989
India_Kinnaur_HP_2021,2021-08-11,31.52,78.47,4.1,35.8,12.2,4.0,100,7.4,7.0,4.08,0.385,4321.0,17.45,0,1,8,2021,0.5857142857142856,4,0.8371473537066831,0.45446639042834414,16.78,2,0,1.62924053973028,3.6054978451748854,8.371473537066832,8.2,0.5408
India_Kinnaur_HP_2021,2021-08-12,31.52,78.47,1.6,35.8,12.1,4.2,94,7.2,6.0,3.89,0.374,4321.0,17.28,0,1,8,2021,0.26666666666666666,4,0.8371473537066831,0.4414816364161057,15.280000000000001,2,0,0.9555114450274363,3.6054978451748854,8.371473537066832,7.8999999999999995,0.5271
India_Kinnaur_HP_2021,2021-08-13,31.52,78.47,2.8,35.8,12.0,4.0,100,5.2,9.0,3.86,0.369,4321.0,17.11,0,1,8,2021,0.3111111111111111,4,0.8371473537066831,0.4355794755014519,16.0,2,0,1.33500106673234,3.6054978451748854,8.371473537066832,8.0,0.5368
India_Kinnaur_HP_2021,2021-08-14,31.52,78.47,3.4,35.8,10.6,4.2,99,5.2,12.0,3.67,0.374,4321.0,16.99,0,1,8,2021,0.2833333333333333,4,0.8371473537066831,0.4414816364161057,16.36,2,0,1.4816045409242156,3.6054978451748854,8.371473537066832,6.3999999999999995,0.5366
India_Kinnaur_HP_2021,2021-08-15,31.52,78.47,1.5,35.8,11.2,3.1,100,8.1,6.0,4.03,0.374,4321.0,16.78,0,1,8,2021,0.25,4,0.8371473537066831,0.4414816364161057,15.22,2,0,0.9162907318741551,3.6054978451748854,8.371473537066832,8.1,0.537
India_HP_Mandi_2023,2023-08-14,31.72,76.93,27.4,62.8,26.6,22.8,98,10.5,24.0,2.01,0.422,769.0,480.95,0,1,8,2023,1.1416666666666666,2,0.6646390514847729,0.6255196746634298,41.56,2,0,3.3463891451671604,4.155753190350744,6.646390514847729,3.8000000000000007,0.3851
India_HP_Mandi_2023,2023-08-15,31.72,76.93,6.8,62.8,30.5,21.5,100,6.9,14.0,4.43,0.407,769.0,531.11,0,1,8,2023,0.4857142857142857,2,0.6646390514847729,0.6032855630047771,29.200000000000003,2,0,2.0541237336955462,4.155753190350744,6.646390514847729,9.0,0.3719
India_HP_Mandi_2023,2023-08-16,31.72,76.93,0.9,62.8,30.7,21.1,95,5.9,4.0,4.6,0.374,769.0,575.77,0,1,8,2023,0.225,2,0.6646390514847729,0.554370517355741,25.66,2,0,0.6418538861723948,4.155753190350744,6.646390514847729,9.599999999999998,0.3534
India_HP_Mandi_2023,2023-08-17,31.72,76.93,1.1,62.8,30.4,22.3,100,7.6,7.0,4.33,0.358,769.0,563.94,0,1,8,2023,0.15714285714285717,2,0.6646390514847729,0.5306541315865115,25.78,2,0,0.7419373447293773,4.155753190350744,6.646390514847729,8.099999999999998,0.3586
India_HP_Mandi_2023,2023-08-18,31.72,76.93,0.0,62.8,31.4,21.5,100,5.2,0.0,4.68,0.343,769.0,548.54,0,1,8,2023,0.0,2,0.6646390514847729,0.5084200199278589,25.12,2,0,0.0,4.155753190350744,6.646390514847729,9.899999999999999,0.355
India_HP_Shimla_2023,2023-08-13,31.1,77.17,21.6,27.4,21.7,17.6,100,12.9,23.0,1.82,0.51,1940.0,1.68,0,1,8,2023,0.9391304347826087,3,0.757095858316901,0.664845200857948,23.92,2,0,3.1179499062782403,3.3463891451671604,7.57095858316901,4.099999999999998,0.4537
India_HP_Shimla_2023,2023-08-14,31.1,77.17,51.0,27.4,18.9,16.7,100,7.0,24.0,1.01,0.51,1940.0,1.65,0,1,8,2023,2.125,3,0.757095858316901,0.664845200857948,41.56,2,1,3.9512437185814275,3.3463891451671604,7.57095858316901,2.1999999999999993,0.4731
India_HP_Shimla_2023,2023-08-15,31.1,77.17,1.2,27.4,22.7,15.6,100,12.4,8.0,3.8,0.494,1940.0,1.7,0,1,8,2023,0.15,3,0.757095858316901,0.643987312203581,11.680000000000001,2,0,0.7884573603642702,3.3463891451671604,7.57095858316901,7.1,0.4372
India_HP_Shimla_2023,2023-08-16,31.1,77.17,0.9,27.4,23.0,14.4,100,14.3,7.0,4.08,0.487,1940.0,1.78,0,1,8,2023,0.1285714285714286,3,0.757095858316901,0.6348619859172954,11.5,2,0,0.6418538861723948,3.3463891451671604,7.57095858316901,8.6,0.4356
India_HP_Shimla_2023,2023-08-17,31.1,77.17,2.1,27.4,22.5,14.9,100,16.3,8.0,3.9,0.48,1940.0,1.85,0,1,8,2023,0.2625,3,0.757095858316901,0.6257366596310098,12.22,2,0,1.1314021114911006,3.3463891451671604,7.57095858316901,7.6,0.435
India_HP_Kullu_2023,2023-08-14,31.95,77.1,54.8,68.0,23.0,19.0,99,6.4,22.0,1.83,0.507,1663.0,106.4,0,1,8,2023,2.4909090909090907,3,0.7416979621381155,0.6744730271157032,60.08,2,1,4.021773869387265,4.23410650459726,7.416979621381154,4.0,0.4739
India_HP_Kullu_2023,2023-08-15,31.95,77.1,5.9,68.0,25.1,18.9,100,5.4,14.0,3.06,0.499,1663.0,107.39,0,1,8,2023,0.42142857142857143,3,0.7416979621381155,0.6638304546957315,30.740000000000002,2,0,1.9315214116032138,4.23410650459726,7.416979621381154,6.200000000000003,0.4417
India_HP_Kullu_2023,2023-08-16,31.95,77.1,0.9,68.0,24.8,18.9,95,5.7,5.0,4.3,0.476,1663.0,116.49,0,1,8,2023,0.18,3,0.7416979621381155,0.6332330589883131,27.740000000000002,2,0,0.6418538861723948,4.23410650459726,7.416979621381154,5.900000000000002,0.4257
India_HP_Kullu_2023,2023-08-17,31.95,77.1,0.6,68.0,25.5,18.3,100,6.6,3.0,4.24,0.461,1663.0,123.17,0,1,8,2023,0.19999999999999998,3,0.7416979621381155,0.6132782357008663,27.560000000000002,2,0,0.4700036292457356,4.23410650459726,7.416979621381154,7.199999999999999,0.4308
India_HP_Kullu_2023,2023-08-18,31.95,77.1,5.8,68.0,26.5,17.5,100,6.4,7.0,4.69,0.459,1663.0,116.49,0,1,8,2023,0.8285714285714285,3,0.7416979621381155,0.6106175925958733,30.680000000000003,2,0,1.916922612182061,4.23410650459726,7.416979621381154,9.0,0.4339
India_Kerala_Landslide_2018,2018-08-15,9.55,76.62,117.9,195.2,23.6,22.3,100,23.9,24.0,0.58,0.512,45.0,7.34,0,1,8,2018,4.9125000000000005,0,0.38286413964890953,1.3032495163787625,148.82,2,0,4.778282803696737,5.279134547131263,3.828641396489095,1.3000000000000007,0.4477
India_Kerala_Landslide_2018,2018-08-16,9.55,76.62,81.4,195.2,25.0,22.2,100,18.1,24.0,1.12,0.513,45.0,8.68,0,1,8,2018,3.391666666666667,0,0.38286413964890953,1.30579492559044,126.92,2,0,4.411585436915426,5.279134547131263,3.828641396489095,2.8000000000000007,0.4239
India_Kerala_Landslide_2018,2018-08-17,9.55,76.62,41.0,195.2,25.6,22.1,100,18.4,24.0,1.72,0.509,45.0,8.16,0,1,8,2018,1.7083333333333333,0,0.38286413964890953,1.2956132887437308,102.67999999999999,2,0,3.7376696182833684,5.279134547131263,3.828641396489095,3.5,0.3965
India_Kerala_Landslide_2018,2018-08-18,9.55,76.62,34.3,195.2,26.1,22.6,100,19.0,24.0,1.86,0.511,45.0,7.49,0,1,8,2018,1.4291666666666665,0,0.38286413964890953,1.3007041071670853,98.66,2,0,3.563882963939251,5.279134547131263,3.828641396489095,3.5,0.3924
India_Kerala_Landslide_2018,2018-08-19,9.55,76.62,21.6,195.2,26.4,22.6,100,20.7,23.0,2.2,0.505,45.0,6.96,0,1,8,2018,0.9391304347826087,0,0.38286413964890953,1.2854316518970217,91.03999999999999,2,0,3.1179499062782403,5.279134547131263,3.828641396489095,3.799999999999997,0.3829
India_Kerala_Munnar_2021,2021-10-16,10.09,77.06,45.6,110.6,19.5,16.9,100,14.5,23.0,1.4,0.424,1485.0,23.43,0,1,10,2021,1.982608695652174,2,0.7303843225277704,0.572675551195368,71.6,3,1,3.8416005411316,4.71492104994721,7.303843225277705,2.6000000000000014,0.4596
India_Kerala_Munnar_2021,2021-10-17,10.09,77.06,55.1,110.6,18.6,17.0,100,14.4,24.0,1.5,0.429,1485.0,23.66,0,1,10,2021,2.2958333333333334,2,0.7303843225277704,0.5794288006198416,77.30000000000001,3,1,4.027135812528651,4.71492104994721,7.303843225277705,1.6000000000000014,0.4668
India_Kerala_Munnar_2021,2021-10-18,10.09,77.06,11.0,110.6,18.6,16.4,100,16.0,18.0,2.12,0.426,1485.0,21.8,0,1,10,2021,0.6111111111111112,2,0.7303843225277704,0.5753768509651574,50.84,3,0,2.4849066497880004,4.71492104994721,7.303843225277705,2.200000000000003,0.4372
India_Kerala_Munnar_2021,2021-10-19,10.09,77.06,11.4,110.6,21.7,15.9,100,8.9,8.0,2.69,0.418,1485.0,19.94,0,1,10,2021,1.425,2,0.7303843225277704,0.5645716518859994,51.08,3,0,2.517696472610991,4.71492104994721,7.303843225277705,5.799999999999999,0.4359
India_Kerala_Munnar_2021,2021-10-20,10.09,77.06,28.3,110.6,22.1,15.8,100,6.6,12.0,2.71,0.42,1485.0,19.51,0,1,10,2021,2.3583333333333334,2,0.7303843225277704,0.567272951655789,61.22,3,0,3.3775875160230218,4.71492104994721,7.303843225277705,6.300000000000001,0.4474
India_Kerala_Wayanad_2019,2019-08-08,11.61,76.08,62.2,141.9,22.4,19.5,100,17.4,24.0,1.46,0.51,755.0,10.14,0,1,8,2019,2.591666666666667,2,0.6628041376179533,0.7580214976168883,94.08000000000001,2,1,4.146304301152812,4.9621450849358215,6.628041376179533,2.8999999999999986,0.4571
India_Kerala_Wayanad_2019,2019-08-09,11.61,76.08,46.3,141.9,22.3,19.4,100,13.5,24.0,1.35,0.511,755.0,10.64,0,1,8,2019,1.9291666666666665,2,0.6628041376179533,0.7595078142788823,84.54,2,1,3.856510295497887,4.9621450849358215,6.628041376179533,2.900000000000002,0.4468
India_Kerala_Wayanad_2019,2019-08-10,11.61,76.08,52.7,141.9,22.6,19.1,100,11.8,24.0,1.19,0.512,755.0,10.94,0,1,8,2019,2.1958333333333333,2,0.6628041376179533,0.7609941309408761,88.38000000000001,2,1,3.983413001514819,4.9621450849358215,6.628041376179533,3.5,0.4512
India_Kerala_Wayanad_2019,2019-08-11,11.61,76.08,12.9,141.9,24.2,19.0,100,15.2,20.0,3.06,0.506,755.0,7.15,0,1,8,2019,0.645,2,0.6628041376179533,0.7520762309689127,64.5,2,0,2.631888840136646,4.9621450849358215,6.628041376179533,5.199999999999999,0.4238
India_Kerala_Wayanad_2019,2019-08-12,11.61,76.08,11.5,141.9,24.0,18.9,100,12.2,23.0,2.59,0.505,755.0,6.05,0,1,8,2019,0.5,2,0.6628041376179533,0.7505899143069188,63.660000000000004,2,0,2.5257286443082556,4.9621450849358215,6.628041376179533,5.100000000000001,0.4227
India_Raigad_MH_2021,2021-07-22,18.51,73.31,57.0,388.6,26.2,24.2,96,12.7,24.0,0.87,0.509,68.0,10.8,0,1,7,2021,2.375,0,0.423410650459726,1.1744058422655168,189.64000000000001,2,0,4.060443010546419,5.96512057176838,4.23410650459726,2.0,0.4784
India_Raigad_MH_2021,2021-07-23,18.51,73.31,73.7,388.6,24.7,22.8,99,9.2,24.0,0.73,0.51,68.0,10.94,0,1,7,2021,3.0708333333333333,0,0.423410650459726,1.1767131228986514,199.66000000000003,2,0,4.3134800921387715,5.96512057176838,4.23410650459726,1.8999999999999986,0.4946
India_Raigad_MH_2021,2021-07-24,18.51,73.31,32.1,388.6,27.7,23.1,98,15.8,24.0,2.32,0.51,68.0,10.46,0,1,7,2021,1.3375000000000001,0,0.423410650459726,1.1767131228986514,174.70000000000002,2,0,3.4995332823830174,5.96512057176838,4.23410650459726,4.599999999999998,0.4655
India_Raigad_MH_2021,2021-07-25,18.51,73.31,25.1,388.6,28.2,24.3,97,12.1,24.0,2.01,0.507,68.0,9.84,0,1,7,2021,1.0458333333333334,0,0.423410650459726,1.1697912809992477,170.50000000000003,2,0,3.261935314328648,5.96512057176838,4.23410650459726,3.8999999999999986,0.4587
India_Raigad_MH_2021,2021-07-26,18.51,73.31,25.1,388.6,27.9,24.2,97,15.0,24.0,2.34,0.512,68.0,9.45,0,1,7,2021,1.0458333333333334,0,0.423410650459726,1.1813276841649207,170.50000000000003,2,0,3.261935314328648,5.96512057176838,4.23410650459726,3.6999999999999993,0.4596
India_Malin_MH_2014,2014-07-30,19.0,73.44,92.7,283.6,25.2,23.9,99,15.0,24.0,0.95,0.439,109.0,68.34,0,1,7,2014,3.8625000000000003,1,0.47004803657924166,0.9144918144614349,169.06,2,0,4.540098189244376,5.651084685655752,4.700480365792417,1.3000000000000007,0.4616
India_Malin_MH_2014,2014-07-31,19.0,73.44,70.7,283.6,25.5,23.9,100,14.2,24.0,0.87,0.441,109.0,67.71,0,1,7,2014,2.9458333333333333,1,0.47004803657924166,0.9186580641856328,155.86,2,0,4.272490747605575,5.651084685655752,4.700480365792417,1.6000000000000014,0.4492
India_Malin_MH_2014,2014-08-01,19.0,73.44,28.7,283.6,27.2,24.0,99,17.0,24.0,2.26,0.438,109.0,56.68,0,1,8,2014,1.1958333333333333,1,0.47004803657924166,0.912408689599336,130.66000000000003,2,0,3.391147045808654,5.651084685655752,4.700480365792417,3.1999999999999993,0.4193
India_Malin_MH_2014,2014-08-02,19.0,73.44,12.9,283.6,27.4,23.8,98,19.3,23.0,2.74,0.443,109.0,42.05,0,1,8,2014,0.5608695652173913,1,0.47004803657924166,0.9228243139098307,121.18,2,0,2.631888840136646,5.651084685655752,4.700480365792417,3.599999999999998,0.4082
India_Malin_MH_2014,2014-08-03,19.0,73.44,25.7,283.6,27.4,23.6,99,17.8,24.0,2.35,0.438,109.0,35.9,0,1,8,2014,1.0708333333333333,1,0.47004803657924166,0.912408689599336,128.86,2,0,3.2846635654062037,5.651084685655752,4.700480365792417,3.799999999999997,0.4173
India_Pune_MH_2023,2023-07-20,18.52,73.85,3.5,85.6,26.5,22.6,93,32.3,19.0,3.51,0.493,542.0,747.17,0,1,7,2023,0.18421052631578946,2,0.6297109319933936,0.7706605833102932,36.34,2,0,1.5040773967762742,4.461299815568389,6.297109319933935,3.8999999999999986,0.3687
India_Pune_MH_2023,2023-07-21,18.52,73.85,13.3,85.6,26.4,22.7,92,25.3,20.0,2.52,0.488,542.0,495.59,0,1,7,2023,0.665,2,0.6297109319933936,0.7628445530535966,42.22,2,0,2.6602595372658615,4.461299815568389,6.297109319933935,3.6999999999999993,0.3726
India_Pune_MH_2023,2023-07-22,18.52,73.85,11.5,85.6,27.1,22.6,94,29.2,23.0,2.79,0.501,542.0,644.65,0,1,7,2023,0.5,2,0.6297109319933936,0.7831662317210079,41.14,2,0,2.5257286443082556,4.461299815568389,6.297109319933935,4.5,0.3772
India_Pune_MH_2023,2023-07-23,18.52,73.85,8.4,85.6,25.9,22.5,93,28.7,23.0,2.27,0.501,542.0,817.46,0,1,7,2023,0.3652173913043478,2,0.6297109319933936,0.7831662317210079,39.28,2,0,2.2407096892759584,4.461299815568389,6.297109319933935,3.3999999999999986,0.3735
India_Pune_MH_2023,2023-07-24,18.52,73.85,11.5,85.6,26.2,22.8,93,28.7,22.0,3.14,0.503,542.0,1050.96,1,1,7,2023,0.5227272727272727,2,0.6297109319933936,0.7862926438236866,41.14,2,0,2.5257286443082556,4.461299815568389,6.297109319933935,3.3999999999999986,0.3759
India_Sikkim_2023,2023-10-04,27.33,88.61,27.7,23.3,18.5,15.3,100,5.1,23.0,0.81,0.421,1551.0,2.85,0,1,10,2023,1.2043478260869565,3,0.7347299700743164,0.5653055696925806,25.939999999999998,3,0,3.3568971227655755,3.190476350346503,7.347299700743164,3.1999999999999993,0.4183
India_Sikkim_2023,2023-10-05,27.33,88.61,3.2,23.3,20.9,15.9,100,7.1,11.0,2.08,0.412,1551.0,3.4,0,1,10,2023,0.29090909090909095,3,0.7347299700743164,0.5532206525257559,11.24,3,0,1.4350845252893227,3.190476350346503,7.347299700743164,4.999999999999998,0.4004
India_Sikkim_2023,2023-10-06,27.33,88.61,9.2,23.3,21.2,15.2,99,5.8,11.0,2.18,0.405,1551.0,3.45,0,1,10,2023,0.8363636363636363,3,0.7347299700743164,0.5438212725071144,14.84,3,0,2.322387720290225,3.190476350346503,7.347299700743164,6.0,0.4013
India_Sikkim_2023,2023-10-07,27.33,88.61,28.6,23.3,22.0,15.1,100,6.6,17.0,3.06,0.412,1551.0,3.12,0,1,10,2023,1.6823529411764706,3,0.7347299700743164,0.5532206525257559,26.48,3,0,3.3877743613300146,3.190476350346503,7.347299700743164,6.9,0.4171
India_Sikkim_2023,2023-10-08,27.33,88.61,19.5,23.3,22.5,14.7,100,6.2,23.0,2.97,0.425,1551.0,2.8,0,1,10,2023,0.8478260869565217,3,0.7347299700743164,0.5706766439889472,21.02,3,0,3.0204248861443626,3.190476350346503,7.347299700743164,7.800000000000001,0.4136
India_Assam_2022,2022-06-17,25.45,92.45,51.7,111.5,20.7,18.9,99,39.6,24.0,0.91,0.51,1108.0,62.39,0,1,6,2022,2.154166666666667,2,0.7011213987350368,0.717177124619232,75.62,2,1,3.9646154555473165,4.722953221644475,7.011213987350367,1.8000000000000007,0.4581
India_Assam_2022,2022-06-18,25.45,92.45,31.1,111.5,23.0,18.7,98,33.5,20.0,1.86,0.507,1108.0,41.76,0,1,6,2022,1.5550000000000002,2,0.7011213987350368,0.7129584356508836,63.260000000000005,2,1,3.4688560301359703,4.722953221644475,7.011213987350367,4.300000000000001,0.4423
India_Assam_2022,2022-06-19,25.45,92.45,14.6,111.5,23.6,18.8,98,29.7,12.0,2.86,0.497,1108.0,29.06,0,1,6,2022,1.2166666666666666,2,0.7011213987350368,0.6988961390897221,53.36,2,0,2.747270914255491,4.722953221644475,7.011213987350367,4.800000000000001,0.4294
India_Assam_2022,2022-06-20,25.45,92.45,4.5,111.5,23.9,18.9,99,23.2,7.0,3.3,0.489,1108.0,23.43,0,1,6,2022,0.6428571428571429,2,0.7011213987350368,0.687646301840793,47.300000000000004,2,0,1.7047480922384253,4.722953221644475,7.011213987350367,5.0,0.4229
India_Assam_2022,2022-06-21,25.45,92.45,0.4,111.5,24.5,19.2,98,24.5,2.0,3.49,0.478,1108.0,20.43,0,1,6,2022,0.2,2,0.7011213987350368,0.6721777756235154,44.84,2,0,0.33647223662121295,4.722953221644475,7.011213987350367,5.300000000000001,0.4164
India_Manipur_2022,2022-05-01,24.82,93.95,9.3,6.8,29.5,17.6,98,10.4,7.0,4.32,0.378,781.0,3.25,0,1,5,2022,1.3285714285714287,2,0.6661854740545311,0.559018219858293,8.3,1,0,2.33214389523559,2.0541237336955462,6.661854740545311,11.899999999999999,0.3445
India_Manipur_2022,2022-05-02,24.82,93.95,3.2,6.8,27.0,18.5,96,11.8,5.0,3.88,0.407,781.0,3.12,0,1,5,2022,0.64,2,0.6661854740545311,0.6019058610643525,4.640000000000001,1,0,1.4350845252893227,2.0541237336955462,6.661854740545311,8.5,0.3428
India_Manipur_2022,2022-05-03,24.82,93.95,23.8,6.8,28.8,17.4,94,8.8,13.0,3.43,0.447,781.0,6.82,0,1,5,2022,1.830769230769231,2,0.6661854740545311,0.6610612282451244,17.0,1,0,3.2108436531709366,2.0541237336955462,6.661854740545311,11.400000000000002,0.3609
India_Manipur_2022,2022-05-04,24.82,93.95,31.0,6.8,25.0,17.7,95,10.5,13.0,3.11,0.491,781.0,12.06,0,1,5,2022,2.3846153846153846,2,0.6661854740545311,0.7261321321439733,21.319999999999997,1,1,3.4657359027997265,2.0541237336955462,6.661854740545311,7.300000000000001,0.3758
India_Manipur_2022,2022-05-05,24.82,93.95,0.2,6.8,25.9,16.7,99,7.4,2.0,4.05,0.453,781.0,6.31,0,1,5,2022,0.1,2,0.6661854740545311,0.6699345333222402,2.8400000000000003,1,0,0.18232155679395465,2.0541237336955462,6.661854740545311,9.2,0.3547
India_Nagaland_2022,2022-06-24,26.2,94.5,3.2,147.5,26.1,21.3,95,6.6,11.0,2.55,0.484,888.0,6.43,0,1,6,2022,0.29090909090909095,2,0.6790097235513904,0.7024574305066399,60.92,2,0,1.4350845252893227,5.000584958242754,6.790097235513905,4.800000000000001,0.4151
India_Nagaland_2022,2022-06-25,26.2,94.5,2.9,147.5,25.9,21.2,94,6.4,11.0,2.18,0.488,888.0,6.16,0,1,6,2022,0.2636363636363636,2,0.6790097235513904,0.7082628638166121,60.74,2,0,1.3609765531356006,5.000584958242754,6.790097235513905,4.699999999999999,0.414
India_Nagaland_2022,2022-06-26,26.2,94.5,1.1,147.5,27.8,20.7,92,11.0,6.0,4.31,0.47,888.0,5.79,0,1,6,2022,0.18333333333333335,2,0.6790097235513904,0.682138413921737,59.66,2,0,0.7419373447293773,5.000584958242754,6.790097235513905,7.100000000000001,0.406
India_Nagaland_2022,2022-06-27,26.2,94.5,2.9,147.5,28.2,21.3,88,11.8,10.0,3.6,0.478,888.0,5.46,0,1,6,2022,0.29,2,0.6790097235513904,0.6937492805416815,60.74,2,0,1.3609765531356006,5.000584958242754,6.790097235513905,6.899999999999999,0.4022
India_Nagaland_2022,2022-06-28,26.2,94.5,7.8,147.5,24.5,21.6,89,5.8,10.0,1.61,0.497,888.0,5.22,0,1,6,2022,0.78,2,0.6790097235513904,0.7213250887640497,63.68,2,0,2.174751721484161,5.000584958242754,6.790097235513905,2.8999999999999986,0.4107
India_Arunachal_2022,2022-07-09,28.21,94.73,22.5,33.1,32.0,22.9,96,7.9,16.0,4.25,0.416,450.0,3.95,0,1,7,2022,1.40625,1,0.6111467339502679,0.66972903061792,26.740000000000002,2,0,3.1570004211501135,3.529297384289471,6.111467339502679,9.100000000000001,0.3452
India_Arunachal_2022,2022-07-10,28.21,94.73,2.9,33.1,32.7,23.0,93,8.1,9.0,4.97,0.415,450.0,3.75,0,1,7,2022,0.3222222222222222,1,0.6111467339502679,0.66811910506355,14.980000000000002,2,0,1.3609765531356006,3.529297384289471,6.111467339502679,9.700000000000003,0.3271
India_Arunachal_2022,2022-07-11,28.21,94.73,4.5,33.1,31.0,23.9,93,5.9,6.0,4.32,0.41,450.0,3.58,0,1,7,2022,0.75,1,0.6111467339502679,0.6600694772917001,15.940000000000001,2,0,1.7047480922384253,3.529297384289471,6.111467339502679,7.100000000000001,0.3272
India_Arunachal_2022,2022-07-12,28.21,94.73,4.2,33.1,31.1,23.3,93,6.1,5.0,4.29,0.411,450.0,3.4,0,1,7,2022,0.8400000000000001,1,0.6111467339502679,0.6616794028460701,15.760000000000002,2,0,1.6486586255873816,3.529297384289471,6.111467339502679,7.800000000000001,0.3272
India_Arunachal_2022,2022-07-13,28.21,94.73,0.0,33.1,32.2,23.8,86,5.4,0.0,3.99,0.391,450.0,3.22,0,1,7,2022,0.0,1,0.6111467339502679,0.6294808917586701,13.240000000000002,2,0,0.0,3.529297384289471,6.111467339502679,8.400000000000002,0.309
India_Meghalaya_2022,2022-06-19,25.57,91.88,2.4,221.7,22.6,18.8,98,19.1,9.0,2.96,0.487,1513.0,10.12,0,1,6,2022,0.26666666666666666,3,0.7322510433997393,0.6561122471036072,90.12,2,0,1.2237754316221157,5.405825574263322,7.322510433997394,3.8000000000000007,0.483
India_Meghalaya_2022,2022-06-20,25.57,91.88,2.5,221.7,22.5,17.9,98,13.1,9.0,2.82,0.477,1513.0,7.22,0,1,6,2022,0.2777777777777778,3,0.7322510433997393,0.6426397163622599,90.18,2,0,1.252762968495368,5.405825574263322,7.322510433997394,4.600000000000001,0.4811
India_Meghalaya_2022,2022-06-21,25.57,91.88,1.3,221.7,23.4,18.0,99,13.0,9.0,3.23,0.482,1513.0,6.21,0,1,6,2022,0.14444444444444446,3,0.7322510433997393,0.6493759817329335,89.46000000000001,2,0,0.832909122935104,5.405825574263322,7.322510433997394,5.399999999999999,0.483
India_Meghalaya_2022,2022-06-22,25.57,91.88,5.2,221.7,23.4,16.7,99,10.5,10.0,3.42,0.486,1513.0,5.31,0,1,6,2022,0.52,3,0.7322510433997393,0.6547649940294724,91.80000000000001,2,0,1.824549292051046,5.405825574263322,7.322510433997394,6.699999999999999,0.4863
India_Meghalaya_2022,2022-06-23,25.57,91.88,9.4,221.7,23.6,18.7,97,16.0,9.0,3.53,0.49,1513.0,4.87,0,1,6,2022,1.0444444444444445,3,0.7322510433997393,0.6601540063260113,94.32000000000001,2,0,2.341805806147327,5.405825574263322,7.322510433997394,4.900000000000002,0.4866
India_Ramban_JK_2023,2023-07-08,33.24,75.24,19.9,35.4,26.3,20.1,92,7.6,18.0,1.61,0.494,740.0,1201.26,1,1,7,2023,1.1055555555555554,2,0.6608000625296087,0.7364340398793495,26.1,2,0,3.039749158970765,3.594568774642695,6.608000625296087,6.199999999999999,0.3722
India_Ramban_JK_2023,2023-07-09,33.24,75.24,0.9,35.4,27.5,22.6,92,8.4,6.0,3.3,0.482,740.0,1917.67,1,1,7,2023,0.15,2,0.6608000625296087,0.7185449538903774,14.7,2,0,0.6418538861723948,3.594568774642695,6.608000625296087,4.899999999999999,0.3574
India_Ramban_JK_2023,2023-07-10,33.24,75.24,1.8,35.4,32.4,20.3,81,5.4,3.0,5.44,0.456,740.0,1650.96,1,1,7,2023,0.6,2,0.6608000625296087,0.679785267580938,15.24,2,0,1.0296194171811581,3.594568774642695,6.608000625296087,12.099999999999998,0.3348
India_Ramban_JK_2023,2023-07-11,33.24,75.24,0.2,35.4,32.7,21.7,94,6.8,1.0,5.59,0.43,740.0,1281.33,1,1,7,2023,0.2,2,0.6608000625296087,0.6410255812714986,14.28,2,0,0.18232155679395465,3.594568774642695,6.608000625296087,11.000000000000004,0.3501
India_Ramban_JK_2023,2023-07-12,33.24,75.24,0.0,35.4,33.1,22.4,96,7.2,0.0,5.61,0.402,740.0,1134.01,1,1,7,2023,0.0,2,0.6608000625296087,0.5992843806305639,14.16,2,0,0.0,3.594568774642695,6.608000625296087,10.700000000000003,0.3479
India_JK_2023,2023-07-14,33.73,74.87,0.0,25.9,28.0,16.2,62,10.2,0.0,5.73,0.208,1962.0,3.55,0,1,7,2023,0.0,3,0.7582229194276462,0.2707547441502624,10.36,2,0,0.0,3.292126286607793,7.5822291942764615,11.8,0.3188
India_JK_2023,2023-07-15,33.73,74.87,0.6,25.9,26.1,16.2,74,8.0,3.0,4.55,0.198,1962.0,3.61,0,1,7,2023,0.19999999999999998,3,0.7582229194276462,0.25773768914303824,10.719999999999999,2,0,0.4700036292457356,3.292126286607793,7.5822291942764615,9.900000000000002,0.337
India_JK_2023,2023-07-16,33.73,74.87,12.7,25.9,24.6,16.8,89,9.5,12.0,3.95,0.213,1962.0,3.97,0,1,7,2023,1.0583333333333333,3,0.7582229194276462,0.2772632716538745,17.979999999999997,2,0,2.617395832834079,3.292126286607793,7.5822291942764615,7.800000000000001,0.3726
India_JK_2023,2023-07-17,33.73,74.87,0.6,25.9,26.1,16.1,91,8.0,2.0,4.74,0.212,1962.0,3.66,0,1,7,2023,0.3,3,0.7582229194276462,0.27596156615315204,10.719999999999999,2,0,0.4700036292457356,3.292126286607793,7.5822291942764615,10.0,0.3678
India_JK_2023,2023-07-18,33.73,74.87,0.0,25.9,28.0,16.6,72,11.0,0.0,5.17,0.192,1962.0,3.46,0,1,7,2023,0.0,3,0.7582229194276462,0.24992745613870376,10.36,2,0,0.0,3.292126286607793,7.5822291942764615,11.399999999999999,0.3322
India_Goa_2021,2021-07-25,15.49,73.82,14.6,304.6,27.0,24.9,95,21.7,24.0,2.89,0.329,7.0,13.32,0,1,7,2021,0.6083333333333333,0,0.20794415416798356,1.5095610215193869,130.60000000000002,2,0,2.747270914255491,5.722277057292366,2.0794415416798357,2.1000000000000014,0.354
India_Goa_2021,2021-07-26,15.49,73.82,15.7,304.6,27.0,24.7,95,21.8,24.0,2.93,0.326,7.0,12.0,0,1,7,2021,0.6541666666666667,0,0.20794415416798356,1.4957960274021889,131.26000000000002,2,0,2.8154087194227095,5.722277057292366,2.0794415416798357,2.3000000000000007,0.3541
India_Goa_2021,2021-07-27,15.49,73.82,12.4,304.6,26.9,24.6,94,23.1,24.0,2.82,0.314,7.0,10.83,0,1,7,2021,0.5166666666666667,0,0.20794415416798356,1.4407360509333964,129.28000000000003,2,0,2.5952547069568657,5.722277057292366,2.0794415416798357,2.299999999999997,0.348
India_Goa_2021,2021-07-28,15.49,73.82,10.9,304.6,27.6,25.0,93,21.3,22.0,3.22,0.309,7.0,9.86,0,1,7,2021,0.4954545454545455,0,0.20794415416798356,1.4177943940713997,128.38000000000002,2,0,2.4765384001174837,5.722277057292366,2.0794415416798357,2.6000000000000014,0.3444
India_Goa_2021,2021-07-29,15.49,73.82,7.7,304.6,27.8,25.0,95,24.8,19.0,3.06,0.303,7.0,9.07,0,1,7,2021,0.4052631578947368,0,0.20794415416798356,1.3902644058370035,126.46000000000002,2,0,2.163323025660538,5.722277057292366,2.0794415416798357,2.8000000000000007,0.3444
India_Karnataka_2020,2020-08-08,15.33,75.13,4.4,138.9,23.9,21.8,98,28.3,18.0,1.45,0.497,611.0,1.95,0,1,8,2020,0.24444444444444446,2,0.6416732282512326,0.7626521674577629,58.2,2,0,1.6863989535702288,4.940927881671436,6.416732282512326,2.099999999999998,0.4028
India_Karnataka_2020,2020-08-09,15.33,75.13,1.6,138.9,26.5,21.4,98,27.0,11.0,2.99,0.482,611.0,1.11,0,1,8,2020,0.14545454545454548,2,0.6416732282512326,0.7396344964077297,56.52,2,0,0.9555114450274363,4.940927881671436,6.416732282512326,5.100000000000001,0.3981
India_Karnataka_2020,2020-08-10,15.33,75.13,13.9,138.9,23.2,21.0,98,23.7,21.0,1.45,0.498,611.0,0.73,0,1,8,2020,0.6619047619047619,2,0.6416732282512326,0.7641866788610984,63.900000000000006,2,0,2.7013612129514133,4.940927881671436,6.416732282512326,2.1999999999999993,0.4093
India_Karnataka_2020,2020-08-11,15.33,75.13,5.6,138.9,24.4,20.8,98,22.7,24.0,1.71,0.509,611.0,0.94,0,1,8,2020,0.2333333333333333,2,0.6416732282512326,0.7810663042977893,58.92,2,0,1.8870696490323797,4.940927881671436,6.416732282512326,3.599999999999998,0.406
India_Karnataka_2020,2020-08-12,15.33,75.13,3.3,138.9,25.6,21.3,98,29.8,19.0,2.65,0.504,611.0,1.01,0,1,8,2020,0.17368421052631577,2,0.6416732282512326,0.7733937472811117,57.54,2,0,1.4586150226995167,4.940927881671436,6.416732282512326,4.300000000000001,0.4035
Nepal_Jure_2014,2014-08-02,27.82,85.82,17.6,127.7,19.6,15.2,97,6.2,21.0,2.35,0.425,2379.0,210.35,0,1,8,2014,0.8380952380952381,3,0.777485576666552,0.5396924243349784,61.64000000000001,2,0,2.9231615807191558,4.857484114602081,7.77485576666552,4.400000000000002,0.4898
Nepal_Jure_2014,2014-08-03,27.82,85.82,30.1,127.7,18.5,15.5,98,5.0,24.0,1.81,0.428,2379.0,213.78,0,1,8,2014,1.2541666666666667,3,0.777485576666552,0.5435020179185195,69.14,2,1,3.4372078191851885,4.857484114602081,7.77485576666552,3.0,0.5003
Nepal_Jure_2014,2014-08-04,27.82,85.82,17.5,127.7,19.2,14.9,96,5.9,24.0,2.09,0.426,2379.0,203.64,0,1,8,2014,0.7291666666666666,3,0.777485576666552,0.5409622888628254,61.580000000000005,2,0,2.917770732084279,4.857484114602081,7.77485576666552,4.299999999999999,0.4883
Nepal_Jure_2014,2014-08-05,27.82,85.82,6.8,127.7,19.5,15.4,97,8.0,21.0,2.71,0.426,2379.0,193.98,0,1,8,2014,0.3238095238095238,3,0.777485576666552,0.5409622888628254,55.160000000000004,2,0,2.0541237336955462,4.857484114602081,7.77485576666552,4.1,0.4829
Nepal_Jure_2014,2014-08-06,27.82,85.82,10.5,127.7,19.3,14.7,99,7.0,23.0,2.42,0.424,2379.0,187.8,0,1,8,2014,0.45652173913043476,3,0.777485576666552,0.5384225598071314,57.38,2,0,2.4423470353692043,4.857484114602081,7.77485576666552,4.600000000000001,0.4882
Nepal_Sindhupalchok_2021,2021-07-28,27.95,85.68,14.7,143.1,18.4,14.1,98,4.3,13.0,2.66,0.42,2490.0,7.49,0,1,7,2021,1.1307692307692307,3,0.7820439515262181,0.5302736031134216,66.06,2,0,2.7536607123542622,4.970507503005476,7.820439515262181,4.299999999999999,0.5
Nepal_Sindhupalchok_2021,2021-07-29,27.95,85.68,9.0,143.1,19.1,14.4,100,5.2,13.0,2.9,0.421,2490.0,7.32,0,1,7,2021,0.6923076923076923,3,0.7820439515262181,0.5315361593113108,62.64,2,0,2.302585092994046,4.970507503005476,7.820439515262181,4.700000000000001,0.4997
Nepal_Sindhupalchok_2021,2021-07-30,27.95,85.68,9.6,143.1,18.7,14.8,100,3.9,15.0,2.68,0.422,2490.0,7.28,0,1,7,2021,0.64,3,0.7820439515262181,0.5327987155091999,63.0,2,0,2.3608540011180215,4.970507503005476,7.820439515262181,3.8999999999999986,0.5003
Nepal_Sindhupalchok_2021,2021-07-31,27.95,85.68,27.5,143.1,18.6,14.9,100,6.7,18.0,2.91,0.426,2490.0,6.62,0,1,7,2021,1.5277777777777777,3,0.7820439515262181,0.5378489403007563,73.74000000000001,2,0,3.349904087274605,4.970507503005476,7.820439515262181,3.700000000000001,0.5129
Nepal_Sindhupalchok_2021,2021-08-01,27.95,85.68,33.6,143.1,18.8,14.1,100,6.3,23.0,2.99,0.427,2490.0,6.21,0,1,8,2021,1.4608695652173913,3,0.7820439515262181,0.5391114964986454,77.4,2,1,3.543853682063679,4.970507503005476,7.820439515262181,4.700000000000001,0.5171
Nepal_Mustang_2020,2020-05-25,28.8,83.85,0.1,0.1,15.8,8.8,54,10.2,1.0,4.99,0.025,3780.0,0.0,0,1,5,2020,0.1,4,0.8237743803890932,0.029984130704919693,0.1,1,0,0.09531017980432487,0.09531017980432487,8.237743803890933,7.0,0.3525
Nepal_Mustang_2020,2020-05-26,28.8,83.85,1.2,0.1,14.3,6.1,61,9.6,9.0,4.15,0.03,3780.0,0.0,0,1,5,2020,0.13333333333333333,4,0.8237743803890932,0.035980956845903626,0.76,1,0,0.7884573603642702,0.09531017980432487,8.237743803890933,8.200000000000001,0.3657
Nepal_Mustang_2020,2020-05-27,28.8,83.85,0.2,0.1,16.6,3.8,73,10.5,2.0,4.3,0.043,3780.0,0.0,0,1,5,2020,0.1,4,0.8237743803890932,0.051572704812461866,0.16,1,0,0.18232155679395465,0.09531017980432487,8.237743803890933,12.8,0.3874
Nepal_Mustang_2020,2020-05-28,28.8,83.85,1.6,0.1,12.3,6.1,70,8.1,4.0,3.74,0.046,3780.0,0.0,0,1,5,2020,0.4,4,0.8237743803890932,0.05517080049705223,1.0,1,0,0.9555114450274363,0.09531017980432487,8.237743803890933,6.200000000000001,0.3839
Nepal_Mustang_2020,2020-05-29,28.8,83.85,3.2,0.1,10.4,2.7,84,8.4,12.0,2.96,0.074,3780.0,0.0,0,1,5,2020,0.26666666666666666,4,0.8237743803890932,0.08875302688656228,1.96,1,0,1.4350845252893227,0.09531017980432487,8.237743803890933,7.7,0.4135
Nepal_Karnali_2023,2023-10-04,28.65,82.16,7.0,34.5,23.9,16.5,97,6.6,12.0,2.76,0.414,1242.0,392.55,0,1,10,2023,0.5833333333333334,2,0.7125283091510711,0.5729879296860022,18.0,3,0,2.0794415416798357,3.56953269648137,7.1252830915107115,7.399999999999999,0.3855
Nepal_Karnali_2023,2023-10-05,28.65,82.16,0.8,34.5,24.9,17.2,100,6.4,5.0,3.29,0.394,1242.0,430.52,0,1,10,2023,0.16,2,0.7125283091510711,0.5453073533726688,14.280000000000001,3,0,0.5877866649021191,3.56953269648137,7.1252830915107115,7.699999999999999,0.3825
Nepal_Karnali_2023,2023-10-06,28.65,82.16,0.8,34.5,24.8,17.9,100,8.8,5.0,3.26,0.383,1242.0,431.51,0,1,10,2023,0.16,2,0.7125283091510711,0.5300830364003354,14.280000000000001,3,0,0.5877866649021191,3.56953269648137,7.1252830915107115,6.900000000000002,0.3804
Nepal_Karnali_2023,2023-10-07,28.65,82.16,6.1,34.5,24.7,16.1,98,8.5,5.0,3.34,0.381,1242.0,417.79,0,1,10,2023,1.22,2,0.7125283091510711,0.527314978769002,17.46,3,0,1.9600947840472698,3.56953269648137,7.1252830915107115,8.599999999999998,0.3802
Nepal_Karnali_2023,2023-10-08,28.65,82.16,0.1,34.5,24.8,15.6,100,8.3,1.0,3.39,0.375,1242.0,401.72,0,1,10,2023,0.1,2,0.7125283091510711,0.519010805875002,13.860000000000001,3,0,0.09531017980432487,3.56953269648137,7.1252830915107115,9.200000000000001,0.3783
Japan_Atami_2021,2021-07-03,35.1,139.08,122.2,295.0,23.8,21.5,100,19.9,23.0,1.25,0.429,45.0,,0,1,7,2021,5.3130434782608695,0,0.38286413964890953,1.0919805518095491,191.32,2,0,4.81380905109942,5.69035945432406,3.828641396489095,2.3000000000000007,0.4717
Japan_Atami_2021,2021-07-04,35.1,139.08,19.0,295.0,21.8,20.4,100,9.7,23.0,1.04,0.428,45.0,,0,1,7,2021,0.8260869565217391,0,0.38286413964890953,1.0894351425978719,129.4,2,0,2.995732273553991,5.69035945432406,3.828641396489095,1.4000000000000021,0.4034
Japan_Atami_2021,2021-07-05,35.1,139.08,7.6,295.0,26.7,21.3,100,22.0,13.0,2.04,0.422,45.0,,0,1,7,2021,0.5846153846153845,0,0.38286413964890953,1.0741626873278083,122.56,2,0,2.151762203259462,5.69035945432406,3.828641396489095,5.399999999999999,0.3948
Japan_Atami_2021,2021-07-06,35.1,139.08,0.0,295.0,28.2,22.4,95,10.8,0.0,2.24,0.406,45.0,,0,1,7,2021,0.0,0,0.38286413964890953,1.033436139940972,118.0,2,0,0.0,5.69035945432406,3.828641396489095,5.800000000000001,0.3784
Japan_Atami_2021,2021-07-07,35.1,139.08,5.1,295.0,28.2,23.7,98,27.4,11.0,3.0,0.407,45.0,,0,1,7,2021,0.4636363636363636,0,0.38286413964890953,1.0359815491526492,121.06,2,0,1.8082887711792655,5.69035945432406,3.828641396489095,4.5,0.3869
Japan_Kumamoto_2020,2020-07-04,32.79,130.75,116.0,282.0,27.5,22.9,99,20.1,17.0,3.42,0.499,24.0,34.08,0,1,7,2020,6.823529411764706,0,0.32188758248682003,1.5035211509301236,182.4,2,0,4.762173934797756,5.645446897643238,3.2188758248682006,4.600000000000001,0.4664
Japan_Kumamoto_2020,2020-07-05,32.79,130.75,23.7,282.0,26.3,22.6,99,22.5,21.0,2.49,0.498,24.0,29.13,0,1,7,2020,1.1285714285714286,0,0.32188758248682003,1.500508082491386,127.02000000000001,2,0,3.2068032436339315,5.645446897643238,3.2188758248682006,3.6999999999999993,0.4054
Japan_Kumamoto_2020,2020-07-06,32.79,130.75,93.3,282.0,26.1,23.5,100,35.7,24.0,0.87,0.513,24.0,43.98,0,1,7,2020,3.8874999999999997,0,0.32188758248682003,1.5457041090724517,168.78,2,0,4.546481189639412,5.645446897643238,3.2188758248682006,2.6000000000000014,0.4558
Japan_Kumamoto_2020,2020-07-07,32.79,130.75,106.0,282.0,26.7,22.9,100,32.7,24.0,0.95,0.514,24.0,41.56,0,1,7,2020,4.416666666666667,0,0.32188758248682003,1.5487171775111894,176.4,2,0,4.672828834461906,5.645446897643238,3.2188758248682006,3.8000000000000007,0.4644
Japan_Kumamoto_2020,2020-07-08,32.79,130.75,12.7,282.0,27.5,23.0,97,34.2,8.0,3.83,0.489,24.0,27.18,0,1,7,2020,1.5875,0,0.32188758248682003,1.4733904665427464,120.42000000000002,2,0,2.617395832834079,5.645446897643238,3.2188758248682006,4.5,0.3931
Japan_Hiroshima_2018,2018-07-06,34.39,132.45,211.2,215.8,24.4,21.4,99,22.6,24.0,0.61,0.515,10.0,74.68,0,1,7,2018,8.799999999999999,0,0.23978952727983707,2.061735756531738,213.04,2,0,5.357529226179882,5.378975269565491,2.3978952727983707,3.0,0.4972
Japan_Hiroshima_2018,2018-07-07,34.39,132.45,89.3,215.8,25.9,20.9,98,28.8,17.0,2.4,0.508,10.0,30.48,0,1,7,2018,5.252941176470588,0,0.23978952727983707,2.03371216372451,139.9,2,0,4.5031374604229395,5.378975269565491,2.3978952727983707,5.0,0.4138
Japan_Hiroshima_2018,2018-07-08,34.39,132.45,37.2,215.8,25.6,20.9,96,17.5,19.0,1.99,0.504,10.0,15.22,0,1,7,2018,1.9578947368421054,0,0.23978952727983707,2.01769868212038,108.64000000000001,2,0,3.6428355156125294,5.378975269565491,2.3978952727983707,4.700000000000003,0.3754
Japan_Hiroshima_2018,2018-07-09,34.39,132.45,0.0,215.8,29.5,20.8,98,8.8,0.0,4.82,0.483,10.0,10.27,0,1,7,2018,0.0,0,0.23978952727983707,1.9336279036986974,86.32000000000001,2,0,0.0,5.378975269565491,2.3978952727983707,8.7,0.3501
Japan_Hiroshima_2018,2018-07-10,34.39,132.45,0.0,215.8,29.5,21.7,99,7.6,0.0,5.06,0.465,10.0,8.1,0,1,7,2018,0.0,0,0.23978952727983707,1.8615672364801126,86.32000000000001,2,0,0.0,5.378975269565491,2.3978952727983707,7.800000000000001,0.3482
China_Gansu_Zhouqu_2010,2010-08-07,33.78,104.37,2.6,30.3,29.5,21.3,98,8.9,6.0,4.16,0.367,1343.0,0.22,0,1,8,2010,0.43333333333333335,2,0.7203405521083095,0.5025053024107223,13.680000000000001,2,0,1.2809338454620642,3.4436180975461075,7.203405521083095,8.2,0.3792
China_Gansu_Zhouqu_2010,2010-08-08,33.78,104.37,8.7,30.3,27.0,20.8,97,7.0,15.0,3.77,0.4,1343.0,0.22,0,1,8,2010,0.58,2,0.7203405521083095,0.5476897028999699,17.34,2,0,2.272125885509337,3.4436180975461075,7.203405521083095,6.199999999999999,0.388
China_Gansu_Zhouqu_2010,2010-08-09,33.78,104.37,1.3,30.3,28.1,20.8,99,7.9,4.0,3.75,0.385,1343.0,0.17,0,1,8,2010,0.325,2,0.7203405521083095,0.527151339041221,12.9,2,0,0.832909122935104,3.4436180975461075,7.203405521083095,7.300000000000001,0.3835
China_Gansu_Zhouqu_2010,2010-08-10,33.78,104.37,0.5,30.3,29.5,22.2,98,8.5,3.0,3.94,0.372,1343.0,0.12,0,1,8,2010,0.16666666666666666,2,0.7203405521083095,0.509351423696972,12.420000000000002,2,0,0.4054651081081644,3.4436180975461075,7.203405521083095,7.300000000000001,0.3788
China_Gansu_Zhouqu_2010,2010-08-11,33.78,104.37,9.8,30.3,27.6,22.7,99,6.1,13.0,2.92,0.38,1343.0,0.09,0,1,8,2010,0.7538461538461539,2,0.7203405521083095,0.5203052177549714,18.0,2,0,2.379546134130174,3.4436180975461075,7.203405521083095,4.900000000000002,0.3881
China_Sichuan_2019,2019-06-24,32.45,103.68,3.6,34.3,20.8,12.3,100,9.6,10.0,3.56,0.362,2710.0,18.36,0,1,6,2019,0.36,3,0.7905072849498666,0.4522132487809539,15.879999999999999,2,0,1.5260563034950492,3.563882963939251,7.905072849498666,8.5,0.4553
China_Sichuan_2019,2019-06-25,32.45,103.68,1.1,34.3,18.2,12.4,100,9.4,5.0,2.36,0.379,2710.0,16.95,0,1,6,2019,0.22000000000000003,3,0.7905072849498666,0.47344978256348497,14.379999999999999,2,0,0.7419373447293773,3.563882963939251,7.905072849498666,5.799999999999999,0.457
China_Sichuan_2019,2019-06-26,32.45,103.68,0.0,34.3,21.3,8.1,100,11.0,0.0,4.05,0.361,2710.0,14.96,0,1,6,2019,0.0,3,0.7905072849498666,0.4509640409113933,13.719999999999999,2,0,0.0,3.563882963939251,7.905072849498666,13.200000000000001,0.4527
China_Sichuan_2019,2019-06-27,32.45,103.68,1.2,34.3,20.5,12.8,99,10.9,8.0,2.82,0.347,2710.0,13.69,0,1,6,2019,0.15,3,0.7905072849498666,0.43347513073754423,14.44,2,0,0.7884573603642702,3.563882963939251,7.905072849498666,7.699999999999999,0.4492
China_Sichuan_2019,2019-06-28,32.45,103.68,3.4,34.3,19.1,13.8,96,10.5,8.0,2.22,0.376,2710.0,13.26,0,1,6,2019,0.425,3,0.7905072849498666,0.469702158954803,15.759999999999998,2,0,1.4816045409242156,3.563882963939251,7.905072849498666,5.300000000000001,0.4513
China_Yunnan_2022,2022-01-04,27.35,103.72,0.0,0.0,13.9,-0.5,92,26.3,0.0,2.39,0.115,1946.0,0.36,0,1,1,2022,0.0,3,0.75740450053722,0.14985577999541896,0.0,0,0,0.0,0.0,7.5740450053721995,14.4,0.3397
China_Yunnan_2022,2022-01-05,27.35,103.72,0.0,0.0,17.3,-0.3,97,22.1,0.0,2.85,0.114,1946.0,0.34,0,1,1,2022,0.0,3,0.75740450053722,0.14855268625632836,0.0,0,0,0.0,0.0,7.5740450053721995,17.6,0.3477
China_Yunnan_2022,2022-01-06,27.35,103.72,0.0,0.0,12.7,1.0,82,19.6,0.0,2.13,0.11,1946.0,0.34,0,1,1,2022,0.0,3,0.75740450053722,0.14334031129996594,0.0,0,0,0.0,0.0,7.5740450053721995,11.7,0.3222
China_Yunnan_2022,2022-01-07,27.35,103.72,0.6,0.0,9.8,2.6,84,22.6,5.0,1.43,0.112,1946.0,0.34,0,1,1,2022,0.12,3,0.75740450053722,0.14594649877814717,0.36,0,0,0.4700036292457356,0.0,7.5740450053721995,7.200000000000001,0.3263
China_Yunnan_2022,2022-01-08,27.35,103.72,0.0,0.0,11.6,2.9,79,17.9,0.0,1.56,0.108,1946.0,0.34,0,1,1,2022,0.0,3,0.75740450053722,0.14073412382178474,0.0,0,0,0.0,0.0,7.5740450053721995,8.7,0.3169
Indonesia_Sumedang_2021,2021-01-09,-6.86,107.92,38.5,113.7,27.0,21.5,100,9.0,21.0,3.21,0.427,459.0,6.19,0,1,1,2021,1.8333333333333333,1,0.6131226489483141,0.6852583527828374,68.58,0,0,3.676300671907076,4.742320024135325,6.131226489483141,5.5,0.3952
Indonesia_Sumedang_2021,2021-01-10,-6.86,107.92,26.4,113.7,25.8,21.3,100,7.2,18.0,1.91,0.425,459.0,8.98,0,1,1,2021,1.4666666666666666,1,0.6131226489483141,0.6820487117861964,61.32,0,0,3.3105430133940246,4.742320024135325,6.131226489483141,4.5,0.3868
Indonesia_Sumedang_2021,2021-01-11,-6.86,107.92,27.8,113.7,26.8,21.4,100,7.6,20.0,2.7,0.422,459.0,10.17,0,1,1,2021,1.3900000000000001,1,0.6131226489483141,0.6772342502912351,62.160000000000004,0,0,3.3603753871419,4.742320024135325,6.131226489483141,5.400000000000002,0.3871
Indonesia_Sumedang_2021,2021-01-12,-6.86,107.92,34.7,113.7,26.1,21.7,100,8.0,19.0,2.46,0.427,459.0,10.25,0,1,1,2021,1.8263157894736843,1,0.6131226489483141,0.6852583527828374,66.30000000000001,0,0,3.5751506887855933,4.742320024135325,6.131226489483141,4.400000000000002,0.3927
Indonesia_Sumedang_2021,2021-01-13,-6.86,107.92,14.4,113.7,26.4,21.5,99,10.9,11.0,3.47,0.419,459.0,9.4,0,1,1,2021,1.309090909090909,1,0.6131226489483141,0.6724197887962736,54.120000000000005,0,0,2.7343675094195836,4.742320024135325,6.131226489483141,4.899999999999999,0.3761
Indonesia_NTT_2021,2021-04-04,-8.84,121.66,105.3,150.1,26.0,24.7,100,30.8,24.0,0.82,0.51,55.0,7.13,0,1,4,2021,4.3875,0,0.40253516907351494,1.2362582350139377,123.22,1,0,4.666265285347902,5.017941869278694,4.02535169073515,1.3000000000000007,0.425
Indonesia_NTT_2021,2021-04-05,-8.84,121.66,30.3,150.1,26.9,24.8,94,24.8,16.0,1.55,0.507,55.0,8.16,0,1,4,2021,1.89375,0,0.40253516907351494,1.2289861277491498,78.22,1,0,3.4436180975461075,5.017941869278694,4.02535169073515,2.099999999999998,0.3651
Indonesia_NTT_2021,2021-04-06,-8.84,121.66,1.0,150.1,29.1,25.9,87,26.8,8.0,4.05,0.488,55.0,7.43,0,1,4,2021,0.125,0,0.40253516907351494,1.1829294484054933,60.64,1,0,0.6931471805599453,5.017941869278694,4.02535169073515,3.200000000000003,0.3306
Indonesia_NTT_2021,2021-04-07,-8.84,121.66,1.4,150.1,30.0,25.0,94,20.2,7.0,3.93,0.476,55.0,6.82,0,1,4,2021,0.19999999999999998,0,0.40253516907351494,1.153841019346342,60.88,1,0,0.8754687373538999,5.017941869278694,4.02535169073515,5.0,0.3401
Indonesia_NTT_2021,2021-04-08,-8.84,121.66,3.1,150.1,29.4,24.4,97,7.2,9.0,4.17,0.465,55.0,6.31,0,1,4,2021,0.34444444444444444,0,0.40253516907351494,1.1271766260421199,61.9,1,0,1.410986973710262,5.017941869278694,4.02535169073515,5.0,0.344
Indonesia_Papua_2022,2022-10-21,-4.1,137.08,10.0,144.29999999999998,10.1,5.7,100,10.8,10.0,2.39,0.417,3584.0,7.05,0,1,10,2022,1.0,4,0.8184513753033722,0.5033487932195151,63.72,3,0,2.3978952727983707,4.9788005705762375,8.184513753033722,4.3999999999999995,0.555
Indonesia_Papua_2022,2022-10-22,-4.1,137.08,3.7,144.29999999999998,9.8,4.3,100,11.3,7.0,3.23,0.408,3584.0,6.89,0,1,10,2022,0.5285714285714286,4,0.8184513753033722,0.49248515020038885,59.94,3,0,1.547562508716013,4.9788005705762375,8.184513753033722,5.500000000000001,0.5491
Indonesia_Papua_2022,2022-10-23,-4.1,137.08,3.1,144.29999999999998,10.7,5.8,100,10.2,8.0,3.22,0.395,3584.0,7.15,0,1,10,2022,0.3875,4,0.8184513753033722,0.47679322139498437,59.58,3,0,1.410986973710262,4.9788005705762375,8.184513753033722,4.8999999999999995,0.5462
Indonesia_Papua_2022,2022-10-24,-4.1,137.08,4.7,144.29999999999998,10.0,4.6,100,10.7,13.0,2.68,0.394,3584.0,6.53,0,1,10,2022,0.36153846153846153,4,0.8184513753033722,0.47558614994841475,60.54,3,0,1.7404661748405046,4.9788005705762375,8.184513753033722,5.4,0.5471
Indonesia_Papua_2022,2022-10-25,-4.1,137.08,13.5,144.29999999999998,9.7,6.2,100,4.7,13.0,2.36,0.408,3584.0,5.9,0,1,10,2022,1.0384615384615385,4,0.8184513753033722,0.49248515020038885,65.82,3,0,2.6741486494265287,4.9788005705762375,8.184513753033722,3.499999999999999,0.5556
Philippines_Leyte_2006,2006-02-17,10.7,124.87,1.4,127.2,25.6,20.8,99,14.8,8.0,3.55,0.411,454.0,3.16,0,1,2,2006,0.175,1,0.6120297418950951,0.6607401098665068,51.720000000000006,0,0,0.8754687373538999,4.853591544486569,6.12029741895095,4.800000000000001,0.3706
Philippines_Leyte_2006,2006-02-18,10.7,124.87,4.9,127.2,24.8,21.2,99,14.0,12.0,2.79,0.413,454.0,2.94,0,1,2,2006,0.4083333333333334,1,0.6120297418950951,0.6639553902064897,53.82,0,0,1.7749523509116738,4.853591544486569,6.12029741895095,3.6000000000000014,0.3733
Philippines_Leyte_2006,2006-02-19,10.7,124.87,2.6,127.2,26.0,21.1,99,11.1,13.0,3.71,0.409,454.0,2.78,0,1,2,2006,0.2,1,0.6120297418950951,0.6575248295265238,52.440000000000005,0,0,1.2809338454620642,4.853591544486569,6.12029741895095,4.899999999999999,0.371
Philippines_Leyte_2006,2006-02-20,10.7,124.87,2.5,127.2,26.2,21.5,98,16.8,15.0,3.23,0.409,454.0,2.66,0,1,2,2006,0.16666666666666666,1,0.6120297418950951,0.6575248295265238,52.38,0,0,1.252762968495368,4.853591544486569,6.12029741895095,4.699999999999999,0.3693
Philippines_Leyte_2006,2006-02-21,10.7,124.87,1.9,127.2,25.5,21.0,98,12.4,10.0,3.79,0.404,454.0,2.47,0,1,2,2006,0.19,1,0.6120297418950951,0.6494866286765664,52.02,0,0,1.0647107369924282,4.853591544486569,6.12029741895095,4.5,0.368
Philippines_SLeyte_2022,2022-04-10,10.52,124.97,379.2,190.7,24.3,22.8,100,26.3,24.0,0.42,0.43,142.0,15.52,0,1,4,2022,15.799999999999999,1,0.4962844630259907,0.8493248981609088,303.79999999999995,1,0,5.940697430054329,5.255931650051599,4.962844630259907,1.5,0.6205
Philippines_SLeyte_2022,2022-04-11,10.52,124.97,111.8,190.7,25.2,22.8,100,22.4,24.0,1.53,0.43,142.0,14.63,0,1,4,2022,4.658333333333333,1,0.4962844630259907,0.8493248981609088,143.36,1,0,4.725616339063959,5.255931650051599,4.962844630259907,2.3999999999999986,0.4442
Philippines_SLeyte_2022,2022-04-12,10.52,124.97,74.2,190.7,25.7,23.6,100,16.5,24.0,1.34,0.429,142.0,15.52,0,1,4,2022,3.091666666666667,1,0.4962844630259907,0.8473497239791393,120.80000000000001,1,0,4.320151230955794,5.255931650051599,4.962844630259907,2.099999999999998,0.4192
Philippines_SLeyte_2022,2022-04-13,10.52,124.97,27.4,190.7,27.9,23.3,100,11.4,7.0,2.39,0.418,142.0,14.92,0,1,4,2022,3.914285714285714,1,0.4962844630259907,0.8256228079796741,92.72,1,0,3.3463891451671604,5.255931650051599,4.962844630259907,4.599999999999998,0.3862
Philippines_SLeyte_2022,2022-04-14,10.52,124.97,9.3,190.7,29.1,23.7,100,10.7,10.0,3.47,0.412,142.0,12.68,0,1,4,2022,0.93,1,0.4962844630259907,0.8137717628890568,81.86,1,0,2.33214389523559,5.255931650051599,4.962844630259907,5.400000000000002,0.3731
Brazil_Petropolis_2022,2022-02-15,-22.51,-43.18,6.5,152.1,24.7,18.5,99,10.8,11.0,3.99,0.49,846.0,1.89,0,1,2,2022,0.5909090909090909,2,0.6741700694652055,0.7161961942927696,64.74000000000001,0,0,2.0149030205422647,5.031091302663638,6.741700694652055,6.199999999999999,0.4242
Brazil_Petropolis_2022,2022-02-16,-22.51,-43.18,6.0,152.1,23.4,16.3,99,7.8,11.0,4.09,0.49,846.0,1.86,0,1,2,2022,0.5454545454545454,2,0.6741700694652055,0.7161961942927696,64.44,0,0,1.9459101490553132,5.031091302663638,6.741700694652055,7.099999999999998,0.4239
Brazil_Petropolis_2022,2022-02-17,-22.51,-43.18,15.1,152.1,25.6,16.3,97,7.1,8.0,4.43,0.491,846.0,1.82,0,1,2,2022,1.8875,2,0.6741700694652055,0.7176578191790813,69.9,0,0,2.7788192719904172,5.031091302663638,6.741700694652055,9.3,0.4268
Brazil_Petropolis_2022,2022-02-18,-22.51,-43.18,27.6,152.1,20.7,17.6,100,5.2,24.0,1.46,0.512,846.0,7.13,0,1,2,2022,1.1500000000000001,2,0.6741700694652055,0.7483519417916287,77.4,0,0,3.353406717825807,5.031091302663638,6.741700694652055,3.099999999999998,0.444
Brazil_Petropolis_2022,2022-02-19,-22.51,-43.18,24.9,152.1,22.2,16.5,99,7.6,16.0,2.73,0.505,846.0,4.56,0,1,2,2022,1.55625,2,0.6741700694652055,0.7381205675874462,75.78,0,0,3.254242968705492,5.031091302663638,6.741700694652055,5.699999999999999,0.4392
Brazil_Morro_2011,2011-01-11,-22.93,-43.17,20.3,38.9,27.6,24.0,99,10.0,19.0,1.78,0.409,0.0,0.33,0,1,1,2011,1.068421052631579,0,0.0,0.0,27.740000000000002,0,0,3.0587070727153796,3.686376323895818,0.0,3.6000000000000014,0.2557
Brazil_Morro_2011,2011-01-12,-22.93,-43.17,3.7,38.9,31.8,23.6,96,11.2,4.0,4.47,0.399,0.0,0.34,0,1,1,2011,0.925,0,0.0,0.0,17.78,0,0,1.547562508716013,3.686376323895818,0.0,8.2,0.2378
Brazil_Morro_2011,2011-01-13,-22.93,-43.17,8.2,38.9,30.5,25.1,96,10.0,15.0,3.56,0.394,0.0,0.26,0,1,1,2011,0.5466666666666666,0,0.0,0.0,20.48,0,0,2.2192034840549946,3.686376323895818,0.0,5.399999999999999,0.2398
Brazil_Morro_2011,2011-01-14,-22.93,-43.17,24.2,38.9,29.6,25.0,96,10.0,18.0,2.64,0.416,0.0,0.41,0,1,1,2011,1.3444444444444443,0,0.0,0.0,30.08,0,0,3.2268439945173775,3.686376323895818,0.0,4.600000000000001,0.2546
Brazil_Morro_2011,2011-01-15,-22.93,-43.17,34.8,38.9,27.7,24.0,97,11.7,14.0,2.27,0.423,0.0,0.55,0,1,1,2011,2.4857142857142853,0,0.0,0.0,36.44,0,0,3.5779478934066544,3.686376323895818,0.0,3.6999999999999993,0.2646
Colombia_Quetame_2023,2023-07-17,4.38,-73.87,11.4,38.0,16.1,10.5,99,9.3,21.0,2.51,0.412,2526.0,0.66,0,1,7,2023,0.5428571428571429,3,0.7834788107388194,0.5192325168915108,22.04,2,0,2.517696472610991,3.6635616461296463,7.834788107388194,5.600000000000001,0.4605
Colombia_Quetame_2023,2023-07-18,4.38,-73.87,12.0,38.0,15.6,8.7,100,11.0,16.0,2.84,0.418,2526.0,0.87,0,1,7,2023,0.75,3,0.7834788107388194,0.5267941554870182,22.4,2,0,2.5649493574615367,3.6635616461296463,7.834788107388194,6.9,0.4638
Colombia_Quetame_2023,2023-07-19,4.38,-73.87,8.8,38.0,15.2,7.9,97,9.7,10.0,1.82,0.413,2526.0,0.87,0,1,7,2023,0.8800000000000001,3,0.7834788107388194,0.5204927899907621,20.48,2,0,2.2823823856765264,3.6635616461296463,7.834788107388194,7.299999999999999,0.4557
Colombia_Quetame_2023,2023-07-20,4.38,-73.87,3.4,38.0,16.1,7.5,98,13.5,12.0,3.56,0.401,2526.0,0.85,0,1,7,2023,0.2833333333333333,3,0.7834788107388194,0.5053695127997473,17.240000000000002,2,0,1.4816045409242156,3.6635616461296463,7.834788107388194,8.600000000000001,0.4515
Colombia_Quetame_2023,2023-07-21,4.38,-73.87,8.9,38.0,15.0,9.7,99,12.0,20.0,2.16,0.409,2526.0,0.83,0,1,7,2023,0.445,3,0.7834788107388194,0.5154516975937571,20.54,2,0,2.2925347571405443,3.6635616461296463,7.834788107388194,5.300000000000001,0.4583
Colombia_Mocoa_2017,2017-03-31,1.15,-76.65,28.7,59.8,26.4,19.5,100,9.0,20.0,2.01,0.426,598.0,44.39,0,1,3,2017,1.435,2,0.6395261598115449,0.6558627294143174,41.14,1,0,3.391147045808654,4.107589788972121,6.395261598115449,6.899999999999999,0.378
Colombia_Mocoa_2017,2017-04-01,1.15,-76.65,30.6,59.8,26.3,19.4,100,5.5,14.0,2.54,0.423,598.0,41.07,0,1,4,2017,2.185714285714286,2,0.6395261598115449,0.6512439777987237,42.28,1,1,3.4531571205928664,4.107589788972121,6.395261598115449,6.900000000000002,0.3787
Colombia_Mocoa_2017,2017-04-02,1.15,-76.65,0.7,59.8,27.4,18.4,95,6.4,3.0,3.63,0.404,598.0,35.14,0,1,4,2017,0.2333333333333333,2,0.6395261598115449,0.6219918842332964,24.340000000000003,1,0,0.5306282510621704,4.107589788972121,6.395261598115449,9.0,0.347
Colombia_Mocoa_2017,2017-04-03,1.15,-76.65,2.4,59.8,28.6,20.0,91,9.3,11.0,4.3,0.397,598.0,30.92,0,1,4,2017,0.21818181818181817,2,0.6395261598115449,0.6112147971302442,25.360000000000003,1,0,1.2237754316221157,4.107589788972121,6.395261598115449,8.600000000000001,0.3402
Colombia_Mocoa_2017,2017-04-04,1.15,-76.65,0.6,59.8,27.3,19.0,93,10.0,4.0,3.99,0.391,598.0,27.97,0,1,4,2017,0.15,2,0.6395261598115449,0.6019772938990566,24.28,1,0,0.4700036292457356,4.107589788972121,6.395261598115449,8.3,0.3411
SriLanka_Aranayake_2016,2016-05-17,7.02,80.38,66.7,536.4,26.3,23.4,99,14.4,24.0,2.19,0.477,325.0,15.87,0,1,5,2016,2.779166666666667,1,0.5786897381366708,0.8102740188911858,254.58,1,0,4.215086179918229,6.286742696181391,5.786897381366708,2.900000000000002,0.5691
SriLanka_Aranayake_2016,2016-05-18,7.02,80.38,14.7,536.4,27.6,22.7,99,13.4,16.0,3.23,0.472,325.0,13.69,0,1,5,2016,0.91875,1,0.5786897381366708,0.8017805805380286,223.38,1,0,2.7536607123542622,6.286742696181391,5.786897381366708,4.900000000000002,0.5339
SriLanka_Aranayake_2016,2016-05-19,7.02,80.38,18.7,536.4,27.3,23.6,99,12.8,24.0,2.62,0.476,325.0,12.4,0,1,5,2016,0.7791666666666667,1,0.5786897381366708,0.8085753312205544,225.78,1,0,2.9806186357439426,6.286742696181391,5.786897381366708,3.6999999999999993,0.5373
SriLanka_Aranayake_2016,2016-05-20,7.02,80.38,22.3,536.4,27.2,23.3,99,9.6,21.0,2.61,0.464,325.0,11.56,0,1,5,2016,1.061904761904762,1,0.5786897381366708,0.7881910791729774,227.94,1,0,3.1484533605716547,6.286742696181391,5.786897381366708,3.8999999999999986,0.5373
SriLanka_Aranayake_2016,2016-05-21,7.02,80.38,7.0,536.4,27.4,24.1,97,12.1,15.0,3.0,0.47,325.0,10.72,0,1,5,2016,0.4666666666666667,1,0.5786897381366708,0.7983832051967658,218.76,1,0,2.0794415416798357,6.286742696181391,5.786897381366708,3.299999999999997,0.5251
SriLanka_2017,2017-05-26,6.82,80.68,28.8,69.0,19.1,15.9,100,19.4,24.0,1.21,0.511,1626.0,1.19,0,1,5,2017,1.2,3,0.7394493107219038,0.6818339715434276,44.88,1,0,3.3945083935113587,4.248495242049359,7.394493107219038,3.200000000000001,0.4575
SriLanka_2017,2017-05-27,6.82,80.68,9.7,69.0,20.0,16.9,100,18.5,24.0,2.28,0.509,1626.0,1.22,0,1,5,2017,0.4041666666666666,3,0.7394493107219038,0.6791653454317117,33.42,1,0,2.3702437414678603,4.248495242049359,7.394493107219038,3.1000000000000014,0.4445
SriLanka_2017,2017-05-28,6.82,80.68,12.2,69.0,19.5,16.6,100,21.2,24.0,2.56,0.511,1626.0,1.19,0,1,5,2017,0.5083333333333333,3,0.7394493107219038,0.6818339715434276,34.92,1,0,2.580216829592325,4.248495242049359,7.394493107219038,2.8999999999999986,0.4466
SriLanka_2017,2017-05-29,6.82,80.68,25.0,69.0,19.3,15.9,100,22.9,24.0,2.05,0.513,1626.0,1.19,0,1,5,2017,1.0416666666666667,3,0.7394493107219038,0.6845025976551437,42.6,1,0,3.258096538021482,4.248495242049359,7.394493107219038,3.4000000000000004,0.4554
SriLanka_2017,2017-05-30,6.82,80.68,34.4,69.0,19.0,15.4,100,21.2,24.0,1.42,0.512,1626.0,1.28,0,1,5,2017,1.4333333333333333,3,0.7394493107219038,0.6831682845992856,48.239999999999995,1,1,3.5667118201397288,4.248495242049359,7.394493107219038,3.5999999999999996,0.4614
Uganda_Bududa_2018,2018-10-11,1.0,34.33,10.9,7.6,23.5,17.5,96,7.6,13.0,2.96,0.464,1318.0,43.46,0,1,10,2018,0.8384615384615385,2,0.7184629152717315,0.6369576134523177,9.58,3,0,2.4765384001174837,2.151762203259462,7.1846291527173145,6.0,0.3904
Uganda_Bududa_2018,2018-10-12,1.0,34.33,2.7,7.6,22.7,17.5,89,8.2,10.0,2.65,0.443,1318.0,42.25,0,1,10,2018,0.27,2,0.7184629152717315,0.6081297904296913,4.66,3,0,1.308332819650179,2.151762203259462,7.1846291527173145,5.199999999999999,0.3693
Uganda_Bududa_2018,2018-10-13,1.0,34.33,0.4,7.6,25.8,17.7,89,9.9,2.0,4.4,0.442,1318.0,42.15,0,1,10,2018,0.2,2,0.7184629152717315,0.6067570369524233,3.2800000000000002,3,0,0.33647223662121295,2.151762203259462,7.1846291527173145,8.100000000000001,0.3676
Uganda_Bududa_2018,2018-10-14,1.0,34.33,24.2,7.6,23.5,17.0,93,10.1,15.0,2.91,0.488,1318.0,43.87,0,1,10,2018,1.6133333333333333,2,0.7184629152717315,0.6699036969067479,17.56,3,0,3.2268439945173775,2.151762203259462,7.1846291527173145,6.5,0.3988
Uganda_Bududa_2018,2018-10-15,1.0,34.33,41.0,7.6,24.2,17.3,97,6.0,13.0,3.38,0.498,1318.0,44.71,0,1,10,2018,3.1538461538461537,2,0.7184629152717315,0.6836312316794272,27.639999999999997,3,1,3.7376696182833684,2.151762203259462,7.1846291527173145,6.899999999999999,0.4184
SierraLeone_Freetown_2017,2017-08-14,8.49,-13.23,16.8,60.7,27.4,22.7,100,12.4,21.0,2.94,0.427,0.0,,0,1,8,2017,0.8,0,0.0,0.0,34.36,2,0,2.8791984572980396,4.122283930911342,0.0,4.699999999999999,0.2666
SierraLeone_Freetown_2017,2017-08-15,8.49,-13.23,5.6,60.7,26.2,23.9,95,15.3,16.0,2.17,0.419,0.0,,0,1,8,2017,0.35,0,0.0,0.0,27.64,2,0,1.8870696490323797,4.122283930911342,0.0,2.3000000000000007,0.2494
SierraLeone_Freetown_2017,2017-08-16,8.49,-13.23,15.2,60.7,26.9,22.5,100,23.1,16.0,1.95,0.427,0.0,,0,1,8,2017,0.95,0,0.0,0.0,33.4,2,0,2.785011242238338,4.122283930911342,0.0,4.399999999999999,0.2656
SierraLeone_Freetown_2017,2017-08-17,8.49,-13.23,2.7,60.7,27.0,23.5,95,15.9,10.0,2.97,0.413,0.0,,0,1,8,2017,0.27,0,0.0,0.0,25.900000000000002,2,0,1.308332819650179,4.122283930911342,0.0,3.5,0.2464
SierraLeone_Freetown_2017,2017-08-18,8.49,-13.23,9.3,60.7,26.9,24.0,96,21.9,18.0,3.05,0.405,0.0,,0,1,8,2017,0.5166666666666667,0,0.0,0.0,29.86,2,0,2.33214389523559,4.122283930911342,0.0,2.8999999999999986,0.2508
Italy_Ischia_2022,2022-11-26,40.74,13.89,69.3,67.4,15.4,10.6,87,48.0,22.0,1.62,0.354,156.0,1.15,0,1,11,2022,3.15,1,0.5056245805348307,0.6865460130562706,68.54,3,0,4.252771798816619,4.225372824628505,5.056245805348308,4.800000000000001,0.3357
Italy_Ischia_2022,2022-11-27,40.74,13.89,0.0,67.4,14.9,10.7,68,43.5,0.0,2.77,0.287,156.0,4.13,0,1,11,2022,0.0,1,0.5056245805348307,0.5566065134100273,26.960000000000004,3,0,0.0,4.225372824628505,5.056245805348308,4.200000000000001,0.2457
Italy_Ischia_2022,2022-11-28,40.74,13.89,0.0,67.4,13.8,9.9,74,19.5,0.0,1.75,0.259,156.0,2.3,0,1,11,2022,0.0,1,0.5056245805348307,0.5023034389310004,26.960000000000004,3,0,0.0,4.225372824628505,5.056245805348308,3.9000000000000004,0.2502
Italy_Ischia_2022,2022-11-29,40.74,13.89,0.0,67.4,14.4,10.9,76,28.2,0.0,2.06,0.242,156.0,1.52,0,1,11,2022,0.0,1,0.5056245805348307,0.4693337151401624,26.960000000000004,3,0,0.0,4.225372824628505,5.056245805348308,3.5,0.2502
Italy_Ischia_2022,2022-11-30,40.74,13.89,0.7,67.4,13.9,10.4,74,31.1,6.0,1.88,0.227,156.0,1.17,0,1,11,2022,0.11666666666666665,1,0.5056245805348307,0.4402427823835408,27.380000000000006,3,0,0.5306282510621704,4.225372824628505,5.056245805348308,3.5,0.2444
Italy_Marche_2022,2022-09-15,43.6,13.05,2.3,1.0,27.4,21.2,81,34.1,4.0,4.46,0.214,219.0,0.87,0,1,9,2022,0.575,1,0.5393627546352362,0.38954224361658973,1.7799999999999998,2,0,1.1939224684724346,0.6931471805599453,5.393627546352362,6.199999999999999,0.2367
Italy_Marche_2022,2022-09-16,43.6,13.05,0.1,1.0,28.9,20.5,86,27.9,1.0,4.73,0.213,219.0,0.91,0,1,9,2022,0.1,1,0.5393627546352362,0.3877219527585683,0.46,2,0,0.09531017980432487,0.6931471805599453,5.393627546352362,8.399999999999999,0.2433
Italy_Marche_2022,2022-09-17,43.6,13.05,11.4,1.0,23.8,11.8,91,44.5,7.0,2.1,0.262,219.0,0.94,0,1,9,2022,1.6285714285714286,1,0.5393627546352362,0.4769162048016192,7.24,2,0,2.517696472610991,0.6931471805599453,5.393627546352362,12.0,0.2685
Italy_Marche_2022,2022-09-18,43.6,13.05,0.0,1.0,23.2,8.9,83,15.8,0.0,3.75,0.285,219.0,1.1,0,1,9,2022,0.0,1,0.5393627546352362,0.5187828945361125,0.4,2,0,0.0,0.6931471805599453,5.393627546352362,14.299999999999999,0.2523
Italy_Marche_2022,2022-09-19,43.6,13.05,2.9,1.0,23.5,14.8,90,21.3,5.0,3.52,0.268,219.0,1.06,0,1,9,2022,0.58,1,0.5393627546352362,0.48783794994974794,2.14,2,0,1.3609765531356006,0.6931471805599453,5.393627546352362,8.7,0.2624
Canada_BC_2021,2021-11-14,49.52,-121.41,96.1,107.2,8.3,4.3,100,7.8,24.0,0.19,0.437,231.0,6.4,0,1,11,2021,4.004166666666666,1,0.544673737166631,0.787850533959425,100.53999999999999,3,0,4.575741375297279,4.6839813664123815,5.44673737166631,4.000000000000001,0.4139
Canada_BC_2021,2021-11-15,49.52,-121.41,66.5,107.2,10.1,2.2,100,12.5,23.0,0.17,0.433,231.0,18.36,0,1,11,2021,2.891304347826087,1,0.544673737166631,0.7806390874243272,82.78,3,0,4.212127597878484,4.6839813664123815,5.44673737166631,7.8999999999999995,0.3936
Canada_BC_2021,2021-11-16,49.52,-121.41,5.9,107.2,4.1,0.4,99,11.6,20.0,0.35,0.404,231.0,6.5,0,1,11,2021,0.29500000000000004,1,0.544673737166631,0.7283561000448688,46.42,3,0,1.9315214116032138,4.6839813664123815,5.44673737166631,3.6999999999999997,0.3464
Canada_BC_2021,2021-11-17,49.52,-121.41,0.0,107.2,7.8,-3.7,99,7.5,0.0,0.71,0.394,231.0,4.08,0,1,11,2021,0.0,1,0.544673737166631,0.7103274837071246,42.88,3,0,0.0,4.6839813664123815,5.44673737166631,11.5,0.3406
Canada_BC_2021,2021-11-18,49.52,-121.41,13.1,107.2,3.5,1.3,94,5.4,17.0,0.35,0.388,231.0,3.35,0,1,11,2021,0.7705882352941176,1,0.544673737166631,0.699510313904478,50.74,3,0,2.6461747973841225,4.6839813664123815,5.44673737166631,2.2,0.3398
Turkey_BlackSea_2021,2021-08-10,41.37,36.57,29.2,69.5,24.4,20.9,94,15.4,21.0,1.33,0.424,0.0,,0,1,8,2021,1.3904761904761904,0,0.0,0.0,45.32,2,0,3.407841924380824,4.255612709818223,0.0,3.5,0.2676
Turkey_BlackSea_2021,2021-08-11,41.37,36.57,19.5,69.5,25.0,20.7,94,20.1,23.0,2.73,0.423,0.0,,0,1,8,2021,0.8478260869565217,0,0.0,0.0,39.5,2,0,3.0204248861443626,4.255612709818223,0.0,4.300000000000001,0.261
Turkey_BlackSea_2021,2021-08-12,41.37,36.57,17.0,69.5,26.7,22.0,94,29.8,11.0,3.82,0.416,0.0,,0,1,8,2021,1.5454545454545454,0,0.0,0.0,38.0,2,0,2.8903717578961645,4.255612709818223,0.0,4.699999999999999,0.258
Turkey_BlackSea_2021,2021-08-13,41.37,36.57,10.1,69.5,26.6,21.8,94,28.0,16.0,4.34,0.414,0.0,,0,1,8,2021,0.63125,0,0.0,0.0,33.86,2,0,2.4069451083182885,4.255612709818223,0.0,4.800000000000001,0.2531
Turkey_BlackSea_2021,2021-08-14,41.37,36.57,2.5,69.5,24.6,20.7,80,19.8,10.0,3.18,0.385,0.0,,0,1,8,2021,0.25,0,0.0,0.0,29.3,2,0,1.252762968495368,4.255612709818223,0.0,3.900000000000002,0.2194
Myanmar_2022,2022-08-09,19.74,96.15,44.8,90.2,28.8,23.5,97,20.0,23.0,2.78,0.427,108.0,0.67,0,1,8,2022,1.9478260869565216,1,0.4691347882229143,0.8911897246779356,62.96000000000001,2,0,3.824284091120139,4.513054897080286,4.6913478822291435,5.300000000000001,0.3522
Myanmar_2022,2022-08-10,19.74,96.15,27.8,90.2,30.0,23.0,96,14.8,19.0,3.35,0.425,108.0,0.61,0,1,8,2022,1.4631578947368422,1,0.4691347882229143,0.8870155339300295,52.760000000000005,2,0,3.3603753871419,4.513054897080286,4.6913478822291435,7.0,0.3389
Myanmar_2022,2022-08-11,19.74,96.15,14.6,90.2,31.1,23.1,98,12.5,12.0,4.53,0.416,108.0,0.44,0,1,8,2022,1.2166666666666666,1,0.4691347882229143,0.8682316755644525,44.84,2,0,2.747270914255491,4.513054897080286,4.6913478822291435,8.0,0.3318
Myanmar_2022,2022-08-12,19.74,96.15,26.1,90.2,25.7,23.6,98,16.8,20.0,1.01,0.427,108.0,0.53,0,1,8,2022,1.3050000000000002,1,0.4691347882229143,0.8911897246779356,51.74000000000001,2,0,3.299533727885655,4.513054897080286,4.6913478822291435,2.099999999999998,0.3415
Myanmar_2022,2022-08-13,19.74,96.15,15.0,90.2,28.0,23.5,95,21.9,20.0,2.14,0.424,108.0,1.58,0,1,8,2022,0.75,1,0.4691347882229143,0.8849284385560765,45.080000000000005,2,0,2.772588722239781,4.513054897080286,4.6913478822291435,4.5,0.3286
Bangladesh_2017,2017-06-12,22.31,91.83,193.1,77.2,27.5,26.0,95,57.4,24.0,1.56,0.437,4.0,463.52,0,1,6,2017,8.045833333333333,0,0.16094379124341002,2.556395858669986,146.73999999999998,2,0,5.268373490174964,4.359269647551265,1.6094379124341003,1.5,0.4021
Bangladesh_2017,2017-06-13,22.31,91.83,55.6,77.2,29.1,25.6,99,24.9,24.0,1.64,0.432,4.0,562.64,0,1,6,2017,2.316666666666667,0,0.16094379124341002,2.5271464781360042,64.24000000000001,2,0,4.036008985209137,4.359269647551265,1.6094379124341003,3.5,0.3171
Bangladesh_2017,2017-06-14,22.31,91.83,10.9,77.2,28.7,24.2,100,18.3,20.0,1.65,0.426,4.0,602.95,0,1,6,2017,0.545,0,0.16094379124341002,2.4920472214952265,37.42,2,0,2.4765384001174837,4.359269647551265,1.6094379124341003,4.5,0.2881
Bangladesh_2017,2017-06-15,22.31,91.83,16.7,77.2,28.0,24.3,99,27.1,17.0,1.92,0.418,4.0,655.15,0,1,6,2017,0.9823529411764705,0,0.16094379124341002,2.445248212640856,40.900000000000006,2,0,2.8735646395797834,4.359269647551265,1.6094379124341003,3.6999999999999993,0.2887
Bangladesh_2017,2017-06-16,22.31,91.83,31.4,77.2,27.8,24.6,98,29.0,24.0,2.14,0.433,4.0,700.46,0,1,6,2017,1.3083333333333333,0,0.16094379124341002,2.5329963542428007,49.72,2,0,3.4781584227982836,4.359269647551265,1.6094379124341003,3.1999999999999993,0.2997
Ethiopia_Gofa_2024,2024-07-22,-6.78,37.83,0.0,1.0,28.2,18.4,87,15.0,0.0,4.73,0.152,454.0,0.0,0,1,7,2024,0.0,1,0.6120297418950951,0.2443613058387081,0.4,2,0,0.0,0.6931471805599453,6.12029741895095,9.8,0.2526
Ethiopia_Gofa_2024,2024-07-23,-6.78,37.83,0.0,1.0,29.0,17.5,74,12.4,0.0,4.76,0.146,454.0,0.0,0,1,7,2024,0.0,1,0.6120297418950951,0.2347154648187591,0.4,2,0,0.0,0.6931471805599453,6.12029741895095,11.5,0.23
Ethiopia_Gofa_2024,2024-07-24,-6.78,37.83,0.0,1.0,29.3,18.4,90,14.1,0.0,4.77,0.142,454.0,0.0,0,1,7,2024,0.0,1,0.6120297418950951,0.2282849041387931,0.4,2,0,0.0,0.6931471805599453,6.12029741895095,10.900000000000002,0.2556
Ethiopia_Gofa_2024,2024-07-25,-6.78,37.83,0.0,1.0,28.8,18.2,95,12.3,0.0,4.83,0.139,454.0,0.0,0,1,7,2024,0.0,1,0.6120297418950951,0.22346198362881864,0.4,2,0,0.0,0.6931471805599453,6.12029741895095,10.600000000000001,0.2632
Ethiopia_Gofa_2024,2024-07-26,-6.78,37.83,0.0,1.0,29.3,18.1,85,13.0,0.0,4.73,0.139,454.0,0.0,0,1,7,2024,0.0,1,0.6120297418950951,0.22346198362881864,0.4,2,0,0.0,0.6931471805599453,6.12029741895095,11.2,0.2468
Afghanistan_Badakhshan_2014,2014-05-02,36.73,70.81,0.0,30.0,11.0,-0.7,95,5.5,0.0,3.95,0.421,2573.0,4.19,0,1,5,2014,0.0,3,0.7853216388156072,0.5293455873110068,12.0,1,0,0.0,3.4339872044851463,7.853216388156072,11.7,0.4476
Afghanistan_Badakhshan_2014,2014-05-03,36.73,70.81,0.1,30.0,12.3,-0.3,95,6.0,1.0,3.79,0.421,2573.0,4.41,0,1,5,2014,0.1,3,0.7853216388156072,0.5293455873110068,12.06,1,0,0.09531017980432487,3.4339872044851463,7.853216388156072,12.600000000000001,0.4477
Afghanistan_Badakhshan_2014,2014-05-04,36.73,70.81,1.0,30.0,10.4,1.7,94,4.7,6.0,2.94,0.422,2573.0,4.71,0,1,5,2014,0.16666666666666666,3,0.7853216388156072,0.5306029402499878,12.6,1,0,0.6931471805599453,3.4339872044851463,7.853216388156072,8.700000000000001,0.4468
Afghanistan_Badakhshan_2014,2014-05-05,36.73,70.81,3.9,30.0,11.2,3.6,95,3.8,14.0,3.68,0.426,2573.0,5.31,0,1,5,2014,0.2785714285714286,3,0.7853216388156072,0.5356323520059119,14.34,1,0,1.589235205116581,3.4339872044851463,7.853216388156072,7.6,0.4511
Afghanistan_Badakhshan_2014,2014-05-06,36.73,70.81,1.5,30.0,11.8,0.3,96,5.2,6.0,4.07,0.423,2573.0,5.87,0,1,5,2014,0.25,3,0.7853216388156072,0.5318602931889688,12.9,1,0,0.9162907318741551,3.4339872044851463,7.853216388156072,11.5,0.4506
NZ_Wairoa_2023,2023-02-12,-38.87,177.41,7.8,12.1,17.1,11.4,97,15.3,16.0,1.2,0.324,260.0,8.59,0,1,2,2023,0.4875,1,0.5564520407322694,0.5719813447598415,9.52,0,0,2.174751721484161,2.5726122302071057,5.564520407322694,5.700000000000001,0.2961
NZ_Wairoa_2023,2023-02-13,-38.87,177.41,81.4,12.1,16.6,13.6,98,31.0,21.0,0.46,0.409,260.0,78.98,0,1,2,2023,3.8761904761904766,1,0.5564520407322694,0.7220381790332567,53.68000000000001,0,0,4.411585436915426,2.5726122302071057,5.564520407322694,3.0000000000000018,0.3628
NZ_Wairoa_2023,2023-02-14,-38.87,177.41,74.5,12.1,20.0,16.6,99,25.4,23.0,1.03,0.433,260.0,172.78,0,1,2,2023,3.239130434782609,1,0.5564520407322694,0.7644071675339857,49.53999999999999,0,0,4.324132656254979,2.5726122302071057,5.564520407322694,3.3999999999999986,0.3646
NZ_Wairoa_2023,2023-02-15,-38.87,177.41,6.1,12.1,20.6,13.4,99,20.2,15.0,2.77,0.416,260.0,178.89,0,1,2,2023,0.4066666666666666,1,0.5564520407322694,0.7343958006793027,8.5,0,0,1.9600947840472698,2.5726122302071057,5.564520407322694,7.200000000000001,0.3162
NZ_Wairoa_2023,2023-02-16,-38.87,177.41,22.1,12.1,18.9,11.4,99,16.5,14.0,1.89,0.415,260.0,152.46,0,1,2,2023,1.5785714285714287,1,0.5564520407322694,0.732630426158439,18.1,0,0,3.139832617527748,2.5726122302071057,5.564520407322694,7.499999999999998,0.3265
Mexico_Atoyac_2021,2021-10-06,17.21,-100.43,5.7,14.1,30.2,24.4,94,9.1,5.0,4.07,0.405,48.0,2.05,0,1,10,2021,1.1400000000000001,0,0.38918202981106265,1.0145747297083767,9.06,3,0,1.9021075263969205,2.714694743820879,3.8918202981106265,5.800000000000001,0.2765
Mexico_Atoyac_2021,2021-10-07,17.21,-100.43,0.1,14.1,30.8,24.1,95,11.7,1.0,4.34,0.384,48.0,1.77,0,1,10,2021,0.1,0,0.38918202981106265,0.9619671511309051,5.7,3,0,0.09531017980432487,2.714694743820879,3.8918202981106265,6.699999999999999,0.2704
Mexico_Atoyac_2021,2021-10-08,17.21,-100.43,10.2,14.1,30.5,24.7,96,11.2,7.0,3.18,0.449,48.0,1.52,0,1,10,2021,1.457142857142857,0,0.38918202981106265,1.1248001324421262,11.76,3,0,2.4159137783010487,2.714694743820879,3.8918202981106265,5.800000000000001,0.2913
Mexico_Atoyac_2021,2021-10-09,17.21,-100.43,14.9,14.1,31.9,24.5,92,12.7,6.0,4.18,0.432,48.0,1.43,0,1,10,2021,2.4833333333333334,0,0.38918202981106265,1.0822130450222682,14.58,3,0,2.766319109226186,2.714694743820879,3.8918202981106265,7.399999999999999,0.2845
Mexico_Atoyac_2021,2021-10-10,17.21,-100.43,5.5,14.1,29.8,24.6,91,12.7,14.0,3.79,0.422,48.0,1.38,0,1,10,2021,0.39285714285714285,0,0.38918202981106265,1.0571618171282342,8.940000000000001,3,0,1.8718021769015913,2.714694743820879,3.8918202981106265,5.199999999999999,0.2747
India_Punjab_Flat_DryNov,2022-11-01,30.9,75.85,0.0,0.0,30.2,16.3,94,15.5,0.0,3.12,0.215,250.0,1.6,0,0,11,2022,0.0,1,0.5525452939131783,0.38219144720670706,0.0,3,0,0.0,0.0,5.5254529391317835,13.899999999999999,0.2594
India_Punjab_Flat_DryNov,2022-11-02,30.9,75.85,0.0,0.0,29.4,17.5,96,13.0,0.0,2.99,0.214,250.0,1.58,0,0,11,2022,0.0,1,0.5525452939131783,0.38041381256853635,0.0,3,0,0.0,0.0,5.5254529391317835,11.899999999999999,0.2625
India_Punjab_Flat_DryNov,2022-11-03,30.9,75.85,0.0,0.0,29.4,15.4,90,10.4,0.0,2.73,0.213,250.0,1.55,0,0,11,2022,0.0,1,0.5525452939131783,0.3786361779303656,0.0,3,0,0.0,0.0,5.5254529391317835,13.999999999999998,0.2525
India_Punjab_Flat_DryNov,2022-11-04,30.9,75.85,0.0,0.0,29.4,16.1,94,8.0,0.0,2.59,0.212,250.0,1.55,0,0,11,2022,0.0,1,0.5525452939131783,0.37685854329219487,0.0,3,0,0.0,0.0,5.5254529391317835,13.299999999999997,0.2588
India_Punjab_Flat_DryNov,2022-11-05,30.9,75.85,0.0,0.0,29.3,16.6,94,13.9,0.0,2.83,0.213,250.0,1.54,0,0,11,2022,0.0,1,0.5525452939131783,0.3786361779303656,0.0,3,0,0.0,0.0,5.5254529391317835,12.7,0.259
India_UP_Agra_FlatDry,2023-04-01,27.17,78.0,0.0,16.8,27.4,16.0,98,10.8,0.0,4.39,0.298,172.0,247.31,0,0,4,2023,0.0,1,0.515329159449778,0.5672633902753862,6.720000000000001,1,0,0.0,2.8791984572980396,5.153291594497779,11.399999999999999,0.2804
India_UP_Agra_FlatDry,2023-04-02,27.17,78.0,0.0,16.8,29.9,16.3,94,20.2,0.0,4.84,0.264,172.0,265.69,0,0,4,2023,0.0,1,0.515329159449778,0.5025420638681274,6.720000000000001,1,0,0.0,2.8791984572980396,5.153291594497779,13.599999999999998,0.2672
India_UP_Agra_FlatDry,2023-04-03,27.17,78.0,0.0,16.8,32.8,16.9,90,18.1,0.0,5.72,0.24,172.0,263.24,0,0,4,2023,0.0,1,0.515329159449778,0.4568564216982976,6.720000000000001,1,0,0.0,2.8791984572980396,5.153291594497779,15.899999999999999,0.2559
India_UP_Agra_FlatDry,2023-04-04,27.17,78.0,0.0,16.8,30.1,18.0,77,15.3,0.0,5.36,0.224,172.0,259.02,0,0,4,2023,0.0,1,0.515329159449778,0.42639932691841115,6.720000000000001,1,0,0.0,2.8791984572980396,5.153291594497779,12.100000000000001,0.2314
India_UP_Agra_FlatDry,2023-04-05,27.17,78.0,0.0,16.8,32.4,17.2,75,15.3,0.0,6.08,0.206,172.0,254.27,0,0,4,2023,0.0,1,0.515329159449778,0.3921350952910388,6.720000000000001,1,0,0.0,2.8791984572980396,5.153291594497779,15.2,0.2246
India_Rajasthan_Flat_Dry,2023-05-01,26.92,70.9,0.4,3.8,28.4,20.6,91,15.8,2.0,4.75,0.204,240.0,0.09,0,0,5,2023,0.2,1,0.5484796933490654,0.3652773814866251,1.76,1,0,0.33647223662121295,1.5686159179138452,5.484796933490655,7.799999999999997,0.2531
India_Rajasthan_Flat_Dry,2023-05-02,26.92,70.9,0.0,3.8,30.9,21.5,82,13.6,0.0,4.92,0.141,240.0,0.06,0,0,5,2023,0.0,1,0.5484796933490654,0.25247113132163795,1.52,1,0,0.0,1.5686159179138452,5.484796933490655,9.399999999999999,0.2258
India_Rajasthan_Flat_Dry,2023-05-03,26.92,70.9,0.0,3.8,32.6,21.5,90,12.4,0.0,5.55,0.088,240.0,0.06,0,0,5,2023,0.0,1,0.5484796933490654,0.15757063515109318,1.52,1,0,0.0,1.5686159179138452,5.484796933490655,11.100000000000001,0.2286
India_Rajasthan_Flat_Dry,2023-05-04,26.92,70.9,0.0,3.8,35.7,22.1,77,15.0,0.0,6.09,0.046,240.0,0.06,0,0,5,2023,0.0,1,0.5484796933490654,0.08236646837443508,1.52,1,0,0.0,1.5686159179138452,5.484796933490655,13.600000000000001,0.1991
India_Rajasthan_Flat_Dry,2023-05-05,26.92,70.9,0.0,3.8,36.5,23.5,67,16.8,0.0,6.88,0.022,240.0,0.03,0,0,5,2023,0.0,1,0.5484796933490654,0.039392658787773295,1.52,1,0,0.0,1.5686159179138452,5.484796933490655,13.0,0.1779
India_Haryana_Flat_Dry,2023-01-01,29.15,75.72,0.0,0.9,18.6,6.1,97,9.9,0.0,1.92,0.261,212.0,0.02,0,0,1,2023,0.0,1,0.5361292165709426,0.477908875922766,0.36000000000000004,0,0,0.0,0.6418538861723948,5.3612921657094255,12.500000000000002,0.2699
India_Haryana_Flat_Dry,2023-01-02,29.15,75.72,0.0,0.9,18.4,5.2,98,9.4,0.0,1.97,0.266,212.0,0.02,0,0,1,2023,0.0,1,0.5361292165709426,0.4870642183733937,0.36000000000000004,0,0,0.0,0.6418538861723948,5.3612921657094255,13.2,0.2725
India_Haryana_Flat_Dry,2023-01-03,29.15,75.72,0.0,0.9,17.1,5.5,100,10.9,0.0,1.88,0.275,212.0,0.02,0,0,1,2023,0.0,1,0.5361292165709426,0.5035438347845236,0.36000000000000004,0,0,0.0,0.6418538861723948,5.3612921657094255,11.600000000000001,0.2776
India_Haryana_Flat_Dry,2023-01-04,29.15,75.72,0.0,0.9,17.4,4.2,99,11.0,0.0,1.9,0.281,212.0,0.02,0,0,1,2023,0.0,1,0.5361292165709426,0.5145302457252768,0.36000000000000004,0,0,0.0,0.6418538861723948,5.3612921657094255,13.2,0.2771
India_Haryana_Flat_Dry,2023-01-05,29.15,75.72,0.0,0.9,16.5,4.1,100,10.0,0.0,1.64,0.282,212.0,0.02,0,0,1,2023,0.0,1,0.5361292165709426,0.5163613142154023,0.36000000000000004,0,0,0.0,0.6418538861723948,5.3612921657094255,12.4,0.2789
India_WB_Kolkata_Flat,2023-02-01,22.57,88.36,0.0,0.0,24.5,18.5,81,11.1,0.0,1.82,0.163,12.0,3.22,0,0,2,2023,0.0,0,0.2564949357461537,0.6116438931329771,0.0,0,0,0.0,0.0,2.5649493574615367,6.0,0.1815
India_WB_Kolkata_Flat,2023-02-02,22.57,88.36,0.0,0.0,25.9,15.8,81,16.6,0.0,4.09,0.163,12.0,3.47,0,0,2,2023,0.0,0,0.2564949357461537,0.6116438931329771,0.0,0,0,0.0,0.0,2.5649493574615367,10.099999999999998,0.1815
India_WB_Kolkata_Flat,2023-02-03,22.57,88.36,0.0,0.0,25.9,14.1,93,14.7,0.0,3.46,0.165,12.0,3.73,0,0,2,2023,0.0,0,0.2564949357461537,0.6191487261775535,0.0,0,0,0.0,0.0,2.5649493574615367,11.799999999999999,0.2017
India_WB_Kolkata_Flat,2023-02-04,22.57,88.36,0.0,0.0,26.9,13.3,96,12.5,0.0,3.75,0.158,12.0,3.76,0,0,2,2023,0.0,0,0.2564949357461537,0.592881810521536,0.0,0,0,0.0,0.0,2.5649493574615367,13.599999999999998,0.2053
India_WB_Kolkata_Flat,2023-02-05,22.57,88.36,0.0,0.0,27.5,14.1,88,9.2,0.0,3.71,0.156,12.0,3.75,0,0,2,2023,0.0,0,0.2564949357461537,0.5853769774769596,0.0,0,0,0.0,0.0,2.5649493574615367,13.4,0.1917
India_Bihar_Patna_FlatDry,2023-01-10,25.61,85.13,0.0,0.0,17.7,7.9,99,12.0,0.0,1.44,0.293,54.0,1869.68,1,0,1,2023,0.0,0,0.4007333185232471,0.7133582467900433,0.0,0,0,0.0,0.0,4.007333185232471,9.799999999999999,0.2556
India_Bihar_Patna_FlatDry,2023-01-11,25.61,85.13,0.0,0.0,18.9,8.2,99,13.7,0.0,1.69,0.296,54.0,1802.02,1,0,1,2023,0.0,0,0.4007333185232471,0.7206622561428424,0.0,0,0,0.0,0.0,4.007333185232471,10.7,0.2562
India_Bihar_Patna_FlatDry,2023-01-12,25.61,85.13,0.0,0.0,18.6,8.7,99,9.7,0.0,1.67,0.296,54.0,1736.8,1,0,1,2023,0.0,0,0.4007333185232471,0.7206622561428424,0.0,0,0,0.0,0.0,4.007333185232471,9.900000000000002,0.2562
India_Bihar_Patna_FlatDry,2023-01-13,25.61,85.13,0.0,0.0,21.0,9.2,100,9.0,0.0,1.95,0.295,54.0,1677.8,1,0,1,2023,0.0,0,0.4007333185232471,0.718227586358576,0.0,0,0,0.0,0.0,4.007333185232471,11.8,0.2576
India_Bihar_Patna_FlatDry,2023-01-14,25.61,85.13,0.0,0.0,23.5,10.2,99,14.1,0.0,2.39,0.29,54.0,1632.05,1,0,1,2023,0.0,0,0.4007333185232471,0.7060542374372442,0.0,0,0,0.0,0.0,4.007333185232471,13.3,0.255
India_MH_Nagpur_Flat,2023-01-01,21.15,79.09,0.0,0.3,27.4,16.1,72,10.0,0.0,3.65,0.243,310.0,0.87,0,0,1,2023,0.0,1,0.5739792912179233,0.416110645795691,0.12,0,0,0.0,0.262364264467491,5.739792912179234,11.299999999999997,0.2341
India_MH_Nagpur_Flat,2023-01-02,21.15,79.09,0.0,0.3,27.2,15.1,77,11.4,0.0,3.45,0.238,310.0,0.87,0,0,1,2023,0.0,1,0.5739792912179233,0.4075486983513352,0.12,0,0,0.0,0.262364264467491,5.739792912179234,12.1,0.2413
India_MH_Nagpur_Flat,2023-01-03,21.15,79.09,0.0,0.3,27.8,14.9,78,9.2,0.0,3.25,0.237,310.0,0.87,0,0,1,2023,0.0,1,0.5739792912179233,0.4058363088624641,0.12,0,0,0.0,0.262364264467491,5.739792912179234,12.9,0.2428
India_MH_Nagpur_Flat,2023-01-04,21.15,79.09,0.1,0.3,25.3,16.1,81,11.9,1.0,2.89,0.24,310.0,0.87,0,0,1,2023,0.1,1,0.5739792912179233,0.4109734773290775,0.18,0,0,0.09531017980432487,0.262364264467491,5.739792912179234,9.2,0.2484
India_MH_Nagpur_Flat,2023-01-05,21.15,79.09,0.2,0.3,26.5,15.1,90,11.8,2.0,3.06,0.244,310.0,0.99,0,0,1,2023,0.1,1,0.5739792912179233,0.41782303528456216,0.24,0,0,0.18232155679395465,0.262364264467491,5.739792912179234,11.4,0.2641
India_TN_Chennai_Flat,2023-03-01,13.08,80.27,0.0,0.2,30.6,25.0,86,17.3,0.0,5.43,0.136,10.0,,0,0,3,2023,0.0,0,0.23978952727983707,0.54445837454042,0.08000000000000002,1,0,0.0,0.18232155679395465,2.3978952727983707,5.600000000000001,0.1825
India_TN_Chennai_Flat,2023-03-02,13.08,80.27,0.0,0.2,30.6,21.7,91,14.0,0.0,5.6,0.131,10.0,,0,0,3,2023,0.0,0,0.23978952727983707,0.5244415225352576,0.08000000000000002,1,0,0.0,0.18232155679395465,2.3978952727983707,8.900000000000002,0.1898
India_TN_Chennai_Flat,2023-03-03,13.08,80.27,0.0,0.2,30.7,21.5,95,17.1,0.0,5.45,0.126,10.0,,0,0,3,2023,0.0,0,0.23978952727983707,0.504424670530095,0.08000000000000002,1,0,0.0,0.18232155679395465,2.3978952727983707,9.2,0.1954
India_TN_Chennai_Flat,2023-03-04,13.08,80.27,0.0,0.2,31.2,21.3,93,15.9,0.0,5.28,0.122,10.0,,0,0,3,2023,0.0,0,0.23978952727983707,0.488411188925965,0.08000000000000002,1,0,0.0,0.18232155679395465,2.3978952727983707,9.899999999999999,0.1913
India_TN_Chennai_Flat,2023-03-05,13.08,80.27,0.0,0.2,31.0,22.2,97,15.8,0.0,5.22,0.128,10.0,,0,0,3,2023,0.0,0,0.23978952727983707,0.51243141133216,0.08000000000000002,1,0,0.0,0.18232155679395465,2.3978952727983707,8.8,0.1991
India_Gujarat_Flat,2023-02-01,23.02,72.57,0.0,2.1,27.2,14.8,80,20.3,0.0,4.9,0.195,53.0,1.12,0,0,2,2023,0.0,0,0.39889840465642745,0.4768910755811011,0.8400000000000001,0,0,0.0,1.1314021114911006,3.9889840465642745,12.399999999999999,0.2058
India_Gujarat_Flat,2023-02-02,23.02,72.57,0.0,2.1,29.2,13.8,62,17.7,0.0,5.09,0.187,53.0,1.28,0,0,2,2023,0.0,0,0.39889840465642745,0.45732631350597897,0.8400000000000001,0,0,0.0,1.1314021114911006,3.9889840465642745,15.399999999999999,0.1746
India_Gujarat_Flat,2023-02-03,23.02,72.57,0.0,2.1,30.0,14.4,61,15.6,0.0,4.92,0.179,53.0,1.3,0,0,2,2023,0.0,0,0.39889840465642745,0.4377615514308569,0.8400000000000001,0,0,0.0,1.1314021114911006,3.9889840465642745,15.6,0.1714
India_Gujarat_Flat,2023-02-04,23.02,72.57,0.0,2.1,30.6,12.9,67,12.2,0.0,4.87,0.173,53.0,1.28,0,0,2,2023,0.0,0,0.39889840465642745,0.4230879798745153,0.8400000000000001,0,0,0.0,1.1314021114911006,3.9889840465642745,17.700000000000003,0.1801
India_Gujarat_Flat,2023-02-05,23.02,72.57,0.0,2.1,31.7,14.1,65,9.5,0.0,4.4,0.167,53.0,1.28,0,0,2,2023,0.0,0,0.39889840465642745,0.40841440831817377,0.8400000000000001,0,0,0.0,1.1314021114911006,3.9889840465642745,17.6,0.1756
India_Odisha_Flat,2023-03-01,20.29,85.82,0.0,0.0,35.6,19.9,97,16.5,0.0,5.22,0.127,54.0,0.19,0,0,3,2023,0.0,0,0.4007333185232471,0.30920306260182767,0.0,1,0,0.0,0.0,4.007333185232471,15.700000000000003,0.2201
India_Odisha_Flat,2023-03-02,20.29,85.82,0.0,0.0,36.2,21.0,83,20.4,0.0,5.28,0.125,54.0,0.19,0,0,3,2023,0.0,0,0.4007333185232471,0.3043337230332949,0.0,1,0,0.0,0.0,4.007333185232471,15.200000000000003,0.1966
India_Odisha_Flat,2023-03-03,20.29,85.82,0.0,0.0,36.3,20.9,80,15.4,0.0,5.51,0.123,54.0,0.19,0,0,3,2023,0.0,0,0.4007333185232471,0.29946438346476223,0.0,1,0,0.0,0.0,4.007333185232471,15.399999999999999,0.1913
India_Odisha_Flat,2023-03-04,20.29,85.82,0.0,0.0,36.3,20.5,72,15.2,0.0,6.07,0.121,54.0,0.19,0,0,3,2023,0.0,0,0.4007333185232471,0.2945950438962295,0.0,1,0,0.0,0.0,4.007333185232471,15.799999999999997,0.1777
India_Odisha_Flat,2023-03-05,20.29,85.82,0.0,0.0,36.4,20.5,73,14.4,0.0,6.0,0.12,54.0,0.19,0,0,3,2023,0.0,0,0.4007333185232471,0.2921603741119631,0.0,1,0,0.0,0.0,4.007333185232471,15.899999999999999,0.1792
Bangladesh_Dhaka_Flat,2023-01-01,23.81,90.41,0.0,9.4,23.8,11.9,95,8.7,0.0,2.48,0.277,9.0,10.8,0,0,1,2023,0.0,0,0.23025850929940458,1.1529248258791494,3.7600000000000002,0,0,0.0,2.341805806147327,2.302585092994046,11.9,0.227
Bangladesh_Dhaka_Flat,2023-01-02,23.81,90.41,0.0,9.4,24.4,12.4,95,9.3,0.0,2.65,0.277,9.0,10.8,0,0,1,2023,0.0,0,0.23025850929940458,1.1529248258791494,3.7600000000000002,0,0,0.0,2.341805806147327,2.302585092994046,11.999999999999998,0.227
Bangladesh_Dhaka_Flat,2023-01-03,23.81,90.41,0.0,9.4,23.5,11.9,94,11.0,0.0,2.55,0.275,9.0,10.8,0,0,1,2023,0.0,0,0.23025850929940458,1.1446004589052927,3.7600000000000002,0,0,0.0,2.341805806147327,2.302585092994046,11.6,0.2249
Bangladesh_Dhaka_Flat,2023-01-04,23.81,90.41,0.0,9.4,23.4,13.2,95,12.2,0.0,2.51,0.276,9.0,10.72,0,0,1,2023,0.0,0,0.23025850929940458,1.148762642392221,3.7600000000000002,0,0,0.0,2.341805806147327,2.302585092994046,10.2,0.2268
Bangladesh_Dhaka_Flat,2023-01-05,23.81,90.41,0.0,9.4,22.8,12.3,95,14.8,0.0,2.41,0.283,9.0,10.67,0,0,1,2023,0.0,0,0.23025850929940458,1.1778979268007193,3.7600000000000002,0,0,0.0,2.341805806147327,2.302585092994046,10.5,0.2281
Nepal_Terai_Flat,2023-01-15,27.0,84.0,0.0,0.0,17.8,10.5,98,15.9,0.0,1.18,0.292,90.0,205.54,0,0,1,2023,0.0,0,0.451085950651685,0.6332875672904281,0.0,0,0,0.0,0.0,4.51085950651685,7.300000000000001,0.2615
Nepal_Terai_Flat,2023-01-16,27.0,84.0,0.0,0.0,17.5,7.7,95,10.5,0.0,1.7,0.29,90.0,203.64,0,0,1,2023,0.0,0,0.451085950651685,0.6289499812130964,0.0,0,0,0.0,0.0,4.51085950651685,9.8,0.2561
Nepal_Terai_Flat,2023-01-17,27.0,84.0,0.0,0.0,17.9,6.3,96,9.0,0.0,1.94,0.282,90.0,200.84,0,0,1,2023,0.0,0,0.451085950651685,0.6115996369037696,0.0,0,0,0.0,0.0,4.51085950651685,11.599999999999998,0.2562
Nepal_Terai_Flat,2023-01-18,27.0,84.0,0.0,0.0,18.2,6.1,98,9.9,0.0,2.03,0.27,90.0,197.15,0,0,1,2023,0.0,0,0.451085950651685,0.5855741204397795,0.0,0,0,0.0,0.0,4.51085950651685,12.1,0.2572
Nepal_Terai_Flat,2023-01-19,27.0,84.0,0.0,0.0,18.5,6.3,100,9.8,0.0,1.93,0.255,90.0,194.43,0,0,1,2023,0.0,0,0.451085950651685,0.5530422248597917,0.0,0,0,0.0,0.0,4.51085950651685,12.2,0.2576
Pakistan_Punjab_Flat,2023-02-01,31.55,74.34,0.0,9.2,20.4,6.3,90,12.3,0.0,2.52,0.231,219.0,0.58,0,0,2,2023,0.0,1,0.5393627546352362,0.4204871882029544,3.6799999999999997,0,0,0.0,2.322387720290225,5.393627546352362,14.099999999999998,0.2564
Pakistan_Punjab_Flat,2023-02-02,31.55,74.34,0.0,9.2,21.9,6.8,89,12.9,0.0,2.56,0.212,219.0,0.52,0,0,2,2023,0.0,1,0.5393627546352362,0.38590166190054687,3.6799999999999997,0,0,0.0,2.322387720290225,5.393627546352362,15.099999999999998,0.251
Pakistan_Punjab_Flat,2023-02-03,31.55,74.34,0.0,9.2,22.6,7.0,91,10.0,0.0,2.37,0.189,219.0,0.47,0,0,2,2023,0.0,1,0.5393627546352362,0.34403497216605355,3.6799999999999997,0,0,0.0,2.322387720290225,5.393627546352362,15.600000000000001,0.2499
Pakistan_Punjab_Flat,2023-02-04,31.55,74.34,0.0,9.2,23.5,8.6,98,11.6,0.0,2.93,0.172,219.0,0.44,0,0,2,2023,0.0,1,0.5393627546352362,0.31309002757968896,3.6799999999999997,0,0,0.0,2.322387720290225,5.393627546352362,14.9,0.2581
Pakistan_Punjab_Flat,2023-02-05,31.55,74.34,0.0,9.2,23.1,8.4,89,10.1,0.0,2.73,0.157,219.0,0.42,0,0,2,2023,0.0,1,0.5393627546352362,0.2857856647093672,3.6799999999999997,0,0,0.0,2.322387720290225,5.393627546352362,14.700000000000001,0.2403
Japan_Tokyo_Flat,2023-01-01,35.69,139.69,0.0,0.3,10.8,-2.2,91,19.1,0.0,1.4,0.277,43.0,0.24,0,0,1,2023,0.0,0,0.3784189633918261,0.7131474673150039,0.12,0,0,0.0,0.262364264467491,3.784189633918261,13.0,0.2363
Japan_Tokyo_Flat,2023-01-02,35.69,139.69,0.0,0.3,8.9,1.1,74,24.5,0.0,1.76,0.278,43.0,0.24,0,0,1,2023,0.0,0,0.3784189633918261,0.7157220069081989,0.12,0,0,0.0,0.262364264467491,3.784189633918261,7.800000000000001,0.2084
Japan_Tokyo_Flat,2023-01-03,35.69,139.69,0.0,0.3,8.9,-1.1,70,22.7,0.0,1.83,0.269,43.0,0.23,0,0,1,2023,0.0,0,0.3784189633918261,0.6925511505694442,0.12,0,0,0.0,0.262364264467491,3.784189633918261,10.0,0.2001
Japan_Tokyo_Flat,2023-01-04,35.69,139.69,0.0,0.3,8.6,0.3,70,23.4,0.0,1.75,0.256,43.0,0.23,0,0,1,2023,0.0,0,0.3784189633918261,0.6590821358579096,0.12,0,0,0.0,0.262364264467491,3.784189633918261,8.299999999999999,0.1976
Japan_Tokyo_Flat,2023-01-05,35.69,139.69,0.0,0.3,9.3,0.2,67,26.0,0.0,2.16,0.246,43.0,0.23,0,0,1,2023,0.0,0,0.3784189633918261,0.6333367399259601,0.12,0,0,0.0,0.262364264467491,3.784189633918261,9.100000000000001,0.1907
China_Beijing_Flat,2023-01-01,39.91,116.4,0.0,0.0,3.3,-5.8,44,14.1,0.0,1.38,0.248,47.0,4.78,0,0,1,2023,0.0,0,0.3871201010907891,0.6244962149203889,0.0,0,0,0.0,0.0,3.871201010907891,9.1,0.1543
China_Beijing_Flat,2023-01-02,39.91,116.4,0.0,0.0,2.6,-6.0,55,17.3,0.0,1.38,0.248,47.0,4.78,0,0,1,2023,0.0,0,0.3871201010907891,0.6244962149203889,0.0,0,0,0.0,0.0,3.871201010907891,8.6,0.1724
China_Beijing_Flat,2023-01-03,39.91,116.4,0.0,0.0,1.2,-8.4,44,11.2,0.0,1.1,0.248,47.0,4.78,0,0,1,2023,0.0,0,0.3871201010907891,0.6244962149203889,0.0,0,0,0.0,0.0,3.871201010907891,9.6,0.1543
China_Beijing_Flat,2023-01-04,39.91,116.4,0.0,0.0,3.3,-8.0,53,10.8,0.0,1.11,0.248,47.0,4.78,0,0,1,2023,0.0,0,0.3871201010907891,0.6244962149203889,0.0,0,0,0.0,0.0,3.871201010907891,11.3,0.1691
China_Beijing_Flat,2023-01-05,39.91,116.4,0.0,0.0,3.4,-7.8,70,10.4,0.0,0.95,0.249,47.0,4.78,0,0,1,2023,0.0,0,0.3871201010907891,0.6270143448192614,0.0,0,0,0.0,0.0,3.871201010907891,11.2,0.1973
Australia_Outback_Flat,2023-07-01,-25.0,134.0,1.2,35.4,11.2,6.8,87,19.5,4.0,1.41,0.188,399.0,0.0,0,0,7,2023,0.3,1,0.5991464547107982,0.30862857125099075,14.88,2,0,0.7884573603642702,3.594568774642695,5.991464547107982,4.3999999999999995,0.2691
Australia_Outback_Flat,2023-07-02,-25.0,134.0,0.1,35.4,12.1,7.2,92,19.0,1.0,1.23,0.196,399.0,0.0,0,0,7,2023,0.1,1,0.5991464547107982,0.3217617019425223,14.22,2,0,0.09531017980432487,3.594568774642695,5.991464547107982,4.8999999999999995,0.2782
Australia_Outback_Flat,2023-07-03,-25.0,134.0,0.4,35.4,12.8,8.0,97,13.8,4.0,1.32,0.198,399.0,0.0,0,0,7,2023,0.1,1,0.5991464547107982,0.32504498461540515,14.4,2,0,0.33647223662121295,3.594568774642695,5.991464547107982,4.800000000000001,0.287
Australia_Outback_Flat,2023-07-04,-25.0,134.0,0.0,35.4,17.0,5.1,93,16.6,0.0,2.33,0.183,399.0,0.0,0,0,7,2023,0.0,1,0.5991464547107982,0.30042036456878357,14.16,2,0,0.0,3.594568774642695,5.991464547107982,11.9,0.2772
Australia_Outback_Flat,2023-07-05,-25.0,134.0,0.0,35.4,17.9,5.6,95,21.8,0.0,2.59,0.166,399.0,0.0,0,0,7,2023,0.0,1,0.5991464547107982,0.2725124618492791,14.16,2,0,0.0,3.594568774642695,5.991464547107982,12.299999999999999,0.2772
Germany_Munich_DryFlat,2023-01-10,48.14,11.58,1.8,7.9,4.4,-1.5,96,23.4,10.0,0.49,0.382,524.0,3.03,0,0,1,2023,0.18,2,0.6263398262591624,0.6003081753434409,4.24,0,0,1.0296194171811581,2.186051276738094,6.263398262591624,5.9,0.3208
Germany_Munich_DryFlat,2023-01-11,48.14,11.58,3.3,7.9,10.4,-2.2,90,23.1,9.0,1.03,0.382,524.0,3.61,0,0,1,2023,0.36666666666666664,2,0.6263398262591624,0.6003081753434409,5.14,0,0,1.4586150226995167,2.186051276738094,6.263398262591624,12.600000000000001,0.3119
Germany_Munich_DryFlat,2023-01-12,48.14,11.58,0.0,7.9,8.6,3.7,91,26.7,0.0,1.11,0.395,524.0,3.14,0,0,1,2023,0.0,2,0.6263398262591624,0.620737511153558,3.16,0,0,0.0,2.186051276738094,6.263398262591624,4.8999999999999995,0.3139
Germany_Munich_DryFlat,2023-01-13,48.14,11.58,3.4,7.9,10.7,3.2,86,31.1,7.0,1.52,0.383,524.0,3.05,0,0,1,2023,0.4857142857142857,2,0.6263398262591624,0.60187966271345,5.2,0,0,1.4816045409242156,2.186051276738094,6.263398262591624,7.499999999999999,0.3056
Germany_Munich_DryFlat,2023-01-14,48.14,11.58,0.2,7.9,9.5,2.5,84,23.2,1.0,0.99,0.387,524.0,2.83,0,0,1,2023,0.2,2,0.6263398262591624,0.608165612193486,3.2800000000000002,0,0,0.18232155679395465,2.186051276738094,6.263398262591624,7.0,0.3009
France_Paris_Flat,2023-02-01,48.86,2.35,0.0,0.9,9.7,5.9,90,25.1,0.0,1.07,0.352,50.0,1.05,0,0,2,2023,0.0,0,0.39318256327243256,0.8730536289639881,0.36000000000000004,0,0,0.0,0.6418538861723948,3.9318256327243257,3.799999999999999,0.2515
France_Paris_Flat,2023-02-02,48.86,2.35,0.0,0.9,10.5,4.4,93,24.7,0.0,0.87,0.345,50.0,1.12,0,0,2,2023,0.0,0,0.39318256327243256,0.8556917670243632,0.36000000000000004,0,0,0.0,0.6418538861723948,3.9318256327243257,6.1,0.2551
France_Paris_Flat,2023-02-03,48.86,2.35,0.0,0.9,10.1,6.4,93,22.4,0.0,0.85,0.351,50.0,1.12,0,0,2,2023,0.0,0,0.39318256327243256,0.8705733629726131,0.36000000000000004,0,0,0.0,0.6418538861723948,3.9318256327243257,3.6999999999999993,0.2562
France_Paris_Flat,2023-02-04,48.86,2.35,0.0,0.9,10.8,7.7,93,13.8,0.0,0.67,0.355,50.0,1.12,0,0,2,2023,0.0,0,0.39318256327243256,0.880494426938113,0.36000000000000004,0,0,0.0,0.6418538861723948,3.9318256327243257,3.1000000000000005,0.257
France_Paris_Flat,2023-02-05,48.86,2.35,0.1,0.9,9.4,4.0,95,23.1,1.0,0.94,0.343,50.0,1.12,0,0,2,2023,0.1,0,0.39318256327243256,0.8507312350416135,0.42000000000000004,0,0,0.09531017980432487,0.6418538861723948,3.9318256327243257,5.4,0.258
USA_Kansas_Flat,2023-03-01,38.7,-98.0,0.0,13.8,12.1,1.9,65,29.8,0.0,3.27,0.32,481.0,0.0,0,0,3,2023,0.0,1,0.61779441140506,0.509721007684365,5.5200000000000005,1,0,0.0,2.6946271807700692,6.1779441140506,10.2,0.2556
USA_Kansas_Flat,2023-03-02,38.7,-98.0,0.0,13.8,7.2,-0.9,73,21.0,0.0,1.79,0.304,481.0,0.0,0,0,3,2023,0.0,1,0.61779441140506,0.48423495730014676,5.5200000000000005,1,0,0.0,2.6946271807700692,6.1779441140506,8.1,0.2657
USA_Kansas_Flat,2023-03-03,38.7,-98.0,0.0,13.8,13.5,-1.8,88,18.4,0.0,2.64,0.295,481.0,0.0,0,0,3,2023,0.0,1,0.61779441140506,0.469899053959024,5.5200000000000005,1,0,0.0,2.6946271807700692,6.1779441140506,15.3,0.2887
USA_Kansas_Flat,2023-03-04,38.7,-98.0,1.1,13.8,13.3,2.2,86,15.3,2.0,2.63,0.294,481.0,0.0,0,0,3,2023,0.55,1,0.61779441140506,0.46830617581001033,6.180000000000001,1,0,0.7419373447293773,2.6946271807700692,6.1779441140506,11.100000000000001,0.2859
USA_Kansas_Flat,2023-03-05,38.7,-98.0,0.0,13.8,21.8,3.1,74,21.4,0.0,3.61,0.278,481.0,0.0,0,0,3,2023,0.0,1,0.61779441140506,0.44282012542579213,5.5200000000000005,1,0,0.0,2.6946271807700692,6.1779441140506,18.7,0.2623
Brazil_Amazon_FlatDry,2023-07-01,-3.47,-62.21,0.6,8.8,31.1,23.8,95,7.7,3.0,3.57,0.264,56.0,31.51,0,0,7,2023,0.19999999999999998,0,0.40430512678345504,0.637211521010178,3.8800000000000003,2,0,0.4700036292457356,2.2823823856765264,4.04305126783455,7.300000000000001,0.2476
Brazil_Amazon_FlatDry,2023-07-02,-3.47,-62.21,0.0,8.8,30.7,22.9,99,7.7,0.0,2.94,0.263,56.0,30.77,0,0,7,2023,0.0,0,0.40430512678345504,0.6347978410063515,3.5200000000000005,2,0,0.0,2.2823823856765264,4.04305126783455,7.800000000000001,0.2536
Brazil_Amazon_FlatDry,2023-07-03,-3.47,-62.21,2.2,8.8,29.1,23.4,96,8.0,7.0,2.46,0.279,56.0,30.19,0,0,7,2023,0.31428571428571433,0,0.40430512678345504,0.6734167210675744,4.840000000000001,2,0,1.1631508098056809,2.2823823856765264,4.04305126783455,5.700000000000003,0.2532
Brazil_Amazon_FlatDry,2023-07-04,-3.47,-62.21,0.4,8.8,31.0,23.3,98,8.3,4.0,3.96,0.275,56.0,29.83,0,0,7,2023,0.1,0,0.40430512678345504,0.6637620010522688,3.7600000000000007,2,0,0.33647223662121295,2.2823823856765264,4.04305126783455,7.699999999999999,0.2545
Brazil_Amazon_FlatDry,2023-07-05,-3.47,-62.21,3.1,8.8,30.7,23.2,99,8.2,8.0,3.5,0.284,56.0,29.41,0,0,7,2023,0.3875,0,0.40430512678345504,0.6854851210867066,5.380000000000001,2,0,1.410986973710262,2.2823823856765264,4.04305126783455,7.5,0.2597
India_Uttarakhand_DryFeb,2023-02-01,30.51,79.42,0.0,68.8,10.3,-3.6,45,9.7,0.0,2.94,0.281,2545.0,30.62,0,0,2,2023,0.0,3,0.7842278779117352,0.35380274076859886,27.52,0,0,0.0,4.2456340097683265,7.842278779117352,13.9,0.351
India_Uttarakhand_DryFeb,2023-02-02,30.51,79.42,0.0,68.8,10.6,-2.9,56,9.0,0.0,2.78,0.274,2545.0,30.41,0,0,2,2023,0.0,3,0.7842278779117352,0.3449891493615519,27.52,0,0,0.0,4.2456340097683265,7.842278779117352,13.5,0.3678
India_Uttarakhand_DryFeb,2023-02-03,30.51,79.42,0.0,68.8,10.5,-4.7,65,9.4,0.0,2.32,0.287,2545.0,30.26,0,0,2,2023,0.0,3,0.7842278779117352,0.36135724768892474,27.52,0,0,0.0,4.2456340097683265,7.842278779117352,15.2,0.3852
India_Uttarakhand_DryFeb,2023-02-04,30.51,79.42,0.0,68.8,9.1,-4.4,67,8.7,0.0,2.29,0.322,2545.0,30.12,0,0,2,2023,0.0,3,0.7842278779117352,0.4054252047241595,27.52,0,0,0.0,4.2456340097683265,7.842278779117352,13.5,0.3953
India_Uttarakhand_DryFeb,2023-02-05,30.51,79.42,0.0,68.8,8.7,-5.5,77,7.7,0.0,2.29,0.346,2545.0,29.97,0,0,2,2023,0.0,3,0.7842278779117352,0.43564323240546327,27.52,0,0,0.0,4.2456340097683265,7.842278779117352,14.2,0.4164
India_HP_DryDec,2022-12-01,31.1,77.17,0.0,0.0,16.2,2.5,89,9.2,0.0,2.08,0.4,1940.0,0.26,0,0,12,2022,0.0,3,0.757095858316901,0.5214472163591749,0.0,0,0,0.0,0.0,7.57095858316901,13.7,0.3898
India_HP_DryDec,2022-12-02,31.1,77.17,0.0,0.0,14.9,4.3,96,7.2,0.0,1.7,0.403,1940.0,0.25,0,0,12,2022,0.0,3,0.757095858316901,0.5253580704818687,0.0,0,0,0.0,0.0,7.57095858316901,10.600000000000001,0.4019
India_HP_DryDec,2022-12-03,31.1,77.17,0.0,0.0,13.7,3.4,98,8.0,0.0,1.87,0.403,1940.0,0.25,0,0,12,2022,0.0,3,0.757095858316901,0.5253580704818687,0.0,0,0,0.0,0.0,7.57095858316901,10.299999999999999,0.4052
India_HP_DryDec,2022-12-04,31.1,77.17,0.0,0.0,14.6,2.8,91,8.7,0.0,1.92,0.4,1940.0,0.24,0,0,12,2022,0.0,3,0.757095858316901,0.5214472163591749,0.0,0,0,0.0,0.0,7.57095858316901,11.8,0.3931
India_HP_DryDec,2022-12-05,31.1,77.17,0.0,0.0,13.2,1.7,95,7.9,0.0,1.83,0.397,1940.0,0.24,0,0,12,2022,0.0,3,0.757095858316901,0.517536362236481,0.0,0,0,0.0,0.0,7.57095858316901,11.5,0.3991
India_Kerala_DryJan,2023-01-15,9.55,76.52,0.0,0.5,31.9,20.8,95,13.7,0.0,4.46,0.287,2.0,1.14,0,0,1,2023,0.0,0,0.10986122886681098,2.3944356545761143,0.2,0,0,0.0,0.4054651081081644,1.0986122886681098,11.099999999999998,0.2109
India_Kerala_DryJan,2023-01-16,9.55,76.52,0.0,0.5,32.5,21.0,96,15.2,0.0,4.45,0.285,2.0,1.01,0,0,1,2023,0.0,0,0.10986122886681098,2.377749691826455,0.2,0,0,0.0,0.4054651081081644,1.0986122886681098,11.5,0.2121
India_Kerala_DryJan,2023-01-17,9.55,76.52,1.9,0.5,31.5,22.2,96,11.4,4.0,4.28,0.289,2.0,0.99,0,0,1,2023,0.475,0,0.10986122886681098,2.4111216173257737,1.3399999999999999,0,0,1.0647107369924282,0.4054651081081644,1.0986122886681098,9.3,0.2142
India_Kerala_DryJan,2023-01-18,9.55,76.52,0.0,0.5,32.7,21.0,95,13.0,0.0,4.49,0.288,2.0,0.97,0,0,1,2023,0.0,0,0.10986122886681098,2.402778635950944,0.2,0,0,0.0,0.4054651081081644,1.0986122886681098,11.700000000000003,0.2111
India_Kerala_DryJan,2023-01-19,9.55,76.52,0.0,0.5,32.8,18.9,96,14.4,0.0,4.74,0.288,2.0,0.95,0,0,1,2023,0.0,0,0.10986122886681098,2.402778635950944,0.2,0,0,0.0,0.4054651081081644,1.0986122886681098,13.899999999999999,0.2127
India_Sikkim_DryMar,2023-03-01,27.33,88.61,21.1,128.5,16.2,8.4,97,7.3,14.0,2.64,0.411,1551.0,1.09,0,0,3,2023,1.5071428571428573,3,0.7347299700743164,0.5518778839516643,64.06,1,0,3.095577608523707,4.863680881139593,7.347299700743164,7.799999999999999,0.4462
India_Sikkim_DryMar,2023-03-02,27.33,88.61,9.8,128.5,17.0,6.2,98,6.7,12.0,2.77,0.415,1551.0,1.22,0,0,3,2023,0.8166666666666668,3,0.7347299700743164,0.5572489582480308,57.28000000000001,1,0,2.379546134130174,4.863680881139593,7.347299700743164,10.8,0.4412
India_Sikkim_DryMar,2023-03-03,27.33,88.61,7.1,128.5,17.6,5.9,98,5.5,12.0,2.67,0.41,1551.0,1.25,0,0,3,2023,0.5916666666666667,3,0.7347299700743164,0.5505351153775726,55.660000000000004,1,0,2.0918640616783932,4.863680881139593,7.347299700743164,11.700000000000001,0.4385
India_Sikkim_DryMar,2023-03-04,27.33,88.61,16.8,128.5,18.3,7.1,98,5.4,18.0,2.83,0.419,1551.0,1.25,0,0,3,2023,0.9333333333333333,3,0.7347299700743164,0.5626200325443974,61.480000000000004,1,0,2.8791984572980396,4.863680881139593,7.347299700743164,11.200000000000001,0.4466
India_Sikkim_DryMar,2023-03-05,27.33,88.61,26.6,128.5,18.9,10.2,98,6.7,8.0,2.97,0.419,1551.0,1.25,0,0,3,2023,3.325,3,0.7347299700743164,0.5626200325443974,67.36000000000001,1,0,3.3178157727231046,4.863680881139593,7.347299700743164,8.7,0.4531
Nepal_DryMarch,2023-03-01,27.7,85.32,0.2,10.4,21.3,8.9,98,11.7,2.0,3.31,0.215,1289.0,0.09,0,0,3,2023,0.1,2,0.7162397497355718,0.2960454864640537,4.28,1,0,0.18232155679395465,2.4336133554004498,7.162397497355718,12.4,0.3377
Nepal_DryMarch,2023-03-02,27.7,85.32,1.1,10.4,21.9,9.3,91,11.2,5.0,3.25,0.209,1289.0,0.06,0,0,3,2023,0.22000000000000003,2,0.7162397497355718,0.28778375195808015,4.82,1,0,0.7419373447293773,2.4336133554004498,7.162397497355718,12.599999999999998,0.3256
Nepal_DryMarch,2023-03-03,27.7,85.32,0.2,10.4,22.7,9.4,97,8.0,2.0,3.42,0.204,1289.0,0.03,0,0,3,2023,0.1,2,0.7162397497355718,0.28089897320310214,4.28,1,0,0.18232155679395465,2.4336133554004498,7.162397497355718,13.299999999999999,0.3339
Nepal_DryMarch,2023-03-04,27.7,85.32,0.5,10.4,22.6,9.6,100,11.2,2.0,3.16,0.2,1289.0,0.06,0,0,3,2023,0.25,2,0.7162397497355718,0.27539115019911975,4.46,1,0,0.4054651081081644,2.4336133554004498,7.162397497355718,13.000000000000002,0.3383
Nepal_DryMarch,2023-03-05,27.7,85.32,0.4,10.4,22.8,10.3,98,13.4,2.0,3.42,0.211,1289.0,0.03,0,0,3,2023,0.2,2,0.7162397497355718,0.2905376634600713,4.4,1,0,0.33647223662121295,2.4336133554004498,7.162397497355718,12.5,0.337
Japan_DryJan,2023-01-01,35.1,139.08,0.0,0.2,11.4,1.5,100,17.1,0.0,1.58,0.33,45.0,,0,0,1,2023,0.0,0,0.38286413964890953,0.8399850398534994,0.08000000000000002,0,0,0.0,0.18232155679395465,3.828641396489095,9.9,0.262
Japan_DryJan,2023-01-02,35.1,139.08,0.6,0.2,10.0,4.3,100,21.3,5.0,1.3,0.328,45.0,,0,0,1,2023,0.12,0,0.38286413964890953,0.8348942214301448,0.44,0,0,0.4700036292457356,0.18232155679395465,3.828641396489095,5.7,0.262
Japan_DryJan,2023-01-03,35.1,139.08,0.0,0.2,9.3,1.7,97,13.9,0.0,1.33,0.324,45.0,,0,0,1,2023,0.0,0,0.38286413964890953,0.8247125845834358,0.08000000000000002,0,0,0.0,0.18232155679395465,3.828641396489095,7.6000000000000005,0.2559
Japan_DryJan,2023-01-04,35.1,139.08,0.2,0.2,10.3,0.9,99,15.5,1.0,1.37,0.314,45.0,,0,0,1,2023,0.2,0,0.38286413964890953,0.799258492466663,0.2,0,0,0.18232155679395465,0.18232155679395465,3.828641396489095,9.4,0.2573
Japan_DryJan,2023-01-05,35.1,139.08,0.0,0.2,9.5,3.1,100,9.7,0.0,1.37,0.311,45.0,,0,0,1,2023,0.0,0,0.38286413964890953,0.7916222648316311,0.08000000000000002,0,0,0.0,0.18232155679395465,3.828641396489095,6.4,0.2583
China_DryWinter,2022-12-01,33.78,104.37,0.0,0.3,4.4,-2.6,74,7.2,0.0,1.25,0.321,1343.0,0.13,0,0,12,2022,0.0,2,0.7203405521083095,0.4395209865772258,0.12,0,0,0.0,0.262364264467491,7.203405521083095,7.0,0.3178
China_DryWinter,2022-12-02,33.78,104.37,0.0,0.3,8.4,-4.1,94,6.0,0.0,1.52,0.319,1343.0,0.13,0,0,12,2022,0.0,2,0.7203405521083095,0.436782538062726,0.12,0,0,0.0,0.262364264467491,7.203405521083095,12.5,0.3504
China_DryWinter,2022-12-03,33.78,104.37,0.0,0.3,5.2,-0.6,84,5.5,0.0,0.97,0.318,1343.0,0.13,0,0,12,2022,0.0,2,0.7203405521083095,0.43541331380547604,0.12,0,0,0.0,0.262364264467491,7.203405521083095,5.8,0.3337
China_DryWinter,2022-12-04,33.78,104.37,0.3,0.3,5.6,0.1,74,7.7,1.0,1.22,0.316,1343.0,0.13,0,0,12,2022,0.3,2,0.7203405521083095,0.4326748652909762,0.3,0,0,0.262364264467491,0.262364264467491,7.203405521083095,5.5,0.317
China_DryWinter,2022-12-05,33.78,104.37,0.0,0.3,6.3,-1.5,96,6.8,0.0,1.23,0.315,1343.0,0.13,0,0,12,2022,0.0,2,0.7203405521083095,0.43130564103372626,0.12,0,0,0.0,0.262364264467491,7.203405521083095,7.8,0.3529
Saudi_Arabia_Arid,2023-07-01,24.68,46.72,0.0,0.0,44.5,28.4,17,14.5,0.0,8.52,0.001,603.0,0.72,0,0,7,2023,0.0,2,0.6403574197934815,0.0015376160393734666,0.0,2,0,0.0,0.0,6.403574197934815,16.1,0.1178
Saudi_Arabia_Arid,2023-07-02,24.68,46.72,0.0,0.0,44.0,29.9,16,34.0,0.0,10.02,0.002,603.0,0.7,0,0,7,2023,0.0,2,0.6403574197934815,0.0030752320787469332,0.0,2,0,0.0,0.0,6.403574197934815,14.100000000000001,0.1163
Saudi_Arabia_Arid,2023-07-03,24.68,46.72,0.0,0.0,43.0,29.1,20,20.2,0.0,9.59,0.002,603.0,0.7,0,0,7,2023,0.0,2,0.6403574197934815,0.0030752320787469332,0.0,2,0,0.0,0.0,6.403574197934815,13.899999999999999,0.1229
Saudi_Arabia_Arid,2023-07-04,24.68,46.72,0.0,0.0,42.7,28.9,20,24.4,0.0,9.74,0.004,603.0,0.7,0,0,7,2023,0.0,2,0.6403574197934815,0.0061504641574938665,0.0,2,0,0.0,0.0,6.403574197934815,13.800000000000004,0.1233
Saudi_Arabia_Arid,2023-07-05,24.68,46.72,0.0,0.0,42.3,28.5,18,28.5,0.0,11.82,0.005,603.0,0.7,0,0,7,2023,0.0,2,0.6403574197934815,0.007688080196867333,0.0,2,0,0.0,0.0,6.403574197934815,13.799999999999997,0.1202
Sahara_Algeria_Arid,2023-06-01,25.0,3.0,0.0,0.0,36.4,23.7,27,18.5,0.0,8.86,0.0,409.0,0.0,0,0,6,2023,0.0,1,0.6016157159698354,0.0,0.0,2,0,0.0,0.0,6.016157159698354,12.7,0.1205
Sahara_Algeria_Arid,2023-06-02,25.0,3.0,0.0,0.0,39.8,23.0,23,26.0,0.0,10.09,0.0,409.0,0.0,0,0,6,2023,0.0,1,0.6016157159698354,0.0,0.0,2,0,0.0,0.0,6.016157159698354,16.799999999999997,0.1139
Sahara_Algeria_Arid,2023-06-03,25.0,3.0,0.0,0.0,38.0,23.8,17,23.8,0.0,9.95,0.0,409.0,0.0,0,0,6,2023,0.0,1,0.6016157159698354,0.0,0.0,2,0,0.0,0.0,6.016157159698354,14.2,0.104
Sahara_Algeria_Arid,2023-06-04,25.0,3.0,0.0,0.0,38.5,23.5,25,23.1,0.0,9.87,0.0,409.0,0.0,0,0,6,2023,0.0,1,0.6016157159698354,0.0,0.0,2,0,0.0,0.0,6.016157159698354,15.0,0.1172
Sahara_Algeria_Arid,2023-06-05,25.0,3.0,0.0,0.0,39.2,24.2,22,16.2,0.0,9.01,0.0,409.0,0.0,0,0,6,2023,0.0,1,0.6016157159698354,0.0,0.0,2,0,0.0,0.0,6.016157159698354,15.000000000000004,0.1122
Atacama_Chile_Arid,2023-06-01,-24.5,-69.25,0.0,0.0,21.6,7.6,12,18.4,0.0,4.76,0.008,2652.0,0.0,0,0,6,2023,0.0,3,0.788344635413774,0.010020734962230542,0.0,2,0,0.0,0.0,7.88344635413774,14.000000000000002,0.2234
Atacama_Chile_Arid,2023-06-02,-24.5,-69.25,0.0,0.0,19.8,6.3,17,19.6,0.0,4.51,0.008,2652.0,0.0,0,0,6,2023,0.0,3,0.788344635413774,0.010020734962230542,0.0,2,0,0.0,0.0,7.88344635413774,13.5,0.2317
Atacama_Chile_Arid,2023-06-03,-24.5,-69.25,0.0,0.0,19.6,4.9,14,17.5,0.0,4.57,0.008,2652.0,0.0,0,0,6,2023,0.0,3,0.788344635413774,0.010020734962230542,0.0,2,0,0.0,0.0,7.88344635413774,14.700000000000001,0.2267
Atacama_Chile_Arid,2023-06-04,-24.5,-69.25,0.0,0.0,19.6,5.5,12,18.6,0.0,4.64,0.009,2652.0,0.0,0,0,6,2023,0.0,3,0.788344635413774,0.011273326832509359,0.0,2,0,0.0,0.0,7.88344635413774,14.100000000000001,0.2236
Atacama_Chile_Arid,2023-06-05,-24.5,-69.25,0.0,0.0,20.0,5.5,9,18.0,0.0,4.51,0.008,2652.0,0.0,0,0,6,2023,0.0,3,0.788344635413774,0.010020734962230542,0.0,2,0,0.0,0.0,7.88344635413774,14.5,0.2185
Gobi_Desert_Arid,2023-05-01,43.0,103.0,0.0,2.7,25.2,11.1,26,41.4,0.0,7.04,0.014,1247.0,0.0,0,0,5,2023,0.0,2,0.7129297548929373,0.019365643626154713,1.08,1,0,0.0,1.308332819650179,7.129297548929373,14.1,0.1746
Gobi_Desert_Arid,2023-05-02,43.0,103.0,0.0,2.7,24.6,9.7,32,25.1,0.0,6.09,0.014,1247.0,0.0,0,0,5,2023,0.0,2,0.7129297548929373,0.019365643626154713,1.08,1,0,0.0,1.308332819650179,7.129297548929373,14.900000000000002,0.1845
Gobi_Desert_Arid,2023-05-03,43.0,103.0,1.4,2.7,23.2,11.8,38,27.5,2.0,6.08,0.019,1247.0,0.0,0,0,5,2023,0.7,2,0.7129297548929373,0.026281944921209967,1.92,1,0,0.8754687373538999,1.308332819650179,7.129297548929373,11.399999999999999,0.1963
Gobi_Desert_Arid,2023-05-04,43.0,103.0,0.0,2.7,21.0,10.1,36,36.1,0.0,6.67,0.016,1247.0,0.0,0,0,5,2023,0.0,2,0.7129297548929373,0.022132164144176816,1.08,1,0,0.0,1.308332819650179,7.129297548929373,10.9,0.1915
Gobi_Desert_Arid,2023-05-05,43.0,103.0,0.0,2.7,20.1,6.8,63,28.5,0.0,5.54,0.017,1247.0,0.0,0,0,5,2023,0.0,2,0.7129297548929373,0.023515424403187865,1.08,1,0,0.0,1.308332819650179,7.129297548929373,13.3,0.2362
Iran_Central_Arid,2023-07-01,32.0,53.68,0.0,0.0,37.0,21.1,16,14.8,0.0,8.51,0.002,1914.0,0.0,0,0,7,2023,0.0,3,0.7557472901614746,0.0026118277213599494,0.0,2,0,0.0,0.0,7.557472901614746,15.899999999999999,0.1908
Iran_Central_Arid,2023-07-02,32.0,53.68,0.0,0.0,33.0,23.8,25,26.0,0.0,8.58,0.0,1914.0,0.0,0,0,7,2023,0.0,3,0.7557472901614746,0.0,0.0,2,0,0.0,0.0,7.557472901614746,9.2,0.2052
Iran_Central_Arid,2023-07-03,32.0,53.68,0.0,0.0,34.3,22.2,31,23.1,0.0,8.55,0.003,1914.0,0.0,0,0,7,2023,0.0,3,0.7557472901614746,0.003917741582039924,0.0,2,0,0.0,0.0,7.557472901614746,12.099999999999998,0.2157
Iran_Central_Arid,2023-07-04,32.0,53.68,0.0,0.0,33.6,23.3,24,25.8,0.0,8.98,0.003,1914.0,0.0,0,0,7,2023,0.0,3,0.7557472901614746,0.003917741582039924,0.0,2,0,0.0,0.0,7.557472901614746,10.3,0.2042
Iran_Central_Arid,2023-07-05,32.0,53.68,0.0,0.0,32.9,21.8,27,25.8,0.0,9.08,0.002,1914.0,0.0,0,0,7,2023,0.0,3,0.7557472901614746,0.0026118277213599494,0.0,2,0,0.0,0.0,7.557472901614746,11.099999999999998,0.2089
Australia_Desert_Arid,2023-06-01,-23.7,133.88,0.0,0.0,26.4,8.9,42,17.4,0.0,4.82,0.029,581.0,0.0,0,0,6,2023,0.0,2,0.6366470447731438,0.044846721614839755,0.0,2,0,0.0,0.0,6.366470447731438,17.5,0.163
Australia_Desert_Arid,2023-06-02,-23.7,133.88,0.0,0.0,27.0,12.2,35,22.2,0.0,5.94,0.029,581.0,0.0,0,0,6,2023,0.0,2,0.6366470447731438,0.044846721614839755,0.0,2,0,0.0,0.0,6.366470447731438,14.8,0.1514
Australia_Desert_Arid,2023-06-03,-23.7,133.88,0.0,0.0,27.4,12.3,48,19.9,0.0,5.32,0.029,581.0,0.0,0,0,6,2023,0.0,2,0.6366470447731438,0.044846721614839755,0.0,2,0,0.0,0.0,6.366470447731438,15.099999999999998,0.1729
Australia_Desert_Arid,2023-06-04,-23.7,133.88,1.0,0.0,22.9,12.6,91,21.3,3.0,2.95,0.075,581.0,0.0,0,0,6,2023,0.3333333333333333,2,0.6366470447731438,0.11598290072803384,0.6,2,0,0.6931471805599453,0.0,6.366470447731438,10.299999999999999,0.2533
Australia_Desert_Arid,2023-06-05,-23.7,133.88,0.0,0.0,26.0,11.9,90,23.6,0.0,3.49,0.103,581.0,0.0,0,0,6,2023,0.0,2,0.6366470447731438,0.15928318366649982,0.0,2,0,0.0,0.0,6.366470447731438,14.1,0.2565
Egypt_Desert_Arid,2023-07-01,25.0,30.0,0.0,0.0,36.0,24.6,42,27.9,0.0,10.63,0.0,239.0,0.0,0,0,7,2023,0.0,1,0.5480638923341992,0.0,0.0,2,0,0.0,0.0,5.480638923341991,11.399999999999999,0.1309
Egypt_Desert_Arid,2023-07-02,25.0,30.0,0.0,0.0,37.0,25.1,39,25.0,0.0,10.47,0.0,239.0,0.0,0,0,7,2023,0.0,1,0.5480638923341992,0.0,0.0,2,0,0.0,0.0,5.480638923341991,11.899999999999999,0.126
Egypt_Desert_Arid,2023-07-03,25.0,30.0,0.0,0.0,39.4,25.2,36,27.6,0.0,10.84,0.0,239.0,0.0,0,0,7,2023,0.0,1,0.5480638923341992,0.0,0.0,2,0,0.0,0.0,5.480638923341991,14.2,0.121
Egypt_Desert_Arid,2023-07-04,25.0,30.0,0.0,0.0,42.0,26.9,23,21.9,0.0,10.76,0.0,239.0,0.0,0,0,7,2023,0.0,1,0.5480638923341992,0.0,0.0,2,0,0.0,0.0,5.480638923341991,15.100000000000001,0.0996
Egypt_Desert_Arid,2023-07-05,25.0,30.0,0.0,0.0,39.8,29.6,35,24.9,0.0,11.7,0.0,239.0,0.0,0,0,7,2023,0.0,1,0.5480638923341992,0.0,0.0,2,0,0.0,0.0,5.480638923341991,10.199999999999996,0.1194
Namibia_Desert_Arid,2023-06-01,-23.5,15.0,0.0,0.0,23.0,8.9,50,16.6,0.0,4.23,0.02,386.0,0.0,0,0,6,2023,0.0,1,0.5958424693029782,0.03301188182302571,0.0,2,0,0.0,0.0,5.958424693029782,14.1,0.1605
Namibia_Desert_Arid,2023-06-02,-23.5,15.0,0.0,0.0,17.5,8.1,97,19.7,0.0,2.47,0.018,386.0,0.0,0,0,6,2023,0.0,1,0.5958424693029782,0.029710693640723138,0.0,2,0,0.0,0.0,5.958424693029782,9.4,0.2376
Namibia_Desert_Arid,2023-06-03,-23.5,15.0,0.0,0.0,20.6,6.9,95,20.8,0.0,3.13,0.025,386.0,0.0,0,0,6,2023,0.0,1,0.5958424693029782,0.04126485227878214,0.0,2,0,0.0,0.0,5.958424693029782,13.700000000000001,0.2357
Namibia_Desert_Arid,2023-06-04,-23.5,15.0,0.0,0.0,21.1,7.7,89,24.9,0.0,3.44,0.027,386.0,0.0,0,0,6,2023,0.0,1,0.5958424693029782,0.044566040461084706,0.0,2,0,0.0,0.0,5.958424693029782,13.400000000000002,0.2262
Namibia_Desert_Arid,2023-06-05,-23.5,15.0,0.0,0.0,24.0,6.3,93,11.7,0.0,3.15,0.029,386.0,0.0,0,0,6,2023,0.0,1,0.5958424693029782,0.047867228643387286,0.0,2,0,0.0,0.0,5.958424693029782,17.7,0.2331
SAFE_18.57_73.77_2026-05-15,2026-05-15,18.574,73.768,0.2,0.0,36.0,24.9,80,17.7,2.0,6.98,0.175,578.0,2.37,0,0,5,2026,0.1,2,0.6361302477572995,0.270843224887583,0.12,1,0,0.18232155679395465,0.0,6.361302477572996,11.100000000000001,0.2539
SAFE_18.57_73.77_2026-05-16,2026-05-16,18.574,73.768,0.0,0.2,37.7,23.5,89,18.1,0.0,6.58,0.177,578.0,2.34,0,0,5,2026,0.0,2,0.6361302477572995,0.27393857602915533,0.08000000000000002,1,0,0.0,0.18232155679395465,6.361302477572996,14.200000000000003,0.2691
SAFE_18.57_73.77_2026-05-17,2026-05-17,18.574,73.768,0.2,0.2,38.1,24.6,90,16.1,2.0,6.68,0.175,578.0,2.31,0,0,5,2026,0.1,2,0.6361302477572995,0.270843224887583,0.2,1,0,0.18232155679395465,0.18232155679395465,6.361302477572996,13.5,0.2704
SAFE_18.57_73.77_2026-05-18,2026-05-18,18.574,73.768,0.0,0.4,39.9,22.6,88,20.0,0.0,6.79,0.177,578.0,2.28,0,0,5,2026,0.0,2,0.6361302477572995,0.27393857602915533,0.16000000000000003,1,0,0.0,0.33647223662121295,6.361302477572996,17.299999999999997,0.2675
SAFE_18.57_73.77_2026-05-19,2026-05-19,18.574,73.768,0.5,0.4,35.9,24.1,85,15.8,4.0,6.52,0.174,578.0,2.28,0,0,5,2026,0.125,2,0.6361302477572995,0.2692955493167968,0.46,1,0,0.4054651081081644,0.33647223662121295,6.361302477572996,11.799999999999997,0.2623
SAFE_18.57_73.77_2026-05-20,2026-05-20,18.574,73.768,2.8,0.9,35.2,23.5,89,15.6,3.0,5.9,0.183,578.0,2.31,0,0,5,2026,0.9333333333333332,2,0.6361302477572995,0.2832246294538725,2.04,1,0,1.33500106673234,0.6418538861723948,6.361302477572996,11.700000000000003,0.2723
SAFE_18.57_73.77_2026-05-21,2026-05-21,18.574,73.768,0.7,3.7,37.2,24.0,88,17.6,2.0,6.31,0.178,578.0,2.5,0,0,5,2026,0.35,2,0.6361302477572995,0.27548625159994156,1.9000000000000001,1,0,0.5306282510621704,1.547562508716013,6.361302477572996,13.200000000000003,0.2694
SAFE_18.57_73.77_2026-05-22,2026-05-22,18.574,73.768,9.5,4.4,36.2,25.3,85,17.6,7.0,4.91,0.223,578.0,2.75,0,0,5,2026,1.3571428571428572,2,0.6361302477572995,0.34513165228532006,7.460000000000001,1,0,2.3513752571634776,1.6863989535702288,6.361302477572996,10.900000000000002,0.2792
SAFE_18.60_73.74_2026-05-15,2026-05-15,18.597,73.738,0.2,0.0,36.0,24.9,80,17.7,2.0,6.98,0.175,577.0,1.0,0,0,5,2026,0.1,2,0.6359573868672378,0.27091570366385076,0.12,1,0,0.18232155679395465,0.0,6.359573868672378,11.100000000000001,0.2538
SAFE_18.60_73.74_2026-05-16,2026-05-16,18.597,73.738,0.0,0.2,37.7,23.5,89,18.1,0.0,6.58,0.177,577.0,1.0,0,0,5,2026,0.0,2,0.6359573868672378,0.27401188313429475,0.08000000000000002,1,0,0.0,0.18232155679395465,6.359573868672378,14.200000000000003,0.269
SAFE_18.60_73.74_2026-05-17,2026-05-17,18.597,73.738,0.2,0.2,38.1,24.6,90,16.1,2.0,6.68,0.175,577.0,0.97,0,0,5,2026,0.1,2,0.6359573868672378,0.27091570366385076,0.2,1,0,0.18232155679395465,0.18232155679395465,6.359573868672378,13.5,0.2704
SAFE_18.60_73.74_2026-05-18,2026-05-18,18.597,73.738,0.0,0.4,39.9,22.6,88,20.0,0.0,6.79,0.177,577.0,0.97,0,0,5,2026,0.0,2,0.6359573868672378,0.27401188313429475,0.16000000000000003,1,0,0.0,0.33647223662121295,6.359573868672378,17.299999999999997,0.2674
SAFE_18.60_73.74_2026-05-19,2026-05-19,18.597,73.738,0.5,0.4,35.9,24.1,85,15.8,4.0,6.52,0.174,577.0,0.97,0,0,5,2026,0.125,2,0.6359573868672378,0.26936761392862874,0.46,1,0,0.4054651081081644,0.33647223662121295,6.359573868672378,11.799999999999997,0.2622
SAFE_18.60_73.74_2026-05-20,2026-05-20,18.597,73.738,2.8,0.9,35.2,23.5,89,15.6,3.0,5.9,0.183,577.0,0.97,0,0,5,2026,0.9333333333333332,2,0.6359573868672378,0.2833004215456268,2.04,1,0,1.33500106673234,0.6418538861723948,6.359573868672378,11.700000000000003,0.2723
SAFE_18.60_73.74_2026-05-21,2026-05-21,18.597,73.738,0.7,3.7,37.2,24.0,88,17.6,2.0,6.31,0.178,577.0,1.0,0,0,5,2026,0.35,2,0.6359573868672378,0.2755599728695168,1.9000000000000001,1,0,0.5306282510621704,1.547562508716013,6.359573868672378,13.200000000000003,0.2693
SAFE_18.60_73.74_2026-05-22,2026-05-22,18.597,73.738,9.5,4.4,36.2,25.3,85,17.6,7.0,4.91,0.223,577.0,1.19,0,0,5,2026,1.3571428571428572,2,0.6359573868672378,0.345224010954507,7.460000000000001,1,0,2.3513752571634776,1.6863989535702288,6.359573868672378,10.900000000000002,0.2792
SAFE_26.91_75.79_2026-05-15,2026-05-15,26.912,75.787,0.3,0.0,38.8,26.5,58,16.2,2.0,7.54,0.1,431.0,0.91,0,0,5,2026,0.15,1,0.6068425588244111,0.16211592175251605,0.18,1,0,0.262364264467491,0.0,6.068425588244111,12.299999999999997,0.1928
SAFE_26.91_75.79_2026-05-16,2026-05-16,26.912,75.787,0.0,0.3,40.2,27.9,42,13.4,0.0,7.53,0.097,431.0,0.91,0,0,5,2026,0.0,1,0.6068425588244111,0.15725244409994057,0.12,1,0,0.0,0.262364264467491,6.068425588244111,12.300000000000004,0.1658
SAFE_26.91_75.79_2026-05-17,2026-05-17,26.912,75.787,0.0,0.3,41.7,28.8,41,17.3,0.0,8.27,0.094,431.0,0.91,0,0,5,2026,0.0,1,0.6068425588244111,0.15238896644736508,0.12,1,0,0.0,0.262364264467491,6.068425588244111,12.900000000000002,0.1635
SAFE_26.91_75.79_2026-05-18,2026-05-18,26.912,75.787,0.0,0.3,42.6,30.8,33,16.4,0.0,9.47,0.094,431.0,0.91,0,0,5,2026,0.0,1,0.6068425588244111,0.15238896644736508,0.12,1,0,0.0,0.262364264467491,6.068425588244111,11.8,0.1504
SAFE_26.91_75.79_2026-05-19,2026-05-19,26.912,75.787,0.0,0.3,42.7,31.6,23,16.3,0.0,9.11,0.094,431.0,0.91,0,0,5,2026,0.0,1,0.6068425588244111,0.15238896644736508,0.12,1,0,0.0,0.262364264467491,6.068425588244111,11.100000000000001,0.1339
SAFE_26.91_75.79_2026-05-20,2026-05-20,26.912,75.787,0.0,0.3,40.9,31.5,32,14.6,0.0,9.31,0.094,431.0,0.91,0,0,5,2026,0.0,1,0.6068425588244111,0.15238896644736508,0.12,1,0,0.0,0.262364264467491,6.068425588244111,9.399999999999999,0.1487
SAFE_26.91_75.79_2026-05-21,2026-05-21,26.912,75.787,0.0,0.3,40.7,31.6,30,18.2,0.0,10.17,0.094,431.0,0.91,0,0,5,2026,0.0,1,0.6068425588244111,0.15238896644736508,0.12,1,0,0.0,0.262364264467491,6.068425588244111,9.100000000000001,0.1454
SAFE_26.91_75.79_2026-05-22,2026-05-22,26.912,75.787,0.0,0.3,40.5,31.0,29,17.6,0.0,9.78,0.094,431.0,0.91,0,0,5,2026,0.0,1,0.6068425588244111,0.15238896644736508,0.12,1,0,0.0,0.262364264467491,6.068425588244111,9.5,0.1438
SAFE_23.03_72.58_2026-05-15,2026-05-15,23.033,72.585,0.0,0.0,40.0,28.0,77,13.6,0.0,7.85,0.07,52.0,1.4,0,0,5,2026,0.0,0,0.3970291913552122,0.1719778371839463,0.0,1,0,0.0,0.0,3.970291913552122,12.0,0.1755
SAFE_23.03_72.58_2026-05-16,2026-05-16,23.033,72.585,0.0,0.0,41.0,28.8,74,10.7,0.0,7.8,0.069,52.0,1.44,0,0,5,2026,0.0,0,0.3970291913552122,0.16952101093846134,0.0,1,0,0.0,0.0,3.970291913552122,12.2,0.1704
SAFE_23.03_72.58_2026-05-17,2026-05-17,23.033,72.585,0.0,0.0,42.0,30.2,63,12.5,0.0,8.2,0.068,52.0,1.4,0,0,5,2026,0.0,0,0.3970291913552122,0.1670641846929764,0.0,1,0,0.0,0.0,3.970291913552122,11.8,0.152
SAFE_23.03_72.58_2026-05-18,2026-05-18,23.033,72.585,0.0,0.0,43.0,31.2,38,14.7,0.0,9.53,0.067,52.0,1.4,0,0,5,2026,0.0,0,0.3970291913552122,0.16460735844749144,0.0,1,0,0.0,0.0,3.970291913552122,11.8,0.1106
SAFE_23.03_72.58_2026-05-19,2026-05-19,23.033,72.585,0.0,0.0,42.2,29.0,58,13.8,0.0,8.62,0.066,52.0,1.4,0,0,5,2026,0.0,0,0.3970291913552122,0.1621505322020065,0.0,1,0,0.0,0.0,3.970291913552122,13.200000000000003,0.1434
SAFE_23.03_72.58_2026-05-20,2026-05-20,23.033,72.585,0.0,0.0,42.1,28.6,70,14.6,0.0,7.85,0.065,52.0,1.4,0,0,5,2026,0.0,0,0.3970291913552122,0.15969370595652155,0.0,1,0,0.0,0.0,3.970291913552122,13.5,0.163
SAFE_23.03_72.58_2026-05-21,2026-05-21,23.033,72.585,0.0,0.0,41.0,28.9,70,12.1,0.0,7.54,0.065,52.0,1.44,0,0,5,2026,0.0,0,0.3970291913552122,0.15969370595652155,0.0,1,0,0.0,0.0,3.970291913552122,12.100000000000001,0.163
SAFE_23.03_72.58_2026-05-22,2026-05-22,23.033,72.585,0.0,0.0,41.8,29.5,62,14.5,0.0,7.91,0.064,52.0,1.4,0,0,5,2026,0.0,0,0.3970291913552122,0.15723687971103661,0.0,1,0,0.0,0.0,3.970291913552122,12.299999999999997,0.1496
SAFE_23.26_77.41_2026-05-15,2026-05-15,23.259,77.412,0.0,0.0,41.0,30.8,29,17.4,0.0,9.25,0.149,497.0,0.31,0,0,5,2026,0.0,1,0.6210600077024653,0.2361106680527458,0.0,1,0,0.0,0.0,6.210600077024653,10.2,0.1591
SAFE_23.26_77.41_2026-05-16,2026-05-16,23.259,77.412,0.0,0.0,41.4,29.9,28,18.1,0.0,9.55,0.145,497.0,0.31,0,0,5,2026,0.0,1,0.6210600077024653,0.22977212662851101,0.0,1,0,0.0,0.0,6.210600077024653,11.5,0.1567
SAFE_23.26_77.41_2026-05-17,2026-05-17,23.259,77.412,0.0,0.0,41.9,30.0,35,15.3,0.0,8.74,0.144,497.0,0.31,0,0,5,2026,0.0,1,0.6210600077024653,0.2281874912724523,0.0,1,0,0.0,0.0,6.210600077024653,11.899999999999999,0.168
SAFE_23.26_77.41_2026-05-18,2026-05-18,23.259,77.412,0.0,0.0,42.6,31.1,28,14.1,0.0,8.37,0.142,497.0,0.31,0,0,5,2026,0.0,1,0.6210600077024653,0.2250182205603349,0.0,1,0,0.0,0.0,6.210600077024653,11.5,0.1561
SAFE_23.26_77.41_2026-05-19,2026-05-19,23.259,77.412,0.0,0.0,43.0,31.8,26,17.7,0.0,8.52,0.141,497.0,0.31,0,0,5,2026,0.0,1,0.6210600077024653,0.22343358520427622,0.0,1,0,0.0,0.0,6.210600077024653,11.2,0.1526
SAFE_23.26_77.41_2026-05-20,2026-05-20,23.259,77.412,0.0,0.0,42.3,31.9,23,19.8,0.0,10.53,0.135,497.0,0.31,0,0,5,2026,0.0,1,0.6210600077024653,0.21392577306792407,0.0,1,0,0.0,0.0,6.210600077024653,10.399999999999999,0.1465
SAFE_23.26_77.41_2026-05-21,2026-05-21,23.259,77.412,0.0,0.0,41.3,31.1,32,18.2,0.0,10.09,0.139,497.0,0.31,0,0,5,2026,0.0,1,0.6210600077024653,0.22026431449215886,0.0,1,0,0.0,0.0,6.210600077024653,10.199999999999996,0.1621
SAFE_23.26_77.41_2026-05-22,2026-05-22,23.259,77.412,0.0,0.0,41.7,30.5,25,16.7,0.0,9.88,0.138,497.0,0.31,0,0,5,2026,0.0,1,0.6210600077024653,0.21867967913610017,0.0,1,0,0.0,0.0,6.210600077024653,11.200000000000003,0.1504
SAFE_21.14_79.09_2026-05-15,2026-05-15,21.145,79.089,0.0,0.0,42.5,31.6,50,20.4,0.0,8.47,0.136,307.0,1.34,0,0,5,2026,0.0,1,0.5730099782973574,0.23327216525037722,0.0,1,0,0.0,0.0,5.730099782973574,10.899999999999999,0.1766
SAFE_21.14_79.09_2026-05-16,2026-05-16,21.145,79.089,0.0,0.0,42.8,30.6,48,14.0,0.0,7.82,0.135,307.0,1.34,0,0,5,2026,0.0,1,0.5730099782973574,0.23155692874118328,0.0,1,0,0.0,0.0,5.730099782973574,12.199999999999996,0.1732
SAFE_21.14_79.09_2026-05-17,2026-05-17,21.145,79.089,0.0,0.0,43.0,29.5,60,12.5,0.0,7.48,0.134,307.0,1.34,0,0,5,2026,0.0,1,0.5730099782973574,0.22984169223198933,0.0,1,0,0.0,0.0,5.730099782973574,13.5,0.1927
SAFE_21.14_79.09_2026-05-18,2026-05-18,21.145,79.089,0.0,0.0,43.8,31.8,49,16.0,0.0,8.62,0.132,307.0,1.34,0,0,5,2026,0.0,1,0.5730099782973574,0.2264112192136014,0.0,1,0,0.0,0.0,5.730099782973574,11.999999999999996,0.1742
SAFE_21.14_79.09_2026-05-19,2026-05-19,21.145,79.089,0.0,0.0,44.5,32.5,46,14.5,0.0,8.5,0.131,307.0,1.34,0,0,5,2026,0.0,1,0.5730099782973574,0.22469598270440747,0.0,1,0,0.0,0.0,5.730099782973574,12.0,0.1691
SAFE_21.14_79.09_2026-05-20,2026-05-20,21.145,79.089,0.0,0.0,44.8,31.9,41,17.2,0.0,8.64,0.129,307.0,1.34,0,0,5,2026,0.0,1,0.5730099782973574,0.22126550968601957,0.0,1,0,0.0,0.0,5.730099782973574,12.899999999999999,0.1605
SAFE_21.14_79.09_2026-05-21,2026-05-21,21.145,79.089,0.0,0.0,44.0,34.0,27,16.3,0.0,9.26,0.127,307.0,1.34,0,0,5,2026,0.0,1,0.5730099782973574,0.21783503666763165,0.0,1,0,0.0,0.0,5.730099782973574,10.0,0.137
SAFE_21.14_79.09_2026-05-22,2026-05-22,21.145,79.089,0.0,0.0,44.3,33.7,27,16.1,0.0,9.45,0.126,307.0,1.34,0,0,5,2026,0.0,1,0.5730099782973574,0.2161198001584377,0.0,1,0,0.0,0.0,5.730099782973574,10.599999999999994,0.1368
SAFE_22.72_75.86_2026-05-15,2026-05-15,22.719,75.857,0.0,0.0,40.5,28.8,37,18.0,0.0,9.98,0.121,555.0,0.59,0,0,5,2026,0.0,2,0.6320768294250583,0.18845096794467467,0.0,1,0,0.0,0.0,6.320768294250582,11.7,0.1708
SAFE_22.72_75.86_2026-05-16,2026-05-16,22.719,75.857,0.0,0.0,39.1,26.6,59,16.2,0.0,8.89,0.125,555.0,0.59,0,0,5,2026,0.0,2,0.6320768294250583,0.19468075200896143,0.0,1,0,0.0,0.0,6.320768294250582,12.5,0.2079
SAFE_22.72_75.86_2026-05-17,2026-05-17,22.719,75.857,0.0,0.0,41.4,28.5,34,12.6,0.0,8.34,0.123,555.0,0.59,0,0,5,2026,0.0,2,0.6320768294250583,0.19156585997681805,0.0,1,0,0.0,0.0,6.320768294250582,12.899999999999999,0.1663
SAFE_22.72_75.86_2026-05-18,2026-05-18,22.719,75.857,0.0,0.0,42.2,30.1,36,21.3,0.0,8.44,0.137,555.0,0.59,0,0,5,2026,0.0,2,0.6320768294250583,0.21337010420182173,0.0,1,0,0.0,0.0,6.320768294250582,12.100000000000001,0.1723
SAFE_22.72_75.86_2026-05-19,2026-05-19,22.719,75.857,0.0,0.0,42.0,30.1,30,17.7,0.0,9.63,0.15,555.0,0.59,0,0,5,2026,0.0,2,0.6320768294250583,0.2336169024107537,0.0,1,0,0.0,0.0,6.320768294250582,11.899999999999999,0.1649
SAFE_22.72_75.86_2026-05-20,2026-05-20,22.719,75.857,0.0,0.0,40.0,28.4,47,16.6,0.0,9.02,0.146,555.0,0.59,0,0,5,2026,0.0,2,0.6320768294250583,0.22738711834646694,0.0,1,0,0.0,0.0,6.320768294250582,11.600000000000001,0.1922
SAFE_22.72_75.86_2026-05-21,2026-05-21,22.719,75.857,0.0,0.0,39.8,27.8,56,14.7,0.0,8.89,0.144,555.0,0.59,0,0,5,2026,0.0,2,0.6320768294250583,0.22427222631432356,0.0,1,0,0.0,0.0,6.320768294250582,11.999999999999996,0.2066
SAFE_22.72_75.86_2026-05-22,2026-05-22,22.719,75.857,0.0,0.0,40.3,29.0,42,16.7,0.0,9.28,0.146,555.0,0.59,0,0,5,2026,0.0,2,0.6320768294250583,0.22738711834646694,0.0,1,0,0.0,0.0,6.320768294250582,11.299999999999997,0.1839
SAFE_17.39_78.49_2026-05-15,2026-05-15,17.385,78.486,0.2,0.3,37.4,27.5,68,9.8,2.0,6.06,0.079,508.0,9.35,0,0,5,2026,0.1,2,0.6232448016550522,0.12475428111454709,0.24,1,0,0.18232155679395465,0.262364264467491,6.2324480165505225,9.899999999999999,0.2108
SAFE_17.39_78.49_2026-05-16,2026-05-16,17.385,78.486,1.0,0.5,37.7,29.4,63,14.1,2.0,6.21,0.079,508.0,9.4,0,0,5,2026,0.5,2,0.6232448016550522,0.12475428111454709,0.8,1,0,0.6931471805599453,0.4054651081081644,6.2324480165505225,8.300000000000004,0.2032
SAFE_17.39_78.49_2026-05-17,2026-05-17,17.385,78.486,0.4,1.5,36.5,27.6,68,12.1,2.0,6.03,0.079,508.0,9.47,0,0,5,2026,0.2,2,0.6232448016550522,0.12475428111454709,0.8400000000000001,1,0,0.33647223662121295,0.9162907318741551,6.2324480165505225,8.899999999999999,0.2114
SAFE_17.39_78.49_2026-05-18,2026-05-18,17.385,78.486,0.6,1.9,36.7,27.8,68,13.2,3.0,6.25,0.079,508.0,9.45,0,0,5,2026,0.19999999999999998,2,0.6232448016550522,0.12475428111454709,1.12,1,0,0.4700036292457356,1.0647107369924282,6.2324480165505225,8.900000000000002,0.2117
SAFE_17.39_78.49_2026-05-19,2026-05-19,17.385,78.486,0.3,2.5,37.9,28.0,71,11.3,2.0,6.67,0.077,508.0,9.38,0,0,5,2026,0.15,2,0.6232448016550522,0.12159594488379906,1.18,1,0,0.262364264467491,1.252762968495368,6.2324480165505225,9.899999999999999,0.2162
SAFE_17.39_78.49_2026-05-20,2026-05-20,17.385,78.486,0.3,2.8,38.5,28.1,66,12.4,2.0,7.35,0.079,508.0,9.28,0,0,5,2026,0.15,2,0.6232448016550522,0.12475428111454709,1.2999999999999998,1,0,0.262364264467491,1.33500106673234,6.2324480165505225,10.399999999999999,0.2085
SAFE_17.39_78.49_2026-05-21,2026-05-21,17.385,78.486,0.0,3.1,40.0,29.3,56,13.4,0.0,7.45,0.077,508.0,9.16,0,0,5,2026,0.0,2,0.6232448016550522,0.12159594488379906,1.2400000000000002,1,0,0.0,1.410986973710262,6.2324480165505225,10.7,0.1915
SAFE_17.39_78.49_2026-05-22,2026-05-22,17.385,78.486,0.0,2.8,40.3,29.6,59,21.5,0.0,8.22,0.077,508.0,9.19,0,0,5,2026,0.0,2,0.6232448016550522,0.12159594488379906,1.1199999999999999,1,0,0.0,1.33500106673234,6.2324480165505225,10.699999999999996,0.1964
SAFE_12.97_77.59_2026-05-15,2026-05-15,12.971,77.594,0.4,0.1,31.0,22.5,89,14.1,1.0,4.04,0.142,916.0,0.63,0,0,5,2026,0.4,2,0.6821107472256465,0.2051694769503474,0.28,1,0,0.33647223662121295,0.09531017980432487,6.821107472256465,8.5,0.2836
SAFE_12.97_77.59_2026-05-16,2026-05-16,12.971,77.594,4.0,0.5,33.2,23.5,80,13.2,9.0,4.17,0.155,916.0,0.63,0,0,5,2026,0.4444444444444444,2,0.6821107472256465,0.22395259807960458,2.6,1,0,1.6094379124341003,0.4054651081081644,6.821107472256465,9.700000000000003,0.2738
SAFE_12.97_77.59_2026-05-17,2026-05-17,12.971,77.594,0.0,4.5,34.0,22.6,90,13.9,0.0,5.28,0.142,916.0,0.63,0,0,5,2026,0.0,2,0.6821107472256465,0.2051694769503474,1.8,1,0,0.0,1.7047480922384253,6.821107472256465,11.399999999999999,0.2866
SAFE_12.97_77.59_2026-05-18,2026-05-18,12.971,77.594,31.0,4.5,33.2,22.5,96,14.9,7.0,3.98,0.236,916.0,0.63,0,0,5,2026,4.428571428571429,2,0.6821107472256465,0.34098589126959145,20.4,1,1,3.4657359027997265,1.7047480922384253,6.821107472256465,10.700000000000003,0.3352
SAFE_12.97_77.59_2026-05-19,2026-05-19,12.971,77.594,2.9,35.5,29.0,21.4,98,15.4,7.0,4.3,0.398,916.0,1.31,0,0,5,2026,0.41428571428571426,2,0.6821107472256465,0.5750524776495654,15.940000000000001,1,0,1.3609765531356006,3.597312260588446,6.821107472256465,7.600000000000001,0.363
SAFE_12.97_77.59_2026-05-20,2026-05-20,12.971,77.594,5.7,38.4,30.0,21.9,90,14.7,5.0,4.45,0.338,916.0,1.44,0,0,5,2026,1.1400000000000001,2,0.6821107472256465,0.48836114936068614,18.78,1,0,1.9021075263969205,3.673765816303888,6.821107472256465,8.100000000000001,0.3411
SAFE_12.97_77.59_2026-05-21,2026-05-21,12.971,77.594,0.2,44.1,32.0,22.1,96,13.2,2.0,5.24,0.222,916.0,1.59,0,0,5,2026,0.1,2,0.6821107472256465,0.320757914668853,17.76,1,0,0.18232155679395465,3.8088822465086327,6.821107472256465,9.899999999999999,0.327
SAFE_12.97_77.59_2026-05-22,2026-05-22,12.971,77.594,11.4,44.2,31.9,21.9,94,13.2,6.0,3.76,0.21,916.0,1.72,0,0,5,2026,1.9000000000000001,2,0.6821107472256465,0.30341964901107715,24.520000000000003,1,0,2.517696472610991,3.8110970868381857,6.821107472256465,10.0,0.3288
SAFE_28.53_77.21_2026-05-15,2026-05-15,28.527,77.211,0.0,0.1,39.6,28.6,49,18.6,0.0,7.74,0.088,229.0,1.22,0,0,5,2026,0.0,1,0.5438079308923196,0.1588998551505222,0.04000000000000001,1,0,0.0,0.09531017980432487,5.438079308923196,11.0,0.1586
SAFE_28.53_77.21_2026-05-16,2026-05-16,28.527,77.211,0.0,0.1,40.0,28.5,46,17.0,0.0,7.88,0.087,229.0,1.09,0,0,5,2026,0.0,1,0.5438079308923196,0.15709417497835718,0.04000000000000001,1,0,0.0,0.09531017980432487,5.438079308923196,11.5,0.1535
SAFE_28.53_77.21_2026-05-17,2026-05-17,28.527,77.211,0.1,0.1,40.8,29.5,39,21.4,1.0,9.03,0.087,229.0,1.09,0,0,5,2026,0.1,1,0.5438079308923196,0.15709417497835718,0.1,1,0,0.09531017980432487,0.09531017980432487,5.438079308923196,11.299999999999997,0.142
SAFE_28.53_77.21_2026-05-18,2026-05-18,28.527,77.211,0.0,0.2,42.8,29.2,43,18.6,0.0,9.15,0.087,229.0,1.09,0,0,5,2026,0.0,1,0.5438079308923196,0.15709417497835718,0.08000000000000002,1,0,0.0,0.18232155679395465,5.438079308923196,13.599999999999998,0.1486
SAFE_28.53_77.21_2026-05-19,2026-05-19,28.527,77.211,0.0,0.2,44.0,30.6,30,16.6,0.0,9.39,0.086,229.0,1.09,0,0,5,2026,0.0,1,0.5438079308923196,0.15528849480619214,0.08000000000000002,1,0,0.0,0.18232155679395465,5.438079308923196,13.399999999999999,0.1269
SAFE_28.53_77.21_2026-05-20,2026-05-20,28.527,77.211,0.0,0.2,43.2,31.4,28,14.3,0.0,8.64,0.086,229.0,1.06,0,0,5,2026,0.0,1,0.5438079308923196,0.15528849480619214,0.08000000000000002,1,0,0.0,0.18232155679395465,5.438079308923196,11.800000000000004,0.1237
SAFE_28.53_77.21_2026-05-21,2026-05-21,28.527,77.211,0.0,0.2,42.2,32.8,34,21.3,0.0,10.33,0.086,229.0,1.06,0,0,5,2026,0.0,1,0.5438079308923196,0.15528849480619214,0.08000000000000002,1,0,0.0,0.18232155679395465,5.438079308923196,9.400000000000006,0.1335
SAFE_28.53_77.21_2026-05-22,2026-05-22,28.527,77.211,0.0,0.1,42.2,31.4,30,15.4,0.0,9.18,0.086,229.0,1.06,0,0,5,2026,0.0,1,0.5438079308923196,0.15528849480619214,0.04000000000000001,1,0,0.0,0.09531017980432487,5.438079308923196,10.800000000000004,0.1269
SAFE_30.73_76.78_2026-05-15,2026-05-15,30.733,76.779,0.7,0.9,35.1,23.6,68,17.3,1.0,6.3,0.155,345.0,0.16,0,0,5,2026,0.7,1,0.5846438775057725,0.2606602133871215,0.78,1,0,0.5306282510621704,0.6418538861723948,5.846438775057725,11.5,0.214
SAFE_30.73_76.78_2026-05-16,2026-05-16,30.733,76.779,0.1,1.6,35.8,24.2,53,17.7,1.0,6.9,0.145,345.0,0.16,0,0,5,2026,0.1,1,0.5846438775057725,0.243843425426662,0.7000000000000002,1,0,0.09531017980432487,0.9555114450274363,5.846438775057725,11.599999999999998,0.1872
SAFE_30.73_76.78_2026-05-17,2026-05-17,30.733,76.779,0.0,1.7,37.8,25.2,48,19.6,0.0,8.12,0.123,345.0,0.16,0,0,5,2026,0.0,1,0.5846438775057725,0.20684649191365126,0.68,1,0,0.0,0.9932517730102833,5.846438775057725,12.599999999999998,0.1746
SAFE_30.73_76.78_2026-05-18,2026-05-18,30.733,76.779,0.0,1.7,39.8,26.4,47,16.9,0.0,8.22,0.111,345.0,0.16,0,0,5,2026,0.0,1,0.5846438775057725,0.1866663463610999,0.68,1,0,0.0,0.9932517730102833,5.846438775057725,13.399999999999999,0.1706
SAFE_30.73_76.78_2026-05-19,2026-05-19,30.733,76.779,0.0,1.7,40.8,30.0,44,14.3,0.0,7.79,0.119,345.0,0.16,0,0,5,2026,0.0,1,0.5846438775057725,0.20011977672946746,0.68,1,0,0.0,0.9932517730102833,5.846438775057725,10.799999999999997,0.1672
SAFE_30.73_76.78_2026-05-20,2026-05-20,30.733,76.779,0.0,1.7,41.8,26.0,47,9.5,0.0,7.05,0.111,345.0,0.16,0,0,5,2026,0.0,1,0.5846438775057725,0.1866663463610999,0.68,1,0,0.0,0.9932517730102833,5.846438775057725,15.799999999999997,0.1706
SAFE_30.73_76.78_2026-05-21,2026-05-21,30.733,76.779,0.0,1.7,41.3,25.5,54,16.3,0.0,7.24,0.111,345.0,0.16,0,0,5,2026,0.0,1,0.5846438775057725,0.1866663463610999,0.68,1,0,0.0,0.9932517730102833,5.846438775057725,15.799999999999997,0.1822
SAFE_30.73_76.78_2026-05-22,2026-05-22,30.733,76.779,0.2,0.7999999999999999,39.3,28.2,43,19.1,1.0,7.38,0.111,345.0,0.16,0,0,5,2026,0.2,1,0.5846438775057725,0.1866663463610999,0.44,1,0,0.18232155679395465,0.5877866649021191,5.846438775057725,11.099999999999998,0.1638
SAFE_26.85_80.95_2026-05-15,2026-05-15,26.847,80.947,5.0,0.0,36.4,26.6,91,15.1,3.0,4.92,0.102,118.0,19.46,0,0,5,2026,1.6666666666666667,1,0.47791234931115295,0.20905394205333433,3.0,1,0,1.791759469228055,0.0,4.77912349311153,9.799999999999997,0.2208
SAFE_26.85_80.95_2026-05-16,2026-05-16,26.847,80.947,0.0,5.0,39.7,27.4,81,14.3,0.0,6.6,0.092,118.0,20.38,0,0,5,2026,0.0,1,0.47791234931115295,0.18855845753830158,2.0,1,0,0.0,1.791759469228055,4.77912349311153,12.300000000000004,0.201
SAFE_26.85_80.95_2026-05-17,2026-05-17,26.847,80.947,0.0,5.0,40.9,28.6,53,20.7,0.0,8.38,0.088,118.0,20.09,0,0,5,2026,0.0,1,0.47791234931115295,0.18036026373228844,2.0,1,0,0.0,1.791759469228055,4.77912349311153,12.299999999999997,0.154
SAFE_26.85_80.95_2026-05-18,2026-05-18,26.847,80.947,0.0,5.0,42.0,30.6,41,14.8,0.0,8.05,0.088,118.0,18.91,0,0,5,2026,0.0,1,0.47791234931115295,0.18036026373228844,2.0,1,0,0.0,1.791759469228055,4.77912349311153,11.399999999999999,0.1342
SAFE_26.85_80.95_2026-05-19,2026-05-19,26.847,80.947,0.0,5.0,41.8,30.2,61,12.5,0.0,6.82,0.088,118.0,18.72,0,0,5,2026,0.0,1,0.47791234931115295,0.18036026373228844,2.0,1,0,0.0,1.791759469228055,4.77912349311153,11.599999999999998,0.1672
SAFE_26.85_80.95_2026-05-20,2026-05-20,26.847,80.947,0.0,5.0,42.8,30.0,70,15.1,0.0,7.03,0.088,118.0,18.59,0,0,5,2026,0.0,1,0.47791234931115295,0.18036026373228844,2.0,1,0,0.0,1.791759469228055,4.77912349311153,12.799999999999997,0.1821
SAFE_26.85_80.95_2026-05-21,2026-05-21,26.847,80.947,0.0,5.0,42.8,31.5,61,15.0,0.0,8.2,0.087,118.0,18.45,0,0,5,2026,0.0,1,0.47791234931115295,0.17831071528078518,2.0,1,0,0.0,1.791759469228055,4.77912349311153,11.299999999999997,0.167
SAFE_26.85_80.95_2026-05-22,2026-05-22,26.847,80.947,0.0,5.0,41.9,29.2,60,13.1,0.0,7.46,0.087,118.0,18.36,0,0,5,2026,0.0,1,0.47791234931115295,0.17831071528078518,2.0,1,0,0.0,1.791759469228055,4.77912349311153,12.7,0.1654
SAFE_25.61_85.14_2026-05-15,2026-05-15,25.614,85.144,0.0,0.0,35.8,25.9,87,10.7,0.0,5.34,0.149,55.0,3046.89,0,0,5,2026,0.0,0,0.40253516907351494,0.36118132748446413,0.0,1,0,0.0,0.0,4.02535169073515,9.899999999999999,0.2081
SAFE_25.61_85.14_2026-05-16,2026-05-16,25.614,85.144,0.0,0.0,37.0,27.1,90,8.3,0.0,5.53,0.126,55.0,3046.89,0,0,5,2026,0.0,0,0.40253516907351494,0.3054285051210905,0.0,1,0,0.0,0.0,4.02535169073515,9.899999999999999,0.2086
SAFE_25.61_85.14_2026-05-17,2026-05-17,25.614,85.144,0.0,0.0,39.4,27.3,94,17.3,0.0,6.33,0.113,55.0,3082.19,0,0,5,2026,0.0,0,0.40253516907351494,0.2739160403070097,0.0,1,0,0.0,0.0,4.02535169073515,12.099999999999998,0.2127
SAFE_25.61_85.14_2026-05-18,2026-05-18,25.614,85.144,0.0,0.0,37.8,27.4,92,17.1,0.0,5.84,0.112,55.0,3075.1,0,0,5,2026,0.0,0,0.40253516907351494,0.27149200455208045,0.0,1,0,0.0,0.0,4.02535169073515,10.399999999999999,0.2092
SAFE_25.61_85.14_2026-05-19,2026-05-19,25.614,85.144,0.0,0.0,34.8,27.2,90,18.2,0.0,5.51,0.121,55.0,3053.92,0,0,5,2026,0.0,0,0.40253516907351494,0.29330832634644405,0.0,1,0,0.0,0.0,4.02535169073515,7.599999999999998,0.2076
SAFE_25.61_85.14_2026-05-20,2026-05-20,25.614,85.144,0.5,0.0,35.9,28.1,87,11.3,4.0,5.31,0.113,55.0,3018.95,0,0,5,2026,0.125,0,0.40253516907351494,0.2739160403070097,0.3,1,0,0.4054651081081644,0.0,4.02535169073515,7.799999999999997,0.2015
SAFE_25.61_85.14_2026-05-21,2026-05-21,25.614,85.144,0.0,0.5,38.3,28.9,86,16.9,0.0,6.09,0.096,55.0,2970.67,0,0,5,2026,0.0,0,0.40253516907351494,0.23270743247321182,0.2,1,0,0.0,0.4054651081081644,4.02535169073515,9.399999999999999,0.1964
SAFE_25.61_85.14_2026-05-22,2026-05-22,25.614,85.144,0.0,0.5,38.2,28.0,88,12.1,0.0,5.84,0.089,55.0,2923.15,0,0,5,2026,0.0,0,0.40253516907351494,0.21573918218870677,0.2,1,0,0.0,0.4054651081081644,4.02535169073515,10.200000000000003,0.1983
SAFE_26.92_70.90_2026-05-15,2026-05-15,26.92,70.9,0.0,0.1,38.5,27.5,63,16.3,0.0,7.24,0.082,240.0,0.03,0,0,5,2026,0.0,1,0.5484796933490654,0.14682718275442774,0.04000000000000001,1,0,0.0,0.09531017980432487,5.484796933490655,11.0,0.1816
SAFE_26.92_70.90_2026-05-16,2026-05-16,26.92,70.9,0.0,0.1,40.8,28.6,66,14.0,0.0,7.28,0.082,240.0,0.03,0,0,5,2026,0.0,1,0.5484796933490654,0.14682718275442774,0.04000000000000001,1,0,0.0,0.09531017980432487,5.484796933490655,12.199999999999996,0.1865
SAFE_26.92_70.90_2026-05-17,2026-05-17,26.92,70.9,0.0,0.1,42.5,30.0,52,16.4,0.0,9.52,0.081,240.0,0.03,0,0,5,2026,0.0,1,0.5484796933490654,0.14503660735498353,0.04000000000000001,1,0,0.0,0.09531017980432487,5.484796933490655,12.5,0.1633
SAFE_26.92_70.90_2026-05-18,2026-05-18,26.92,70.9,0.0,0.1,41.8,28.9,33,19.9,0.0,11.04,0.081,240.0,0.03,0,0,5,2026,0.0,1,0.5484796933490654,0.14503660735498353,0.04000000000000001,1,0,0.0,0.09531017980432487,5.484796933490655,12.899999999999999,0.132
SAFE_26.92_70.90_2026-05-19,2026-05-19,26.92,70.9,0.0,0.1,41.3,26.1,68,19.3,0.0,8.86,0.081,240.0,0.03,0,0,5,2026,0.0,1,0.5484796933490654,0.14503660735498353,0.04000000000000001,1,0,0.0,0.09531017980432487,5.484796933490655,15.199999999999996,0.1896
SAFE_26.92_70.90_2026-05-20,2026-05-20,26.92,70.9,0.0,0.1,42.0,28.5,61,21.0,0.0,9.87,0.081,240.0,0.03,0,0,5,2026,0.0,1,0.5484796933490654,0.14503660735498353,0.04000000000000001,1,0,0.0,0.09531017980432487,5.484796933490655,13.5,0.1781
SAFE_26.92_70.90_2026-05-21,2026-05-21,26.92,70.9,0.0,0.1,39.7,27.4,57,21.7,0.0,9.54,0.081,240.0,0.03,0,0,5,2026,0.0,1,0.5484796933490654,0.14503660735498353,0.04000000000000001,1,0,0.0,0.09531017980432487,5.484796933490655,12.300000000000004,0.1715
SAFE_26.92_70.90_2026-05-22,2026-05-22,26.92,70.9,0.0,0.0,41.4,27.4,64,16.3,0.0,7.95,0.081,240.0,0.03,0,0,5,2026,0.0,1,0.5484796933490654,0.14503660735498353,0.0,1,0,0.0,0.0,5.484796933490655,14.0,0.183
SAFE_27.50_72.00_2026-05-15,2026-05-15,27.5,72.0,0.0,2.9,39.2,27.1,62,13.2,0.0,7.11,0.061,182.0,0.0,0,0,5,2026,0.0,1,0.5209486152841422,0.1148887072007058,1.16,1,0,0.0,1.3609765531356006,5.209486152841421,12.100000000000001,0.1709
SAFE_27.50_72.00_2026-05-16,2026-05-16,27.5,72.0,0.0,2.9,41.0,25.8,58,12.0,0.0,6.77,0.056,182.0,0.0,0,0,5,2026,0.0,1,0.5209486152841422,0.10547160005310698,1.16,1,0,0.0,1.3609765531356006,5.209486152841421,15.2,0.1634
SAFE_27.50_72.00_2026-05-17,2026-05-17,27.5,72.0,0.0,2.9,43.4,30.2,37,15.2,0.0,8.83,0.046,182.0,0.0,0,0,5,2026,0.0,1,0.5209486152841422,0.08663738575790929,1.16,1,0,0.0,1.3609765531356006,5.209486152841421,13.2,0.1268
SAFE_27.50_72.00_2026-05-18,2026-05-18,27.5,72.0,0.0,2.9,44.2,31.0,23,21.1,0.0,11.46,0.045,182.0,0.0,0,0,5,2026,0.0,1,0.5209486152841422,0.08475396432838952,1.16,1,0,0.0,1.3609765531356006,5.209486152841421,13.200000000000003,0.1035
SAFE_27.50_72.00_2026-05-19,2026-05-19,27.5,72.0,0.0,2.9,42.7,27.8,47,16.4,0.0,9.3,0.045,182.0,0.0,0,0,5,2026,0.0,1,0.5209486152841422,0.08475396432838952,1.16,1,0,0.0,1.3609765531356006,5.209486152841421,14.900000000000002,0.1431
SAFE_27.50_72.00_2026-05-20,2026-05-20,27.5,72.0,0.0,2.9,42.5,31.4,51,21.1,0.0,9.95,0.045,182.0,0.0,0,0,5,2026,0.0,1,0.5209486152841422,0.08475396432838952,1.16,1,0,0.0,1.3609765531356006,5.209486152841421,11.100000000000001,0.1497
SAFE_27.50_72.00_2026-05-21,2026-05-21,27.5,72.0,0.0,2.9,41.2,29.1,38,21.5,0.0,9.48,0.045,182.0,0.0,0,0,5,2026,0.0,1,0.5209486152841422,0.08475396432838952,1.16,1,0,0.0,1.3609765531356006,5.209486152841421,12.100000000000001,0.1283
SAFE_27.50_72.00_2026-05-22,2026-05-22,27.5,72.0,0.0,0.0,42.0,30.4,43,12.6,0.0,7.34,0.044,182.0,0.0,0,0,5,2026,0.0,1,0.5209486152841422,0.08287054289886976,0.0,1,0,0.0,0.0,5.209486152841421,11.600000000000001,0.1352
SAFE_25.75_71.39_2026-05-15,2026-05-15,25.747,71.394,0.0,0.0,38.8,26.7,69,16.9,0.0,7.81,0.047,201.0,0.12,0,0,5,2026,0.0,1,0.5308267697401206,0.08690398225403036,0.0,1,0,0.0,0.0,5.308267697401205,12.099999999999998,0.1807
SAFE_25.75_71.39_2026-05-16,2026-05-16,25.747,71.394,0.0,0.0,40.3,28.1,66,16.3,0.0,7.69,0.047,201.0,0.12,0,0,5,2026,0.0,1,0.5308267697401206,0.08690398225403036,0.0,1,0,0.0,0.0,5.308267697401205,12.199999999999996,0.1758
SAFE_25.75_71.39_2026-05-17,2026-05-17,25.747,71.394,0.0,0.0,42.5,29.5,53,18.2,0.0,9.61,0.046,201.0,0.12,0,0,5,2026,0.0,1,0.5308267697401206,0.08505496135500844,0.0,1,0,0.0,0.0,5.308267697401205,13.0,0.1542
SAFE_25.75_71.39_2026-05-18,2026-05-18,25.747,71.394,0.0,0.0,42.0,28.8,34,19.8,0.0,11.01,0.049,201.0,0.12,0,0,5,2026,0.0,1,0.5308267697401206,0.09060202405207421,0.0,1,0,0.0,0.0,5.308267697401205,13.2,0.1234
SAFE_25.75_71.39_2026-05-19,2026-05-19,25.747,71.394,0.0,0.0,41.4,25.5,71,20.9,0.0,9.29,0.045,201.0,0.12,0,0,5,2026,0.0,1,0.5308267697401206,0.0832059404559865,0.0,1,0,0.0,0.0,5.308267697401205,15.899999999999999,0.1836
SAFE_25.75_71.39_2026-05-20,2026-05-20,25.747,71.394,0.0,0.0,42.0,27.5,75,21.3,0.0,9.85,0.045,201.0,0.12,0,0,5,2026,0.0,1,0.5308267697401206,0.0832059404559865,0.0,1,0,0.0,0.0,5.308267697401205,14.5,0.1902
SAFE_25.75_71.39_2026-05-21,2026-05-21,25.747,71.394,0.0,0.0,41.1,26.9,62,22.4,0.0,10.34,0.045,201.0,0.12,0,0,5,2026,0.0,1,0.5308267697401206,0.0832059404559865,0.0,1,0,0.0,0.0,5.308267697401205,14.200000000000003,0.1688
SAFE_25.75_71.39_2026-05-22,2026-05-22,25.747,71.394,0.0,0.0,41.2,26.2,74,18.0,0.0,8.71,0.044,201.0,0.12,0,0,5,2026,0.0,1,0.5308267697401206,0.08135691955696459,0.0,1,0,0.0,0.0,5.308267697401205,15.000000000000004,0.1884
SAFE_-1.29_36.82_2026-05-15,2026-05-15,-1.286,36.817,0.7,0.9,23.3,16.0,90,9.8,4.0,4.03,0.282,1671.0,14.7,0,0,5,2026,0.175,3,0.7421775793644647,0.3749114673668809,0.78,1,0,0.5306282510621704,0.6418538861723948,7.421775793644647,7.300000000000001,0.3551
SAFE_-1.29_36.82_2026-05-16,2026-05-16,-1.286,36.817,1.7,1.6,24.4,15.9,95,13.1,8.0,4.06,0.25,1671.0,11.19,0,0,5,2026,0.2125,3,0.7421775793644647,0.33236832213375966,1.6600000000000001,1,0,0.9932517730102833,0.9555114450274363,7.421775793644647,8.499999999999998,0.358
SAFE_-1.29_36.82_2026-05-17,2026-05-17,-1.286,36.817,1.6,3.3,23.4,15.4,97,9.3,8.0,4.13,0.226,1671.0,6.41,0,0,5,2026,0.2,3,0.7421775793644647,0.30046096320891874,2.2800000000000002,1,0,0.9555114450274363,1.4586150226995167,7.421775793644647,7.999999999999998,0.3572
SAFE_-1.29_36.82_2026-05-18,2026-05-18,-1.286,36.817,0.7,4.9,23.6,15.7,95,9.5,6.0,3.94,0.207,1671.0,5.25,0,0,5,2026,0.11666666666666665,3,0.7421775793644647,0.275200970726753,2.3800000000000003,1,0,0.5306282510621704,1.7749523509116738,7.421775793644647,7.900000000000002,0.3502
SAFE_-1.29_36.82_2026-05-19,2026-05-19,-1.286,36.817,0.0,5.6,24.4,14.3,95,10.0,0.0,4.51,0.182,1671.0,4.37,0,0,5,2026,0.0,3,0.7421775793644647,0.24196413851337703,2.2399999999999998,1,0,0.0,1.8870696490323797,7.421775793644647,10.099999999999998,0.3452
SAFE_-1.29_36.82_2026-05-20,2026-05-20,-1.286,36.817,0.0,5.6,24.5,14.6,98,9.3,0.0,4.41,0.159,1671.0,2.4,0,0,5,2026,0.0,3,0.7421775793644647,0.21138625287707116,2.2399999999999998,1,0,0.0,1.8870696490323797,7.421775793644647,9.9,0.3457
SAFE_-1.29_36.82_2026-05-21,2026-05-21,-1.286,36.817,0.7,5.6,24.8,16.0,92,9.4,5.0,3.8,0.138,1671.0,1.25,0,0,5,2026,0.13999999999999999,3,0.7421775793644647,0.18346731381783535,2.6599999999999997,1,0,0.5306282510621704,1.8870696490323797,7.421775793644647,8.8,0.3322
SAFE_-1.29_36.82_2026-05-22,2026-05-22,-1.286,36.817,0.1,5.4,25.1,14.9,96,11.7,1.0,4.37,0.122,1671.0,1.78,0,0,5,2026,0.1,3,0.7421775793644647,0.16219574120127472,2.22,1,0,0.09531017980432487,1.8562979903656263,7.421775793644647,10.200000000000001,0.3352
SAFE_24.69_46.72_2026-05-15,2026-05-15,24.688,46.722,0.0,0.0,39.1,27.7,18,14.2,0.0,8.41,0.045,611.0,0.66,0,0,5,2026,0.0,2,0.6416732282512326,0.06905301315009925,0.0,1,0,0.0,0.0,6.416732282512326,11.400000000000002,0.1285
SAFE_24.69_46.72_2026-05-16,2026-05-16,24.688,46.722,0.0,0.0,41.7,28.7,17,17.9,0.0,8.9,0.042,611.0,0.66,0,0,5,2026,0.0,2,0.6416732282512326,0.06444947894009265,0.0,1,0,0.0,0.0,6.416732282512326,13.000000000000004,0.1263
SAFE_24.69_46.72_2026-05-17,2026-05-17,24.688,46.722,0.0,0.0,35.1,24.9,13,14.2,0.0,8.47,0.041,611.0,0.66,0,0,5,2026,0.0,2,0.6416732282512326,0.0629149675367571,0.0,1,0,0.0,0.0,6.416732282512326,10.200000000000003,0.1195
SAFE_24.69_46.72_2026-05-18,2026-05-18,24.688,46.722,0.0,0.0,36.2,24.0,19,9.4,0.0,7.09,0.037,611.0,0.66,0,0,5,2026,0.0,2,0.6416732282512326,0.056776921923414936,0.0,1,0,0.0,0.0,6.416732282512326,12.200000000000003,0.1286
SAFE_24.69_46.72_2026-05-19,2026-05-19,24.688,46.722,0.0,0.0,42.0,28.2,18,15.7,0.0,8.72,0.03,611.0,0.66,0,0,5,2026,0.0,2,0.6416732282512326,0.04603534210006617,0.0,1,0,0.0,0.0,6.416732282512326,13.8,0.1256
SAFE_24.69_46.72_2026-05-20,2026-05-20,24.688,46.722,0.0,0.0,39.3,30.5,20,11.3,0.0,7.84,0.028,611.0,0.66,0,0,5,2026,0.0,2,0.6416732282512326,0.04296631929339509,0.0,1,0,0.0,0.0,6.416732282512326,8.799999999999997,0.1285
SAFE_24.69_46.72_2026-05-21,2026-05-21,24.688,46.722,0.0,0.0,42.7,28.4,16,15.5,0.0,8.27,0.022,611.0,0.66,0,0,5,2026,0.0,2,0.6416732282512326,0.03375925087338186,0.0,1,0,0.0,0.0,6.416732282512326,14.300000000000004,0.1207
SAFE_24.69_46.72_2026-05-22,2026-05-22,24.688,46.722,0.0,0.0,38.9,28.2,20,13.1,0.0,8.51,0.017,611.0,0.66,0,0,5,2026,0.0,2,0.6416732282512326,0.026086693856704164,0.0,1,0,0.0,0.0,6.416732282512326,10.7,0.1264
SAFE_30.04_31.24_2026-05-15,2026-05-15,30.044,31.236,0.0,0.0,33.0,21.2,56,17.0,0.0,7.66,0.083,23.0,0.16,0,0,5,2026,0.0,0,0.31780538303479455,0.2531990147068148,0.0,1,0,0.0,0.0,3.1780538303479458,11.8,0.1326
SAFE_30.04_31.24_2026-05-16,2026-05-16,30.044,31.236,0.0,0.0,32.8,17.9,80,10.6,0.0,6.14,0.084,23.0,0.16,0,0,5,2026,0.0,0,0.31780538303479455,0.2562496052454511,0.0,1,0,0.0,0.0,3.1780538303479458,14.899999999999999,0.1724
SAFE_30.04_31.24_2026-05-17,2026-05-17,30.044,31.236,0.0,0.0,41.3,22.9,54,19.8,0.0,8.18,0.084,23.0,0.16,0,0,5,2026,0.0,0,0.31780538303479455,0.2562496052454511,0.0,1,0,0.0,0.0,3.1780538303479458,18.4,0.1295
SAFE_30.04_31.24_2026-05-18,2026-05-18,30.044,31.236,0.0,0.0,39.7,25.2,45,15.8,0.0,8.58,0.084,23.0,0.16,0,0,5,2026,0.0,0,0.31780538303479455,0.2562496052454511,0.0,1,0,0.0,0.0,3.1780538303479458,14.500000000000004,0.1147
SAFE_30.04_31.24_2026-05-19,2026-05-19,30.044,31.236,0.0,0.0,37.0,22.4,55,16.7,0.0,8.06,0.084,23.0,0.16,0,0,5,2026,0.0,0,0.31780538303479455,0.2562496052454511,0.0,1,0,0.0,0.0,3.1780538303479458,14.600000000000001,0.1312
SAFE_30.04_31.24_2026-05-20,2026-05-20,30.044,31.236,0.0,0.0,30.5,21.0,56,18.3,0.0,7.19,0.085,23.0,0.16,0,0,5,2026,0.0,0,0.31780538303479455,0.2593001957840874,0.0,1,0,0.0,0.0,3.1780538303479458,9.5,0.133
SAFE_30.04_31.24_2026-05-21,2026-05-21,30.044,31.236,0.0,0.0,29.1,17.8,75,13.9,0.0,6.02,0.084,23.0,0.16,0,0,5,2026,0.0,0,0.31780538303479455,0.2562496052454511,0.0,1,0,0.0,0.0,3.1780538303479458,11.3,0.1641
SAFE_30.04_31.24_2026-05-22,2026-05-22,30.044,31.236,0.0,0.0,30.5,17.8,76,15.5,0.0,6.38,0.083,23.0,0.16,0,0,5,2026,0.0,0,0.31780538303479455,0.2531990147068148,0.0,1,0,0.0,0.0,3.1780538303479458,12.7,0.1656
SAFE_33.45_-112.07_2026-05-15,2026-05-15,33.448,-112.073,0.0,0.0,36.2,22.8,23,11.8,0.0,7.21,0.019,335.0,8.16,0,0,5,2026,0.0,1,0.5817111159963204,0.03211026375262173,0.0,1,0,0.0,0.0,5.817111159963204,13.400000000000002,0.1118
SAFE_33.45_-112.07_2026-05-16,2026-05-16,33.448,-112.073,0.0,0.0,36.2,23.4,26,19.2,0.0,8.75,0.016,335.0,8.16,0,0,5,2026,0.0,1,0.5817111159963204,0.02704022210747093,0.0,1,0,0.0,0.0,5.817111159963204,12.800000000000004,0.1161
SAFE_33.45_-112.07_2026-05-17,2026-05-17,33.448,-112.073,0.0,0.0,34.4,22.5,30,18.8,0.0,8.17,0.015,335.0,8.16,0,0,5,2026,0.0,1,0.5817111159963204,0.025350208225753998,0.0,1,0,0.0,0.0,5.817111159963204,11.899999999999999,0.1225
SAFE_33.45_-112.07_2026-05-18,2026-05-18,33.448,-112.073,0.0,0.0,29.6,19.6,54,11.6,0.0,6.65,0.012,335.0,8.12,0,0,5,2026,0.0,1,0.5817111159963204,0.0202801665806032,0.0,1,0,0.0,0.0,5.817111159963204,10.0,0.1615
SAFE_33.45_-112.07_2026-05-19,2026-05-19,33.448,-112.073,0.0,0.0,32.1,20.3,24,10.5,0.0,6.69,0.018,335.0,8.16,0,0,5,2026,0.0,1,0.5817111159963204,0.030420249870904796,0.0,1,0,0.0,0.0,5.817111159963204,11.8,0.1132
SAFE_33.45_-112.07_2026-05-20,2026-05-20,33.448,-112.073,0.0,0.0,33.8,21.0,15,10.9,0.0,6.99,0.021,335.0,8.18,0,0,5,2026,0.0,1,0.5817111159963204,0.0354902915160556,0.0,1,0,0.0,0.0,5.817111159963204,12.799999999999997,0.099
SAFE_33.45_-112.07_2026-05-21,2026-05-21,33.448,-112.073,0.0,0.0,34.5,20.5,18,12.3,0.0,7.39,0.02,335.0,8.18,0,0,5,2026,0.0,1,0.5817111159963204,0.03380027763433866,0.0,1,0,0.0,0.0,5.817111159963204,14.0,0.1037
SAFE_33.45_-112.07_2026-05-22,2026-05-22,33.448,-112.073,0.0,0.0,35.4,21.4,28,16.6,0.0,7.79,0.019,335.0,8.18,0,0,5,2026,0.0,1,0.5817111159963204,0.03211026375262173,0.0,1,0,0.0,0.0,5.817111159963204,14.0,0.12
SAFE_40.42_-3.70_2026-05-15,2026-05-15,40.416,-3.703,2.2,0.0,16.2,9.7,62,17.6,3.0,4.15,0.138,651.0,1.78,0,0,5,2026,0.7333333333333334,2,0.6480044561926653,0.20972502344208027,1.32,1,0,1.1631508098056809,0.0,6.480044561926653,6.5,0.2231
SAFE_40.42_-3.70_2026-05-16,2026-05-16,40.416,-3.703,0.0,2.2,19.5,6.5,75,10.1,0.0,4.91,0.122,651.0,1.81,0,0,5,2026,0.0,2,0.6480044561926653,0.18540907869517237,0.8800000000000001,1,0,0.0,1.1631508098056809,6.480044561926653,13.0,0.2408
SAFE_40.42_-3.70_2026-05-17,2026-05-17,40.416,-3.703,0.8,2.2,22.9,8.9,75,12.5,4.0,4.9,0.089,651.0,1.72,0,0,5,2026,0.2,2,0.6480044561926653,0.13525744265467493,1.36,1,0,0.5877866649021191,1.1631508098056809,6.480044561926653,13.999999999999998,0.235
SAFE_40.42_-3.70_2026-05-18,2026-05-18,40.416,-3.703,0.0,3.0,23.4,10.3,84,14.9,0.0,5.6,0.077,651.0,1.72,0,0,5,2026,0.0,2,0.6480044561926653,0.11702048409449405,1.2000000000000002,1,0,0.0,1.3862943611198906,6.480044561926653,13.099999999999998,0.2472
SAFE_40.42_-3.70_2026-05-19,2026-05-19,40.416,-3.703,0.0,3.0,26.4,12.5,71,11.3,0.0,5.94,0.085,651.0,1.69,0,0,5,2026,0.0,2,0.6480044561926653,0.12917845646794798,1.2000000000000002,1,0,0.0,1.3862943611198906,6.480044561926653,13.899999999999999,0.2274
SAFE_40.42_-3.70_2026-05-20,2026-05-20,40.416,-3.703,0.0,3.0,29.8,14.6,72,9.5,0.0,6.03,0.08,651.0,1.65,0,0,5,2026,0.0,2,0.6480044561926653,0.12157972373453928,1.2000000000000002,1,0,0.0,1.3862943611198906,6.480044561926653,15.200000000000001,0.228
SAFE_40.42_-3.70_2026-05-21,2026-05-21,40.416,-3.703,0.0,3.0,31.8,16.7,60,11.8,0.0,6.95,0.078,651.0,1.65,0,0,5,2026,0.0,2,0.6480044561926653,0.11854023064117579,1.2000000000000002,1,0,0.0,1.3862943611198906,6.480044561926653,15.100000000000001,0.2079
SAFE_40.42_-3.70_2026-05-22,2026-05-22,40.416,-3.703,0.0,3.0,32.4,18.1,43,13.4,0.0,7.34,0.078,651.0,1.65,0,0,5,2026,0.0,2,0.6480044561926653,0.11854023064117579,1.2000000000000002,1,0,0.0,1.3862943611198906,6.480044561926653,14.299999999999997,0.1798
SAFE_39.92_32.85_2026-05-15,2026-05-15,39.92,32.854,4.2,2.1,17.0,9.4,96,12.1,13.0,3.72,0.108,865.0,4.97,0,0,5,2026,0.3230769230769231,2,0.6763884908562435,0.15734529561425792,3.3600000000000003,1,0,1.6486586255873816,1.1314021114911006,6.763884908562435,7.6,0.2888
SAFE_39.92_32.85_2026-05-16,2026-05-16,39.92,32.854,0.0,6.300000000000001,20.4,6.7,90,10.8,0.0,5.1,0.1,865.0,4.66,0,0,5,2026,0.0,2,0.6763884908562435,0.1456900885317203,2.5200000000000005,1,0,0.0,1.9878743481543455,6.763884908562435,13.7,0.2761
SAFE_39.92_32.85_2026-05-17,2026-05-17,39.92,32.854,5.3,6.300000000000001,19.9,11.5,91,17.5,13.0,4.11,0.117,865.0,3.97,0,0,5,2026,0.4076923076923077,2,0.6763884908562435,0.17045740358211275,5.7,1,0,1.840549633397487,1.9878743481543455,6.763884908562435,8.399999999999999,0.2846
SAFE_39.92_32.85_2026-05-18,2026-05-18,39.92,32.854,0.9,11.6,16.9,8.5,90,16.9,7.0,3.67,0.182,865.0,4.66,0,0,5,2026,0.1285714285714286,2,0.6763884908562435,0.26515596112773093,5.18,1,0,0.6418538861723948,2.533696813957432,6.763884908562435,8.399999999999999,0.2946
SAFE_39.92_32.85_2026-05-19,2026-05-19,39.92,32.854,1.0,12.5,19.2,8.6,88,6.7,6.0,4.04,0.17,865.0,4.25,0,0,5,2026,0.16666666666666666,2,0.6763884908562435,0.2476731505039245,5.6,1,0,0.6931471805599453,2.6026896854443837,6.763884908562435,10.6,0.2894
SAFE_39.92_32.85_2026-05-20,2026-05-20,39.92,32.854,16.9,13.5,16.3,11.4,93,11.6,10.0,2.47,0.207,865.0,3.41,0,0,5,2026,1.69,2,0.6763884908562435,0.301578483260661,15.54,1,0,2.884800712846709,2.6741486494265287,6.763884908562435,4.9,0.3157
SAFE_39.92_32.85_2026-05-21,2026-05-21,39.92,32.854,13.4,30.4,18.0,9.5,95,15.5,11.0,3.53,0.252,865.0,5.37,0,0,5,2026,1.2181818181818183,2,0.6763884908562435,0.3671390230999351,20.2,1,0,2.667228206581955,3.4468078929142076,6.763884908562435,8.5,0.3317
SAFE_39.92_32.85_2026-05-22,2026-05-22,39.92,32.854,1.3,41.7,18.5,9.3,100,10.2,4.0,3.75,0.28,865.0,5.9,0,0,5,2026,0.325,2,0.6763884908562435,0.4079322478888168,17.460000000000004,1,0,0.832909122935104,3.754198920234579,6.763884908562435,9.2,0.3416
SAFE_-12.05_-77.04_2026-05-15,2026-05-15,-12.046,-77.043,0.0,0.0,25.0,20.0,87,15.9,0.0,3.66,0.16,139.0,82.37,0,0,5,2026,0.0,1,0.49416424226093036,0.3173568979872078,0.0,1,0,0.0,0.0,4.941642422609304,5.0,0.2251
SAFE_-12.05_-77.04_2026-05-16,2026-05-16,-12.046,-77.043,0.0,0.0,23.8,19.6,88,14.0,0.0,3.36,0.153,139.0,81.04,0,0,5,2026,0.0,1,0.49416424226093036,0.30347253370026744,0.0,1,0,0.0,0.0,4.941642422609304,4.199999999999999,0.2254
SAFE_-12.05_-77.04_2026-05-17,2026-05-17,-12.046,-77.043,0.0,0.0,23.8,19.4,89,15.0,0.0,3.11,0.136,139.0,79.72,0,0,5,2026,0.0,1,0.49416424226093036,0.26975336328912664,0.0,1,0,0.0,0.0,4.941642422609304,4.400000000000002,0.2237
SAFE_-12.05_-77.04_2026-05-18,2026-05-18,-12.046,-77.043,0.2,0.0,23.6,20.0,88,17.2,2.0,3.02,0.135,139.0,78.43,0,0,5,2026,0.1,1,0.49416424226093036,0.2677698826767066,0.12,1,0,0.18232155679395465,0.0,4.941642422609304,3.6000000000000014,0.222
SAFE_-12.05_-77.04_2026-05-19,2026-05-19,-12.046,-77.043,0.0,0.2,23.0,19.4,82,19.0,0.0,3.44,0.128,139.0,77.16,0,0,5,2026,0.0,1,0.49416424226093036,0.25388551838976625,0.08000000000000002,1,0,0.0,0.18232155679395465,4.941642422609304,3.6000000000000014,0.2107
SAFE_-12.05_-77.04_2026-05-20,2026-05-20,-12.046,-77.043,0.0,0.2,24.0,18.3,85,18.1,0.0,3.61,0.137,139.0,76.09,0,0,5,2026,0.0,1,0.49416424226093036,0.2717368439015467,0.08000000000000002,1,0,0.0,0.18232155679395465,4.941642422609304,5.699999999999999,0.2174
SAFE_-12.05_-77.04_2026-05-21,2026-05-21,-12.046,-77.043,0.0,0.2,23.3,18.6,83,16.1,0.0,3.55,0.137,139.0,75.03,0,0,5,2026,0.0,1,0.49416424226093036,0.2717368439015467,0.08000000000000002,1,0,0.0,0.18232155679395465,4.941642422609304,4.699999999999999,0.2141
SAFE_-12.05_-77.04_2026-05-22,2026-05-22,-12.046,-77.043,0.0,0.2,23.2,18.8,82,15.5,0.0,3.43,0.137,139.0,74.16,0,0,5,2026,0.0,1,0.49416424226093036,0.2717368439015467,0.08000000000000002,1,0,0.0,0.18232155679395465,4.941642422609304,4.399999999999999,0.2125
SAFE_-34.60_-58.38_2026-05-15,2026-05-15,-34.603,-58.381,0.0,0.0,16.1,7.4,87,10.3,0.0,1.94,0.237,16.0,20.93,0,0,5,2026,0.0,0,0.2833213344056216,0.8079875965389641,0.0,1,0,0.0,0.0,2.833213344056216,8.700000000000001,0.2092
SAFE_-34.60_-58.38_2026-05-16,2026-05-16,-34.603,-58.381,0.3,0.0,13.7,9.9,91,16.6,3.0,0.92,0.222,16.0,20.48,0,0,5,2026,0.09999999999999999,0,0.2833213344056216,0.7568491410618146,0.18,1,0,0.262364264467491,0.0,2.833213344056216,3.799999999999999,0.2131
SAFE_-34.60_-58.38_2026-05-17,2026-05-17,-34.603,-58.381,0.5,0.3,13.5,7.8,83,14.9,3.0,1.9,0.209,16.0,20.48,0,0,5,2026,0.16666666666666666,0,0.2833213344056216,0.7125291463149515,0.42,1,0,0.4054651081081644,0.262364264467491,2.833213344056216,5.7,0.1976
SAFE_-34.60_-58.38_2026-05-18,2026-05-18,-34.603,-58.381,0.0,0.8,15.8,4.7,79,10.5,0.0,2.12,0.218,16.0,20.48,0,0,5,2026,0.0,0,0.2833213344056216,0.7432122196012413,0.32000000000000006,1,0,0.0,0.5877866649021191,2.833213344056216,11.100000000000001,0.1926
SAFE_-34.60_-58.38_2026-05-19,2026-05-19,-34.603,-58.381,0.0,0.8,17.2,5.9,81,11.7,0.0,2.29,0.216,16.0,20.23,0,0,5,2026,0.0,0,0.2833213344056216,0.7363937588709547,0.32000000000000006,1,0,0.0,0.5877866649021191,2.833213344056216,11.299999999999999,0.1955
SAFE_-34.60_-58.38_2026-05-20,2026-05-20,-34.603,-58.381,0.0,0.8,14.2,7.1,86,14.6,0.0,1.61,0.2,16.0,19.8,0,0,5,2026,0.0,0,0.2833213344056216,0.6818460730286617,0.32000000000000006,1,0,0.0,0.5877866649021191,2.833213344056216,7.1,0.2006
SAFE_-34.60_-58.38_2026-05-21,2026-05-21,-34.603,-58.381,0.0,0.8,12.2,5.8,78,9.8,0.0,1.7,0.2,16.0,19.7,0,0,5,2026,0.0,0,0.2833213344056216,0.6818460730286617,0.32000000000000006,1,0,0.0,0.5877866649021191,2.833213344056216,6.3999999999999995,0.1875
SAFE_-34.60_-58.38_2026-05-22,2026-05-22,-34.603,-58.381,0.3,0.8,11.6,6.1,79,8.2,3.0,1.07,0.198,16.0,19.61,0,0,5,2026,0.09999999999999999,0,0.2833213344056216,0.6750276122983752,0.5,1,0,0.262364264467491,0.5877866649021191,2.833213344056216,5.5,0.1889
SAFE_51.05_-114.06_2026-05-15,2026-05-15,51.047,-114.058,1.1,0.2,14.2,6.8,55,17.8,7.0,4.14,0.079,1050.0,203.64,0,0,5,2026,0.15714285714285717,2,0.6957497370876952,0.1119376966770072,0.74,1,0,0.7419373447293773,0.18232155679395465,6.957497370876951,7.3999999999999995,0.2237
SAFE_51.05_-114.06_2026-05-16,2026-05-16,51.047,-114.058,10.4,1.3,8.6,1.9,99,16.8,18.0,1.15,0.154,1050.0,183.08,0,0,5,2026,0.5777777777777778,2,0.6957497370876952,0.21820766187669757,6.76,1,0,2.4336133554004498,0.832909122935104,6.957497370876951,6.699999999999999,0.3173
SAFE_51.05_-114.06_2026-05-17,2026-05-17,51.047,-114.058,1.1,11.7,10.1,0.6,85,20.2,5.0,3.01,0.199,1050.0,189.11,0,0,5,2026,0.22000000000000003,2,0.6957497370876952,0.28196964099651184,5.34,1,0,0.7419373447293773,2.5416019934645457,6.957497370876951,9.5,0.3007
SAFE_51.05_-114.06_2026-05-18,2026-05-18,51.047,-114.058,1.8,12.8,11.6,0.2,97,15.0,3.0,3.23,0.181,1050.0,175.6,0,0,5,2026,0.6,2,0.6957497370876952,0.2564648493485861,6.200000000000001,1,0,1.0296194171811581,2.624668592163159,6.957497370876951,11.4,0.3179
SAFE_51.05_-114.06_2026-05-19,2026-05-19,51.047,-114.058,2.2,14.6,15.0,4.0,83,12.8,9.0,3.61,0.155,1050.0,161.55,0,0,5,2026,0.24444444444444446,2,0.6957497370876952,0.21962459474602677,7.16,1,0,1.1631508098056809,2.747270914255491,6.957497370876951,11.0,0.2907
SAFE_51.05_-114.06_2026-05-20,2026-05-20,51.047,-114.058,3.6,16.8,11.4,4.2,88,20.8,11.0,3.37,0.143,1050.0,160.06,0,0,5,2026,0.32727272727272727,2,0.6957497370876952,0.2026214003140763,8.88,1,0,1.5260563034950492,2.8791984572980396,6.957497370876951,7.2,0.2983
SAFE_51.05_-114.06_2026-05-21,2026-05-21,51.047,-114.058,1.4,20.4,16.1,4.4,80,12.1,2.0,4.36,0.16,1050.0,146.57,0,0,5,2026,0.7,2,0.6957497370876952,0.2267092590926728,9.0,1,0,0.8754687373538999,3.0633909220278057,6.957497370876951,11.700000000000001,0.2883
SAFE_51.05_-114.06_2026-05-22,2026-05-22,51.047,-114.058,0.2,21.6,17.8,4.8,76,9.6,2.0,4.11,0.121,1050.0,136.72,0,0,5,2026,0.1,2,0.6957497370876952,0.1714488771888338,8.76,1,0,0.18232155679395465,3.1179499062782403,6.957497370876951,13.0,0.2738
SAFE_-26.20_28.05_2026-05-15,2026-05-15,-26.204,28.047,0.0,0.0,20.1,8.6,92,6.1,0.0,2.88,0.101,1749.0,0.0,0,0,5,2026,0.0,3,0.746737106691756,0.13346775135891498,0.0,1,0,0.0,0.0,7.4673710669175595,11.500000000000002,0.3266
SAFE_-26.20_28.05_2026-05-16,2026-05-16,-26.204,28.047,0.0,0.0,19.1,8.9,83,10.9,0.0,3.01,0.102,1749.0,0.0,0,0,5,2026,0.0,3,0.746737106691756,0.1347892142436567,0.0,1,0,0.0,0.0,7.4673710669175595,10.200000000000001,0.3119
SAFE_-26.20_28.05_2026-05-17,2026-05-17,-26.204,28.047,0.1,0.0,18.2,7.4,91,9.1,1.0,2.28,0.101,1749.0,0.0,0,0,5,2026,0.1,3,0.746737106691756,0.13346775135891498,0.06,1,0,0.09531017980432487,0.0,7.4673710669175595,10.799999999999999,0.325
SAFE_-26.20_28.05_2026-05-18,2026-05-18,-26.204,28.047,0.0,0.1,18.1,9.6,81,9.9,0.0,2.56,0.108,1749.0,0.0,0,0,5,2026,0.0,3,0.746737106691756,0.1427179915521071,0.04000000000000001,1,0,0.0,0.09531017980432487,7.4673710669175595,8.500000000000002,0.3098
SAFE_-26.20_28.05_2026-05-19,2026-05-19,-26.204,28.047,1.8,0.1,15.5,9.9,84,8.4,7.0,1.84,0.127,1749.0,0.0,0,0,5,2026,0.2571428571428572,3,0.746737106691756,0.16782578636220002,1.12,1,0,1.0296194171811581,0.09531017980432487,7.4673710669175595,5.6,0.3197
SAFE_-26.20_28.05_2026-05-20,2026-05-20,-26.204,28.047,0.0,1.9,16.6,7.2,87,12.0,0.0,2.78,0.128,1749.0,0.0,0,0,5,2026,0.0,3,0.746737106691756,0.16914724924694174,0.76,1,0,0.0,1.0647107369924282,7.4673710669175595,9.400000000000002,0.3243
SAFE_-26.20_28.05_2026-05-21,2026-05-21,-26.204,28.047,0.0,1.9,15.5,6.9,87,10.3,0.0,2.04,0.128,1749.0,0.0,0,0,5,2026,0.0,3,0.746737106691756,0.16914724924694174,0.76,1,0,0.0,1.0647107369924282,7.4673710669175595,8.6,0.3243
SAFE_-26.20_28.05_2026-05-22,2026-05-22,-26.204,28.047,0.2,1.9,14.8,7.1,97,10.6,2.0,1.87,0.131,1749.0,0.03,0,0,5,2026,0.1,3,0.746737106691756,0.17311163790116696,0.88,1,0,0.18232155679395465,1.0647107369924282,7.4673710669175595,7.700000000000001,0.3415
SAFE_22.57_88.36_2026-05-15,2026-05-15,22.572,88.363,1.0,3.5,35.6,27.9,89,14.1,4.0,5.68,0.157,12.0,3.03,0,0,5,2026,0.25,0,0.2564949357461537,0.5891293939992478,2.0,1,0,0.6931471805599453,1.5040773967762742,2.5649493574615367,7.700000000000003,0.1955
SAFE_22.57_88.36_2026-05-16,2026-05-16,22.572,88.363,0.4,4.5,35.2,27.9,90,15.7,3.0,5.51,0.231,12.0,2.25,0,0,5,2026,0.13333333333333333,0,0.2564949357461537,0.8668082166485749,2.04,1,0,0.33647223662121295,1.7047480922384253,2.5649493574615367,7.300000000000004,0.2115
SAFE_22.57_88.36_2026-05-17,2026-05-17,22.572,88.363,4.8,4.9,35.7,28.2,88,14.8,2.0,5.6,0.193,12.0,1.78,0,0,5,2026,2.4,0,0.2564949357461537,0.7242163888016231,4.84,1,0,1.7578579175523736,1.7749523509116738,2.5649493574615367,7.5000000000000036,0.2039
SAFE_22.57_88.36_2026-05-18,2026-05-18,22.572,88.363,6.5,9.7,37.2,29.0,91,15.3,2.0,5.53,0.267,12.0,2.31,0,0,5,2026,3.25,0,0.2564949357461537,1.00189521145095,7.779999999999999,1,0,2.0149030205422647,2.3702437414678603,2.5649493574615367,8.200000000000003,0.2261
SAFE_22.57_88.36_2026-05-19,2026-05-19,22.572,88.363,0.3,16.2,36.0,28.7,93,17.6,2.0,5.2,0.26,12.0,3.81,0,0,5,2026,0.15,0,0.2564949357461537,0.9756282957949327,6.66,1,0,0.262364264467491,2.8449093838194073,2.5649493574615367,7.300000000000001,0.2264
SAFE_22.57_88.36_2026-05-20,2026-05-20,22.572,88.363,0.0,16.5,36.7,28.5,95,10.8,0.0,5.33,0.223,12.0,2.85,0,0,5,2026,0.0,0,0.2564949357461537,0.8367888844702692,6.6000000000000005,1,0,0.0,2.8622008809294686,2.5649493574615367,8.200000000000003,0.2224
SAFE_22.57_88.36_2026-05-21,2026-05-21,22.572,88.363,0.0,16.5,36.3,28.5,94,12.6,0.0,5.26,0.239,12.0,1.56,0,0,5,2026,0.0,0,0.2564949357461537,0.8968275488268804,6.6000000000000005,1,0,0.0,2.8622008809294686,2.5649493574615367,7.799999999999997,0.2239
SAFE_22.57_88.36_2026-05-22,2026-05-22,22.572,88.363,0.0,13.0,36.2,29.5,95,13.6,0.0,5.33,0.226,12.0,3.41,0,0,5,2026,0.0,0,0.2564949357461537,0.8480461340371338,5.2,1,0,0.0,2.6390573296152584,2.5649493574615367,6.700000000000003,0.2217
SAFE_23.81_90.41_2026-05-15,2026-05-15,23.81,90.412,0.5,2.5,32.7,26.0,93,13.5,4.0,4.9,0.314,11.0,23.6,0,0,5,2026,0.125,0,0.24849066497880004,1.2147440605862982,1.3,1,0,0.4054651081081644,1.252762968495368,2.4849066497880004,6.700000000000003,0.2309
SAFE_23.81_90.41_2026-05-16,2026-05-16,23.81,90.412,3.3,3.0,33.4,25.1,94,13.9,10.0,4.51,0.302,11.0,24.7,0,0,5,2026,0.32999999999999996,0,0.24849066497880004,1.1683207206912805,3.1799999999999997,1,0,1.4586150226995167,1.3862943611198906,2.4849066497880004,8.299999999999997,0.2322
SAFE_23.81_90.41_2026-05-17,2026-05-17,23.81,90.412,0.2,6.3,33.3,24.9,93,16.2,1.0,4.76,0.25,11.0,26.29,0,0,5,2026,0.2,0,0.24849066497880004,0.9671529144795369,2.64,1,0,0.18232155679395465,1.9878743481543455,2.4849066497880004,8.399999999999999,0.2197
SAFE_23.81_90.41_2026-05-18,2026-05-18,23.81,90.412,2.5,6.5,33.0,24.7,96,17.0,7.0,4.5,0.233,11.0,25.12,0,0,5,2026,0.35714285714285715,0,0.24849066497880004,0.9013865162949284,4.1,1,0,1.252762968495368,2.0149030205422647,2.4849066497880004,8.3,0.2229
SAFE_23.81_90.41_2026-05-19,2026-05-19,23.81,90.412,0.9,9.0,33.2,26.0,95,12.6,3.0,4.73,0.263,11.0,26.42,0,0,5,2026,0.3,0,0.24849066497880004,1.0174448660324729,4.140000000000001,1,0,0.6418538861723948,2.302585092994046,2.4849066497880004,7.200000000000003,0.227
SAFE_23.81_90.41_2026-05-20,2026-05-20,23.81,90.412,1.7,9.9,33.9,26.4,97,9.9,10.0,5.11,0.196,11.0,22.33,0,0,5,2026,0.16999999999999998,0,0.24849066497880004,0.7582478849519569,4.98,1,0,0.9932517730102833,2.388762789235098,2.4849066497880004,7.5,0.2181
SAFE_23.81_90.41_2026-05-21,2026-05-21,23.81,90.412,2.9,11.6,32.1,27.6,92,12.2,8.0,2.97,0.18,11.0,20.78,0,0,5,2026,0.3625,0,0.24849066497880004,0.6963500984252665,6.38,1,0,1.3609765531356006,2.533696813957432,2.4849066497880004,4.5,0.2082
SAFE_23.81_90.41_2026-05-22,2026-05-22,23.81,90.412,5.5,12.0,33.0,27.2,93,11.5,12.0,4.14,0.211,11.0,25.36,0,0,5,2026,0.4583333333333333,0,0.24849066497880004,0.8162770598207291,8.100000000000001,1,0,1.8718021769015913,2.5649493574615367,2.4849066497880004,5.800000000000001,0.2177
SAFE_6.52_3.38_2026-05-15,2026-05-15,6.524,3.379,6.3,11.9,28.6,25.6,93,13.3,10.0,2.09,0.234,11.0,112.5,0,0,5,2026,0.63,0,0.24849066497880004,0.9052551279528466,8.540000000000001,1,0,1.9878743481543455,2.5572273113676265,2.4849066497880004,3.0,0.2227
SAFE_6.52_3.38_2026-05-16,2026-05-16,6.524,3.379,1.7,18.2,31.8,26.0,93,13.7,5.0,3.58,0.227,11.0,109.92,0,0,5,2026,0.33999999999999997,0,0.24849066497880004,0.8781748463474195,8.3,1,0,0.9932517730102833,2.954910279033736,2.4849066497880004,5.800000000000001,0.2206
SAFE_6.52_3.38_2026-05-17,2026-05-17,6.524,3.379,13.6,19.9,30.2,26.4,90,18.9,12.0,3.58,0.244,11.0,119.23,0,0,5,2026,1.1333333333333333,0,0.24849066497880004,0.943941244532028,16.12,1,0,2.681021528714291,3.039749158970765,2.4849066497880004,3.8000000000000007,0.2275
SAFE_6.52_3.38_2026-05-18,2026-05-18,6.524,3.379,5.1,33.5,30.1,24.6,94,12.6,7.0,2.84,0.252,11.0,131.43,0,0,5,2026,0.7285714285714285,0,0.24849066497880004,0.9748901377953731,16.46,1,0,1.8082887711792655,3.5409593240373143,2.4849066497880004,5.5,0.2351
SAFE_6.52_3.38_2026-05-19,2026-05-19,6.524,3.379,8.1,38.6,30.0,26.0,89,9.3,13.0,2.99,0.254,11.0,154.96,0,0,5,2026,0.6230769230769231,0,0.24849066497880004,0.9826273611112095,20.3,1,0,2.2082744135228043,3.6788291182604347,2.4849066497880004,4.0,0.2311
SAFE_6.52_3.38_2026-05-20,2026-05-20,6.524,3.379,3.2,46.7,30.0,26.1,93,13.3,10.0,4.15,0.255,11.0,173.98,0,0,5,2026,0.32,0,0.24849066497880004,0.9864959727691276,20.6,1,0,1.4350845252893227,3.8649313978942956,2.4849066497880004,3.8999999999999986,0.2377
SAFE_6.52_3.38_2026-05-21,2026-05-21,6.524,3.379,11.4,49.9,30.8,25.7,94,14.2,17.0,4.54,0.257,11.0,160.81,0,0,5,2026,0.6705882352941177,0,0.24849066497880004,0.994233196084964,26.8,1,0,2.517696472610991,3.929862923556477,2.4849066497880004,5.100000000000001,0.2463
SAFE_6.52_3.38_2026-05-22,2026-05-22,6.524,3.379,9.0,49.4,28.8,24.1,98,12.9,19.0,3.55,0.278,11.0,161.55,0,0,5,2026,0.47368421052631576,0,0.24849066497880004,1.075474040901245,25.16,1,0,2.302585092994046,3.919991175077323,2.4849066497880004,4.699999999999999,0.2552
SAFE_52.37_4.89_2026-05-15,2026-05-15,52.37,4.895,3.3,4.4,10.8,5.9,91,17.7,15.0,2.25,0.31,8.0,0.25,0,0,5,2026,0.22,0,0.21972245773362195,1.3494544811089608,3.74,1,0,1.4586150226995167,1.6863989535702288,2.1972245773362196,4.9,0.2258
SAFE_52.37_4.89_2026-05-16,2026-05-16,52.37,4.895,1.1,7.7,12.2,5.8,86,18.0,7.0,3.08,0.339,8.0,0.28,0,0,5,2026,0.15714285714285717,0,0.21972245773362195,1.4756937712772185,3.74,1,0,0.7419373447293773,2.163323025660538,2.1972245773362196,6.3999999999999995,0.223
SAFE_52.37_4.89_2026-05-17,2026-05-17,52.37,4.895,13.8,8.8,14.1,7.9,95,16.2,18.0,2.17,0.388,8.0,0.25,0,0,5,2026,0.7666666666666667,0,0.21972245773362195,1.6889946408718606,11.8,1,0,2.6946271807700692,2.2823823856765264,2.1972245773362196,6.199999999999999,0.2561
SAFE_52.37_4.89_2026-05-18,2026-05-18,52.37,4.895,5.8,22.6,14.5,9.0,99,13.7,13.0,2.83,0.447,8.0,0.34,0,0,5,2026,0.4461538461538461,0,0.21972245773362195,1.9458263001796952,12.520000000000001,1,0,1.916922612182061,3.1612467120315646,2.1972245773362196,5.5,0.274
SAFE_52.37_4.89_2026-05-19,2026-05-19,52.37,4.895,5.0,28.4,15.9,7.7,93,22.2,8.0,1.83,0.453,8.0,0.41,0,0,5,2026,0.625,0,0.21972245773362195,1.9719447740076106,14.36,1,0,1.791759469228055,3.380994674344636,2.1972245773362196,8.2,0.2669
SAFE_52.37_4.89_2026-05-20,2026-05-20,52.37,4.895,2.4,33.4,16.5,12.0,95,22.8,11.0,3.18,0.473,8.0,0.37,0,0,5,2026,0.21818181818181817,0,0.21972245773362195,2.059006353433995,14.799999999999999,1,0,1.2237754316221157,3.5380565643793527,2.1972245773362196,4.5,0.2743
SAFE_52.37_4.89_2026-05-21,2026-05-21,52.37,4.895,0.0,35.8,18.5,12.6,94,14.5,0.0,3.6,0.443,8.0,0.37,0,0,5,2026,0.0,0,0.21972245773362195,1.9284139842944181,14.32,1,0,0.0,3.6054978451748854,2.1972245773362196,5.9,0.2661
SAFE_52.37_4.89_2026-05-22,2026-05-22,52.37,4.895,0.0,31.4,24.0,13.3,89,10.1,0.0,4.86,0.401,8.0,0.25,0,0,5,2026,0.0,0,0.21972245773362195,1.7455846674990108,12.56,1,0,0.0,3.4781584227982836,2.1972245773362196,10.7,0.2481
SAFE_52.23_21.01_2026-05-15,2026-05-15,52.229,21.012,2.2,1.0,20.6,8.5,96,16.4,3.0,3.48,0.303,116.0,132.05,0,0,5,2026,0.7333333333333334,1,0.47621739347977565,0.6231780353053193,1.7200000000000002,1,0,1.1631508098056809,0.6931471805599453,4.762173934797756,12.100000000000001,0.2663
SAFE_52.23_21.01_2026-05-16,2026-05-16,52.229,21.012,4.5,3.2,13.6,7.7,100,9.9,9.0,1.47,0.331,116.0,207.93,0,0,5,2026,0.5,1,0.47621739347977565,0.6807654445084512,3.98,1,0,1.7047480922384253,1.4350845252893227,4.762173934797756,5.8999999999999995,0.2807
SAFE_52.23_21.01_2026-05-17,2026-05-17,52.229,21.012,1.0,7.7,14.4,8.9,94,19.2,7.0,1.87,0.354,116.0,270.64,0,0,5,2026,0.14285714285714285,1,0.47621739347977565,0.7280693877824523,3.68,1,0,0.6931471805599453,2.163323025660538,4.762173934797756,5.5,0.2746
SAFE_52.23_21.01_2026-05-18,2026-05-18,52.229,21.012,0.9,8.7,18.8,7.9,98,10.4,4.0,3.55,0.339,116.0,327.1,0,0,5,2026,0.225,1,0.47621739347977565,0.6972189899950604,4.02,1,0,0.6418538861723948,2.272125885509337,4.762173934797756,10.9,0.2786
SAFE_52.23_21.01_2026-05-19,2026-05-19,52.229,21.012,0.3,9.6,16.5,10.1,98,10.3,3.0,2.24,0.308,116.0,388.94,0,0,5,2026,0.09999999999999999,1,0.47621739347977565,0.63346150123445,4.02,1,0,0.262364264467491,2.3608540011180215,4.762173934797756,6.4,0.2725
SAFE_52.23_21.01_2026-05-20,2026-05-20,52.229,21.012,0.0,9.9,21.5,8.9,97,8.4,0.0,4.48,0.266,116.0,461.38,0,0,5,2026,0.0,1,0.47621739347977565,0.5470803874297524,3.9600000000000004,1,0,0.0,2.388762789235098,4.762173934797756,12.6,0.2627
SAFE_52.23_21.01_2026-05-21,2026-05-21,52.229,21.012,1.5,9.9,22.7,13.2,92,16.4,7.0,4.41,0.179,116.0,542.25,0,0,5,2026,0.21428571428571427,1,0.47621739347977565,0.36814808026287843,4.86,1,0,0.9162907318741551,2.388762789235098,4.762173934797756,9.5,0.2385
SAFE_52.23_21.01_2026-05-22,2026-05-22,52.229,21.012,0.0,10.4,22.2,11.0,98,14.8,0.0,4.82,0.15,116.0,614.18,0,0,5,2026,0.0,1,0.47621739347977565,0.3085039778739205,4.16,1,0,0.0,2.4336133554004498,4.762173934797756,11.2,0.242
SAFE_41.88_-87.63_2026-05-15,2026-05-15,41.878,-87.63,0.8,0.0,22.8,11.8,63,21.1,2.0,5.09,0.018,241.0,29.13,0,0,5,2026,0.4,1,0.5488937726156686,0.03220647801416452,0.48,1,0,0.5877866649021191,0.0,5.488937726156687,11.0,0.1698
SAFE_41.88_-87.63_2026-05-16,2026-05-16,41.878,-87.63,3.3,0.8,28.5,16.7,90,19.5,3.0,5.41,0.024,241.0,28.72,0,0,5,2026,1.0999999999999999,1,0.5488937726156686,0.0429419706855527,2.3,1,0,1.4586150226995167,0.5877866649021191,5.488937726156687,11.8,0.2174
SAFE_41.88_-87.63_2026-05-17,2026-05-17,41.878,-87.63,0.2,4.1,30.2,18.8,87,26.0,2.0,5.77,0.014,241.0,37.28,0,0,5,2026,0.1,1,0.5488937726156686,0.02504948289990574,1.7599999999999998,1,0,0.18232155679395465,1.62924053973028,5.488937726156687,11.399999999999999,0.2097
SAFE_41.88_-87.63_2026-05-18,2026-05-18,41.878,-87.63,3.6,4.3,26.4,20.7,83,24.7,6.0,4.38,0.034,241.0,89.36,0,0,5,2026,0.6,1,0.5488937726156686,0.060834458471199664,3.88,1,0,1.5260563034950492,1.667706820558076,5.488937726156687,5.699999999999999,0.2093
SAFE_41.88_-87.63_2026-05-19,2026-05-19,41.878,-87.63,0.8,7.9,26.6,17.3,88,24.5,5.0,4.21,0.05,241.0,122.31,0,0,5,2026,0.16,1,0.5488937726156686,0.0894624389282348,3.64,1,0,0.5877866649021191,2.186051276738094,5.488937726156687,9.3,0.2201
SAFE_41.88_-87.63_2026-05-20,2026-05-20,41.878,-87.63,0.0,8.7,16.6,9.6,75,19.7,0.0,3.94,0.046,241.0,78.62,0,0,5,2026,0.0,1,0.5488937726156686,0.082305443813976,3.48,1,0,0.0,2.272125885509337,5.488937726156687,7.000000000000002,0.1977
SAFE_41.88_-87.63_2026-05-21,2026-05-21,41.878,-87.63,0.4,8.7,13.5,9.4,83,19.1,2.0,3.64,0.033,241.0,45.67,0,0,5,2026,0.2,1,0.5488937726156686,0.059045209692634965,3.7199999999999998,1,0,0.33647223662121295,2.272125885509337,5.488937726156687,4.1,0.2086
SAFE_41.88_-87.63_2026-05-22,2026-05-22,41.878,-87.63,0.0,9.1,17.5,11.0,84,19.5,0.0,3.77,0.035,241.0,30.41,0,0,5,2026,0.0,1,0.5488937726156686,0.06262370724976436,3.64,1,0,0.0,2.312535423847214,5.488937726156687,6.5,0.2105
SAFE_29.76_-95.37_2026-05-15,2026-05-15,29.76,-95.369,0.0,0.0,31.1,21.0,92,17.1,0.0,5.69,0.142,17.0,35.31,0,0,5,2026,0.0,0,0.28903717578961646,0.47485734716777206,0.0,1,0,0.0,0.0,2.8903717578961645,10.100000000000001,0.1997
SAFE_29.76_-95.37_2026-05-16,2026-05-16,29.76,-95.369,1.1,0.0,31.2,23.0,87,20.2,7.0,5.17,0.143,17.0,27.91,0,0,5,2026,0.15714285714285717,0,0.28903717578961646,0.4782014129928972,0.66,1,0,0.7419373447293773,0.0,2.8903717578961645,8.2,0.1924
SAFE_29.76_-95.37_2026-05-17,2026-05-17,29.76,-95.369,5.3,1.1,30.1,24.4,97,22.6,20.0,3.63,0.164,17.0,23.1,0,0,5,2026,0.265,0,0.28903717578961646,0.5484267953205255,3.6199999999999997,1,0,1.840549633397487,0.7419373447293773,2.8903717578961645,5.700000000000003,0.2161
SAFE_29.76_-95.37_2026-05-18,2026-05-18,29.76,-95.369,12.6,6.4,30.2,21.7,96,23.6,13.0,4.45,0.202,17.0,20.48,0,0,5,2026,0.9692307692307692,0,0.28903717578961646,0.6755012966752815,10.120000000000001,1,0,2.6100697927420065,2.0014800002101243,2.8903717578961645,8.5,0.2286
SAFE_29.76_-95.37_2026-05-19,2026-05-19,29.76,-95.369,33.6,19.0,29.6,22.1,98,25.8,23.0,3.72,0.329,17.0,23.89,0,0,5,2026,1.4608695652173913,0,0.28903717578961646,1.1001976564661762,27.76,1,0,3.543853682063679,2.995732273553991,2.8903717578961645,7.5,0.2751
SAFE_29.76_-95.37_2026-05-20,2026-05-20,29.76,-95.369,60.2,52.6,26.4,19.9,97,12.5,19.0,2.57,0.351,17.0,45.88,0,0,5,2026,3.168421052631579,0,0.28903717578961646,1.1737671046189295,57.16,1,0,4.11414718951828,3.9815490680767565,2.8903717578961645,6.5,0.3078
SAFE_29.76_-95.37_2026-05-21,2026-05-21,29.76,-95.369,8.2,112.8,27.1,21.2,98,10.9,12.0,2.57,0.296,17.0,60.94,0,0,5,2026,0.6833333333333332,0,0.28903717578961646,0.989843484237046,50.040000000000006,1,0,2.2192034840549946,4.73444252169223,2.8903717578961645,5.900000000000002,0.287
SAFE_29.76_-95.37_2026-05-22,2026-05-22,29.76,-95.369,2.2,121.0,30.1,20.1,99,14.4,8.0,4.51,0.296,17.0,67.39,0,0,5,2026,0.275,0,0.28903717578961646,0.989843484237046,49.720000000000006,1,0,1.1631508098056809,4.804021044733257,2.8903717578961645,10.0,0.2877
SAFE_48.86_2.35_2026-05-15,2026-05-15,48.857,2.347,2.7,4.1,12.9,4.8,92,17.3,8.0,2.69,0.34,38.0,3.32,0,0,5,2026,0.3375,0,0.3663561646129646,0.9033995772319755,3.26,1,0,1.308332819650179,1.62924053973028,3.6635616461296463,8.100000000000001,0.2517
SAFE_48.86_2.35_2026-05-16,2026-05-16,48.857,2.347,0.6,6.8,14.6,5.7,98,13.3,6.0,3.15,0.316,38.0,3.25,0,0,5,2026,0.09999999999999999,0,0.3663561646129646,0.8396301953097184,3.08,1,0,0.4700036292457356,2.0541237336955462,3.6635616461296463,8.899999999999999,0.2565
SAFE_48.86_2.35_2026-05-17,2026-05-17,48.857,2.347,9.5,7.399999999999999,15.8,10.4,93,11.4,21.0,2.02,0.341,38.0,2.91,0,0,5,2026,0.4523809523809524,0,0.3663561646129646,0.9060566348120696,8.66,1,0,2.3513752571634776,2.128231705849268,3.6635616461296463,5.4,0.2592
SAFE_48.86_2.35_2026-05-18,2026-05-18,48.857,2.347,2.7,16.9,15.0,8.2,96,14.8,8.0,2.77,0.37,38.0,3.41,0,0,5,2026,0.3375,0,0.3663561646129646,0.9831113046347968,8.379999999999999,1,0,1.308332819650179,2.884800712846709,3.6635616461296463,6.800000000000001,0.2689
SAFE_48.86_2.35_2026-05-19,2026-05-19,48.857,2.347,4.5,19.6,17.4,10.3,91,20.6,7.0,2.07,0.369,38.0,3.06,0,0,5,2026,0.6428571428571429,0,0.3663561646129646,0.9804542470547027,10.540000000000001,1,0,1.7047480922384253,3.0252910757955354,3.6635616461296463,7.099999999999998,0.2626
SAFE_48.86_2.35_2026-05-20,2026-05-20,48.857,2.347,2.8,24.1,19.4,12.9,87,19.0,11.0,3.3,0.354,38.0,3.0,0,0,5,2026,0.2545454545454545,0,0.3663561646129646,0.940598383353292,11.32,1,0,1.33500106673234,3.2228678461377385,3.6635616461296463,6.499999999999998,0.2537
SAFE_48.86_2.35_2026-05-21,2026-05-21,48.857,2.347,0.0,26.9,23.4,10.9,99,8.3,0.0,4.44,0.315,38.0,2.94,0,0,5,2026,0.0,0,0.3663561646129646,0.8369731377296243,10.76,1,0,0.0,3.32862668882732,3.6635616461296463,12.499999999999998,0.2651
SAFE_48.86_2.35_2026-05-22,2026-05-22,48.857,2.347,0.0,22.8,26.2,13.1,90,5.9,0.0,5.15,0.273,38.0,2.78,0,0,5,2026,0.0,0,0.3663561646129646,0.7253767193656745,9.120000000000001,1,0,0.0,3.169685580677429,3.6635616461296463,13.1,0.2405
SAFE_-37.81_144.96_2026-05-15,2026-05-15,-37.814,144.963,0.0,0.1,21.4,10.3,88,12.4,0.0,2.05,0.287,19.0,5.41,0,0,5,2026,0.0,0,0.2995732273553991,0.9270827534143177,0.04000000000000001,1,0,0.0,0.09531017980432487,2.995732273553991,11.099999999999998,0.2226
SAFE_-37.81_144.96_2026-05-16,2026-05-16,-37.814,144.963,0.0,0.1,22.3,14.9,75,17.1,0.0,2.64,0.252,19.0,5.12,0,0,5,2026,0.0,0,0.2995732273553991,0.8140238810467181,0.04000000000000001,1,0,0.0,0.09531017980432487,2.995732273553991,7.4,0.1944
SAFE_-37.81_144.96_2026-05-17,2026-05-17,-37.814,144.963,20.5,0.1,17.6,13.6,98,13.9,20.0,1.0,0.389,19.0,5.65,0,0,5,2026,1.025,0,0.2995732273553991,1.2565686100284656,12.339999999999998,1,0,3.068052935133617,0.09531017980432487,2.995732273553991,4.000000000000002,0.2725
SAFE_-37.81_144.96_2026-05-18,2026-05-18,-37.814,144.963,0.9,20.6,16.6,12.5,100,11.4,7.0,1.14,0.464,19.0,53.58,0,0,5,2026,0.1285714285714286,0,0.2995732273553991,1.4988376222447508,8.780000000000001,1,0,0.6418538861723948,3.0726933146901194,2.995732273553991,4.100000000000001,0.285
SAFE_-37.81_144.96_2026-05-19,2026-05-19,-37.814,144.963,1.1,21.5,15.2,10.3,100,14.7,7.0,1.2,0.441,19.0,40.02,0,0,5,2026,0.15714285714285717,0,0.2995732273553991,1.4245417918317567,9.26,1,0,0.7419373447293773,3.1135153092103742,2.995732273553991,4.899999999999999,0.281
SAFE_-37.81_144.96_2026-05-20,2026-05-20,-37.814,144.963,1.0,22.6,16.0,10.2,93,13.9,7.0,1.41,0.43,19.0,27.38,0,0,5,2026,0.14285714285714285,0,0.2995732273553991,1.389009003373368,9.64,1,0,0.6931471805599453,3.1612467120315646,2.995732273553991,5.800000000000001,0.2677
SAFE_-37.81_144.96_2026-05-21,2026-05-21,-37.814,144.963,0.0,23.6,14.5,8.6,94,7.3,0.0,1.02,0.445,19.0,21.7,0,0,5,2026,0.0,0,0.2995732273553991,1.4374628058166252,9.440000000000001,1,0,0.0,3.202746442938317,2.995732273553991,5.9,0.272
SAFE_-37.81_144.96_2026-05-22,2026-05-22,-37.814,144.963,0.0,23.5,15.4,6.1,100,6.9,0.0,1.28,0.432,19.0,14.14,0,0,5,2026,0.0,0,0.2995732273553991,1.3954695103658024,9.4,1,0,0.0,3.1986731175506815,2.995732273553991,9.3,0.2793
SAFE_23.13_113.26_2026-05-15,2026-05-15,23.129,113.264,27.8,23.4,31.1,23.1,98,11.8,18.0,3.66,0.413,21.0,3.66,0,0,5,2026,1.5444444444444445,0,0.3091042453358316,1.2942479018583743,26.04,1,0,3.3603753871419,3.1945831322991562,3.091042453358316,8.0,0.2918
SAFE_23.13_113.26_2026-05-16,2026-05-16,23.129,113.264,0.8,51.2,29.5,23.6,97,15.0,5.0,4.16,0.388,21.0,16.02,0,0,5,2026,0.16,0,0.3091042453358316,1.21590359787179,20.960000000000004,1,0,0.5877866649021191,3.955082494888593,3.091042453358316,5.899999999999999,0.2779
SAFE_23.13_113.26_2026-05-17,2026-05-17,23.129,113.264,1.7,52.0,27.5,23.1,86,17.6,7.0,3.42,0.366,21.0,18.54,0,0,5,2026,0.24285714285714285,0,0.3091042453358316,1.1469606103635956,21.82,1,0,0.9932517730102833,3.970291913552122,3.091042453358316,4.399999999999999,0.2564
SAFE_23.13_113.26_2026-05-18,2026-05-18,23.129,113.264,5.8,53.7,28.5,23.5,96,19.1,13.0,3.08,0.349,21.0,5.15,0,0,5,2026,0.4461538461538461,0,0.3091042453358316,1.0936864836527183,24.960000000000004,1,0,1.916922612182061,4.001863709427935,3.091042453358316,5.0,0.2729
SAFE_23.13_113.26_2026-05-19,2026-05-19,23.129,113.264,25.9,59.5,25.4,23.6,97,17.3,19.0,0.98,0.389,21.0,4.25,0,0,5,2026,1.3631578947368421,0,0.3091042453358316,1.2190373700312533,39.34,1,0,3.292126286607793,4.102643365036796,3.091042453358316,1.7999999999999972,0.2977
SAFE_23.13_113.26_2026-05-20,2026-05-20,23.129,113.264,37.1,85.39999999999999,27.1,24.1,97,13.6,23.0,1.56,0.406,21.0,13.22,0,0,5,2026,1.6130434782608696,0,0.3091042453358316,1.272311496742131,56.42,1,0,3.6402142821326553,4.45898767581001,3.091042453358316,3.0,0.3181
SAFE_23.13_113.26_2026-05-21,2026-05-21,23.129,113.264,35.0,122.5,29.5,24.1,98,12.5,24.0,2.34,0.401,21.0,22.55,0,0,5,2026,1.4583333333333333,0,0.3091042453358316,1.256642635944814,70.0,1,0,3.58351893845611,4.816241156068032,3.091042453358316,5.399999999999999,0.3312
SAFE_23.13_113.26_2026-05-22,2026-05-22,23.129,113.264,5.3,134.1,31.4,24.8,99,14.1,13.0,3.94,0.38,21.0,16.14,0,0,5,2026,0.4076923076923077,0,0.3091042453358316,1.190833420596083,56.82,1,0,1.840549633397487,4.906015244966153,3.091042453358316,6.599999999999998,0.3135
SAFE_18.55_73.94_2026-05-15,2026-05-15,18.551,73.94,0.0,0.0,36.9,25.9,66,17.5,0.0,7.7,0.181,566.0,0.16,0,0,5,2026,0.0,2,0.6340359303727752,0.28104022068339446,0.0,1,0,0.0,0.0,6.340359303727752,11.0,0.231
SAFE_18.55_73.94_2026-05-16,2026-05-16,18.551,73.94,0.0,0.0,38.9,24.0,86,17.8,0.0,6.95,0.181,566.0,0.16,0,0,5,2026,0.0,2,0.6340359303727752,0.28104022068339446,0.0,1,0,0.0,0.0,6.340359303727752,14.899999999999999,0.264
SAFE_18.55_73.94_2026-05-17,2026-05-17,18.551,73.94,0.3,0.0,39.5,25.6,84,19.9,1.0,7.26,0.179,566.0,0.16,0,0,5,2026,0.3,2,0.6340359303727752,0.27793480388026304,0.18,1,0,0.262364264467491,0.0,6.340359303727752,13.899999999999999,0.2605
SAFE_18.55_73.94_2026-05-18,2026-05-18,18.551,73.94,0.0,0.3,40.0,25.5,69,21.8,0.0,7.2,0.176,566.0,0.16,0,0,5,2026,0.0,2,0.6340359303727752,0.2732766786755659,0.12,1,0,0.0,0.262364264467491,6.340359303727752,14.5,0.2351
SAFE_18.55_73.94_2026-05-19,2026-05-19,18.551,73.94,0.7,0.3,37.0,25.4,77,17.8,3.0,7.13,0.184,566.0,0.16,0,0,5,2026,0.2333333333333333,2,0.6340359303727752,0.2856983458880916,0.54,1,0,0.5306282510621704,0.262364264467491,6.340359303727752,11.600000000000001,0.2503
SAFE_18.55_73.94_2026-05-20,2026-05-20,18.551,73.94,1.2,1.0,36.4,24.4,83,17.2,3.0,6.3,0.19,566.0,0.22,0,0,5,2026,0.39999999999999997,2,0.6340359303727752,0.2950145962974859,1.12,1,0,0.7884573603642702,0.6931471805599453,6.340359303727752,12.0,0.262
SAFE_18.55_73.94_2026-05-21,2026-05-21,18.551,73.94,0.9,2.2,38.0,24.5,84,20.1,2.0,6.65,0.186,566.0,0.22,0,0,5,2026,0.45,2,0.6340359303727752,0.28880376269122304,1.4200000000000002,1,0,0.6418538861723948,1.1631508098056809,6.340359303727752,13.5,0.2631
SAFE_18.55_73.94_2026-05-22,2026-05-22,18.551,73.94,4.1,3.1,37.1,25.9,83,14.1,5.0,5.38,0.201,566.0,0.16,0,0,5,2026,0.82,2,0.6340359303727752,0.3120943887147088,3.6999999999999997,1,0,1.62924053973028,1.410986973710262,6.340359303727752,11.200000000000003,0.2668
SAFE_28.70_77.10_2026-05-15,2026-05-15,28.7,77.1,0.0,0.0,39.5,27.2,64,18.2,0.0,7.36,0.098,223.0,4.75,0,0,5,2026,0.0,1,0.5411646051855039,0.17780532181854533,0.0,1,0,0.0,0.0,5.4116460518550396,12.3,0.1847
SAFE_28.70_77.10_2026-05-16,2026-05-16,28.7,77.1,0.0,0.0,40.0,27.2,51,17.4,0.0,7.65,0.098,223.0,3.84,0,0,5,2026,0.0,1,0.5411646051855039,0.17780532181854533,0.0,1,0,0.0,0.0,5.4116460518550396,12.8,0.1632
SAFE_28.70_77.10_2026-05-17,2026-05-17,28.7,77.1,0.0,0.0,41.0,28.4,42,20.9,0.0,8.51,0.093,223.0,3.81,0,0,5,2026,0.0,1,0.5411646051855039,0.1687336217257624,0.0,1,0,0.0,0.0,5.4116460518550396,12.600000000000001,0.1474
SAFE_28.70_77.10_2026-05-18,2026-05-18,28.7,77.1,0.0,0.0,43.1,28.5,46,17.7,0.0,8.66,0.093,223.0,3.81,0,0,5,2026,0.0,1,0.5411646051855039,0.1687336217257624,0.0,1,0,0.0,0.0,5.4116460518550396,14.600000000000001,0.154
SAFE_28.70_77.10_2026-05-19,2026-05-19,28.7,77.1,0.0,0.0,44.3,29.9,34,17.5,0.0,9.34,0.093,223.0,3.81,0,0,5,2026,0.0,1,0.5411646051855039,0.1687336217257624,0.0,1,0,0.0,0.0,5.4116460518550396,14.399999999999999,0.1342
SAFE_28.70_77.10_2026-05-20,2026-05-20,28.7,77.1,0.0,0.0,43.7,30.9,28,12.5,0.0,8.47,0.093,223.0,3.79,0,0,5,2026,0.0,1,0.5411646051855039,0.1687336217257624,0.0,1,0,0.0,0.0,5.4116460518550396,12.800000000000004,0.1243
SAFE_28.70_77.10_2026-05-21,2026-05-21,28.7,77.1,0.0,0.0,42.7,32.5,33,19.3,0.0,10.1,0.093,223.0,3.79,0,0,5,2026,0.0,1,0.5411646051855039,0.1687336217257624,0.0,1,0,0.0,0.0,5.4116460518550396,10.200000000000003,0.1326
SAFE_28.70_77.10_2026-05-22,2026-05-22,28.7,77.1,0.0,0.0,42.2,30.6,28,20.5,0.0,8.89,0.093,223.0,3.79,0,0,5,2026,0.0,1,0.5411646051855039,0.1687336217257624,0.0,1,0,0.0,0.0,5.4116460518550396,11.600000000000001,0.1243
SAFE_27.00_71.50_2026-05-15,2026-05-15,27.0,71.5,0.0,0.3,38.8,28.5,46,15.4,0.0,7.85,0.044,204.0,0.0,0,0,5,2026,0.0,1,0.5323009979138409,0.08113575333488614,0.12,1,0,0.0,0.262364264467491,5.3230099791384085,10.299999999999997,0.1427
SAFE_27.00_71.50_2026-05-16,2026-05-16,27.0,71.5,0.0,0.3,40.8,27.9,57,13.4,0.0,7.4,0.044,204.0,0.0,0,0,5,2026,0.0,1,0.5323009979138409,0.08113575333488614,0.12,1,0,0.0,0.262364264467491,5.3230099791384085,12.899999999999999,0.1608
SAFE_27.00_71.50_2026-05-17,2026-05-17,27.0,71.5,0.0,0.3,43.0,30.0,45,15.1,0.0,9.35,0.044,204.0,0.0,0,0,5,2026,0.0,1,0.5323009979138409,0.08113575333488614,0.12,1,0,0.0,0.262364264467491,5.3230099791384085,13.0,0.141
SAFE_27.00_71.50_2026-05-18,2026-05-18,27.0,71.5,0.0,0.3,43.0,29.9,23,20.1,0.0,11.12,0.044,204.0,0.0,0,0,5,2026,0.0,1,0.5323009979138409,0.08113575333488614,0.12,1,0,0.0,0.262364264467491,5.3230099791384085,13.100000000000001,0.1048
SAFE_27.00_71.50_2026-05-19,2026-05-19,27.0,71.5,0.0,0.3,41.8,26.4,60,16.4,0.0,8.94,0.044,204.0,0.0,0,0,5,2026,0.0,1,0.5323009979138409,0.08113575333488614,0.12,1,0,0.0,0.262364264467491,5.3230099791384085,15.399999999999999,0.1657
SAFE_27.00_71.50_2026-05-20,2026-05-20,27.0,71.5,0.0,0.3,42.2,29.4,58,21.1,0.0,9.96,0.041,204.0,0.0,0,0,5,2026,0.0,1,0.5323009979138409,0.07560377015296209,0.12,1,0,0.0,0.262364264467491,5.3230099791384085,12.800000000000004,0.1619
SAFE_27.00_71.50_2026-05-21,2026-05-21,27.0,71.5,0.0,0.3,40.5,27.8,47,20.7,0.0,9.78,0.041,204.0,0.0,0,0,5,2026,0.0,1,0.5323009979138409,0.07560377015296209,0.12,1,0,0.0,0.262364264467491,5.3230099791384085,12.7,0.1437
SAFE_27.00_71.50_2026-05-22,2026-05-22,27.0,71.5,0.0,0.0,41.5,28.2,54,14.2,0.0,7.95,0.044,204.0,0.0,0,0,5,2026,0.0,1,0.5323009979138409,0.08113575333488614,0.0,1,0,0.0,0.0,5.3230099791384085,13.3,0.1557
