event_name,date,latitude,longitude,rainfall_mm,temp_max_c,temp_min_c,humidity_pct,wind_speed_kmh,precipitation_hours,evapotranspiration_mm,elevation_m,river_discharge_m3s,flood_occurred
Kerala_Flood_2018,2018-08-15,9.5,76.5,126.4,23.9,22.8,100,27.1,24.0,0.63,0.0,15.37,1
Kerala_Flood_2018,2018-08-16,9.5,76.5,83.4,25.7,22.6,100,20.4,24.0,1.22,0.0,17.11,1
Kerala_Flood_2018,2018-08-17,9.5,76.5,51.4,25.9,22.6,100,19.9,24.0,1.8,0.0,15.75,1
Kerala_Flood_2018,2018-08-18,9.5,76.5,51.1,26.2,23.0,100,19.7,24.0,1.96,0.0,14.45,1
Kerala_Flood_2018,2018-08-19,9.5,76.5,37.1,26.5,23.0,100,20.4,24.0,2.3,0.0,13.39,1
Kerala_Flood_2018,2018-08-20,9.5,76.5,11.2,28.6,23.0,100,17.7,19.0,3.01,0.0,12.43,1
Kerala_Flood_2019,2019-08-08,9.55,76.52,65.4,25.4,23.2,100,16.5,24.0,1.09,2.0,27.91,1
Kerala_Flood_2019,2019-08-09,9.55,76.52,52.7,26.2,23.2,100,13.1,23.0,1.34,2.0,30.33,1
Kerala_Flood_2019,2019-08-10,9.55,76.52,51.1,25.4,22.5,100,12.5,24.0,1.02,2.0,28.85,1
Kerala_Flood_2019,2019-08-11,9.55,76.52,19.3,28.4,22.9,100,18.2,19.0,2.84,2.0,25.98,1
Kerala_Flood_2019,2019-08-12,9.55,76.52,29.4,26.3,22.6,100,15.6,24.0,1.68,2.0,27.77,1
Patna_Bihar_2019,2019-09-28,25.59,85.14,103.9,25.5,23.3,98,19.1,24.0,0.91,55.0,21.59,1
Patna_Bihar_2019,2019-09-29,25.59,85.14,81.6,25.2,23.0,98,19.1,24.0,0.7,55.0,33.83,1
Patna_Bihar_2019,2019-09-30,25.59,85.14,6.0,27.4,23.4,99,14.8,13.0,1.97,55.0,25.79,1
Patna_Bihar_2019,2019-10-01,25.59,85.14,1.0,29.0,23.4,97,8.3,10.0,3.06,55.0,18.95,1
Patna_Bihar_2019,2019-10-02,25.59,85.14,0.2,30.5,23.7,95,9.9,2.0,3.48,55.0,15.98,1
Patna_Bihar_2023,2023-09-01,25.61,85.13,0.3,34.5,26.9,91,16.6,1.0,4.75,54.0,24489.63,1
Patna_Bihar_2023,2023-09-02,25.61,85.13,16.8,33.3,27.5,93,13.7,5.0,3.25,54.0,23066.47,1
Patna_Bihar_2023,2023-09-03,25.61,85.13,10.1,35.0,27.1,97,14.8,8.0,4.45,54.0,21726.01,1
Patna_Bihar_2023,2023-09-04,25.61,85.13,19.1,31.6,26.2,98,16.9,9.0,2.8,54.0,20416.38,1
Patna_Bihar_2023,2023-09-05,25.61,85.13,2.6,32.2,26.5,97,15.0,7.0,3.09,54.0,19274.24,1
Assam_Brahmaputra_2022,2022-06-17,26.14,91.74,55.2,26.6,22.8,99,8.7,20.0,1.6,55.0,7.71,1
Assam_Brahmaputra_2022,2022-06-18,26.14,91.74,14.2,28.5,22.4,99,7.4,15.0,3.3,55.0,6.74,1
Assam_Brahmaputra_2022,2022-06-19,26.14,91.74,13.2,29.7,23.1,100,6.4,15.0,3.54,55.0,8.29,1
Assam_Brahmaputra_2022,2022-06-20,26.14,91.74,6.7,28.4,23.5,98,8.1,15.0,3.03,55.0,6.13,1
Assam_Brahmaputra_2022,2022-06-21,26.14,91.74,3.7,29.9,23.5,97,7.6,10.0,3.39,55.0,5.34,1
Assam_Floods_2023,2023-07-01,26.2,91.75,23.4,31.0,24.9,98,10.6,11.0,2.98,45.0,32582.67,1
Assam_Floods_2023,2023-07-02,26.2,91.75,22.3,30.2,25.0,98,8.5,10.0,2.84,45.0,32733.06,1
Assam_Floods_2023,2023-07-03,26.2,91.75,23.6,29.9,25.3,99,10.4,16.0,1.57,45.0,33112.11,1
Assam_Floods_2023,2023-07-04,26.2,91.75,6.3,31.5,25.5,100,13.0,11.0,3.61,45.0,34196.94,1
Assam_Floods_2023,2023-07-05,26.2,91.75,36.3,32.7,25.8,100,8.2,17.0,4.25,45.0,36727.23,1
Mumbai_2005,2005-07-26,19.07,72.88,69.6,26.3,25.5,94,27.8,24.0,1.05,9.0,8.64,1
Mumbai_2005,2005-07-27,19.07,72.88,59.4,26.4,25.5,94,24.8,24.0,1.23,9.0,10.94,1
Mumbai_2005,2005-07-28,19.07,72.88,45.0,26.9,25.3,94,25.4,24.0,1.77,9.0,9.19,1
Mumbai_2005,2005-07-29,19.07,72.88,32.7,25.6,25.0,94,26.9,24.0,1.39,9.0,9.12,1
Mumbai_2005,2005-07-30,19.07,72.88,42.2,27.1,25.4,93,28.1,24.0,2.61,9.0,9.45,1
Mumbai_2019,2019-07-01,19.08,72.87,36.6,26.8,25.4,96,15.5,24.0,1.22,9.0,8.46,1
Mumbai_2019,2019-07-02,19.08,72.87,26.3,28.1,25.6,94,18.8,23.0,2.24,9.0,7.22,1
Mumbai_2019,2019-07-03,19.08,72.87,15.2,27.4,25.6,95,17.8,24.0,1.54,9.0,5.75,1
Mumbai_2019,2019-07-04,19.08,72.87,21.5,27.7,26.0,94,21.5,24.0,2.33,9.0,5.5,1
Mumbai_2019,2019-07-05,19.08,72.87,15.9,27.8,25.8,95,24.6,24.0,2.3,9.0,5.44,1
Chennai_2015,2015-11-01,13.08,80.27,18.8,29.9,24.4,96,14.0,24.0,2.05,10.0,,1
Chennai_2015,2015-11-02,13.08,80.27,5.8,28.5,23.9,97,10.5,10.0,2.08,10.0,,1
Chennai_2015,2015-11-03,13.08,80.27,10.3,30.3,24.0,96,10.5,12.0,3.37,10.0,,1
Chennai_2015,2015-11-04,13.08,80.27,6.9,30.6,24.9,96,13.3,15.0,3.67,10.0,,1
Chennai_2015,2015-11-05,13.08,80.27,2.7,29.5,24.1,96,11.4,10.0,3.43,10.0,,1
Odisha_Cyclone_2021,2021-10-25,20.29,85.82,0.0,30.6,20.5,96,8.7,0.0,4.16,54.0,5.4,1
Odisha_Cyclone_2021,2021-10-26,20.29,85.82,0.1,30.0,22.1,96,15.2,1.0,3.81,54.0,4.97,1
Odisha_Cyclone_2021,2021-10-27,20.29,85.82,0.1,30.6,23.1,94,21.9,1.0,4.03,54.0,4.6,1
Odisha_Cyclone_2021,2021-10-28,20.29,85.82,0.0,30.2,23.5,96,22.0,0.0,3.6,54.0,4.27,1
Odisha_Cyclone_2021,2021-10-29,20.29,85.82,8.2,29.1,23.3,98,17.8,15.0,2.07,54.0,3.97,1
Odisha_Floods_2023,2023-08-15,20.1,85.7,8.2,33.2,26.5,93,14.5,7.0,4.07,10.0,1.48,1
Odisha_Floods_2023,2023-08-16,20.1,85.7,14.2,32.5,26.3,93,12.1,6.0,3.38,10.0,1.42,1
Odisha_Floods_2023,2023-08-17,20.1,85.7,17.7,28.6,26.2,97,11.6,16.0,1.67,10.0,1.37,1
Odisha_Floods_2023,2023-08-18,20.1,85.7,18.0,28.5,25.1,97,13.0,16.0,1.45,10.0,1.4,1
Odisha_Floods_2023,2023-08-19,20.1,85.7,1.3,31.5,25.0,97,19.2,9.0,4.65,10.0,1.38,1
Uttarakhand_2021,2021-10-17,30.07,79.4,2.1,19.1,8.4,87,7.0,8.0,2.06,2419.0,59.39,1
Uttarakhand_2021,2021-10-18,30.07,79.4,125.9,11.1,9.5,100,6.0,24.0,0.36,2419.0,116.76,1
Uttarakhand_2021,2021-10-19,30.07,79.4,94.5,12.1,8.6,99,8.3,18.0,0.64,2419.0,111.2,1
Uttarakhand_2021,2021-10-20,30.07,79.4,0.4,17.5,8.3,100,8.3,2.0,2.7,2419.0,120.62,1
Uttarakhand_2021,2021-10-21,30.07,79.4,0.1,17.7,6.5,100,5.8,1.0,2.85,2419.0,114.35,1
Uttarakhand_2022,2022-10-18,30.1,79.45,0.3,20.0,10.3,89,6.6,1.0,2.92,1600.0,101.33,1
Uttarakhand_2022,2022-10-19,30.1,79.45,0.9,18.4,8.9,87,7.1,4.0,2.8,1600.0,97.17,1
Uttarakhand_2022,2022-10-20,30.1,79.45,0.3,18.6,8.2,83,7.6,3.0,2.85,1600.0,93.19,1
Uttarakhand_2022,2022-10-21,30.1,79.45,0.0,20.7,8.0,80,8.0,0.0,3.21,1600.0,89.57,1
Uttarakhand_2022,2022-10-22,30.1,79.45,0.1,19.8,7.9,74,10.0,1.0,3.26,1600.0,86.3,1
Sikkim_Flash_2023,2023-10-03,27.33,88.61,13.7,21.8,16.1,98,5.4,14.0,1.72,1551.0,2.58,1
Sikkim_Flash_2023,2023-10-04,27.33,88.61,27.7,18.5,15.3,100,5.1,23.0,0.81,1551.0,2.85,1
Sikkim_Flash_2023,2023-10-05,27.33,88.61,3.2,20.9,15.9,100,7.1,11.0,2.08,1551.0,3.4,1
Sikkim_Flash_2023,2023-10-06,27.33,88.61,9.2,21.2,15.2,99,5.8,11.0,2.18,1551.0,3.45,1
Sikkim_Flash_2023,2023-10-07,27.33,88.61,28.6,22.0,15.1,100,6.6,17.0,3.06,1551.0,3.12,1
Rajasthan_2022,2022-08-11,26.92,75.79,2.0,30.0,25.9,83,34.6,11.0,4.0,438.0,0.95,1
Rajasthan_2022,2022-08-12,26.92,75.79,5.4,29.0,24.5,94,24.3,16.0,3.46,438.0,0.97,1
Rajasthan_2022,2022-08-13,26.92,75.79,10.5,30.2,23.6,99,17.1,20.0,3.72,438.0,2.21,1
Rajasthan_2022,2022-08-14,26.92,75.79,2.9,30.6,24.3,94,15.8,9.0,3.09,438.0,1.53,1
Rajasthan_2022,2022-08-15,26.92,75.79,5.9,29.7,23.6,97,18.6,15.0,3.49,438.0,1.88,1
Jammu_2023,2023-07-08,32.73,74.87,29.7,27.8,24.0,97,14.8,14.0,1.89,360.0,0.85,1
Jammu_2023,2023-07-09,32.73,74.87,0.0,31.0,22.9,99,14.8,0.0,4.25,360.0,1.03,1
Jammu_2023,2023-07-10,32.73,74.87,1.6,31.5,22.8,95,9.3,3.0,4.91,360.0,0.69,1
Jammu_2023,2023-07-11,32.73,74.87,0.0,33.9,24.0,97,10.1,0.0,4.97,360.0,0.56,1
Jammu_2023,2023-07-12,32.73,74.87,2.7,33.2,24.1,90,18.5,2.0,5.08,360.0,0.58,1
Himachal_Pradesh_2023,2023-08-14,31.1,77.17,51.0,18.9,16.7,100,7.0,24.0,1.01,1940.0,1.65,1
Himachal_Pradesh_2023,2023-08-15,31.1,77.17,1.2,22.7,15.6,100,12.4,8.0,3.8,1940.0,1.7,1
Himachal_Pradesh_2023,2023-08-16,31.1,77.17,0.9,23.0,14.4,100,14.3,7.0,4.08,1940.0,1.78,1
Himachal_Pradesh_2023,2023-08-17,31.1,77.17,2.1,22.5,14.9,100,16.3,8.0,3.9,1940.0,1.85,1
Himachal_Pradesh_2023,2023-08-18,31.1,77.17,4.4,23.8,14.8,100,9.3,6.0,4.01,1940.0,1.77,1
Gujarat_Morbi_2022,2022-10-29,22.81,70.83,0.0,35.2,22.4,57,10.8,0.0,5.33,47.0,0.21,1
Gujarat_Morbi_2022,2022-10-30,22.81,70.83,0.0,35.2,22.6,59,10.0,0.0,5.19,47.0,0.21,1
Gujarat_Morbi_2022,2022-10-31,22.81,70.83,0.0,34.8,22.0,57,15.5,0.0,5.72,47.0,0.21,1
Gujarat_Morbi_2022,2022-11-01,22.81,70.83,0.0,34.5,22.5,48,12.2,0.0,5.22,47.0,0.21,1
Gujarat_Morbi_2022,2022-11-02,22.81,70.83,0.0,34.8,22.0,60,12.7,0.0,5.3,47.0,0.2,1
Gujarat_Floods_2023,2023-09-03,23.02,72.57,0.5,34.3,26.7,76,13.0,4.0,5.53,53.0,1.26,1
Gujarat_Floods_2023,2023-09-04,23.02,72.57,0.0,34.5,26.4,73,12.2,0.0,5.63,53.0,1.23,1
Gujarat_Floods_2023,2023-09-05,23.02,72.57,0.0,35.8,26.1,80,15.1,0.0,6.07,53.0,1.2,1
Gujarat_Floods_2023,2023-09-06,23.02,72.57,1.8,36.7,26.8,89,21.0,4.0,6.49,53.0,1.19,1
Gujarat_Floods_2023,2023-09-07,23.02,72.57,5.6,36.0,25.7,95,18.3,7.0,4.85,53.0,1.26,1
West_Bengal_2021,2021-07-27,22.57,88.36,25.3,31.6,26.5,94,15.5,20.0,2.78,12.0,38.17,1
West_Bengal_2021,2021-07-28,22.57,88.36,52.7,29.9,25.6,96,20.9,19.0,1.99,12.0,52.7,1
West_Bengal_2021,2021-07-29,22.57,88.36,70.2,29.3,25.8,96,24.5,20.0,1.83,12.0,118.67,1
West_Bengal_2021,2021-07-30,22.57,88.36,34.5,29.5,25.7,95,22.4,15.0,2.34,12.0,101.8,1
West_Bengal_2021,2021-07-31,22.57,88.36,0.6,31.1,26.7,90,17.1,5.0,3.88,12.0,69.96,1
Andhra_Krishna_2022,2022-09-19,16.51,80.62,6.4,29.0,25.8,91,13.5,14.0,1.91,26.0,46.21,1
Andhra_Krishna_2022,2022-09-20,16.51,80.62,0.8,30.4,24.6,92,18.1,4.0,3.03,26.0,45.24,1
Andhra_Krishna_2022,2022-09-21,16.51,80.62,0.1,32.5,25.0,90,13.8,1.0,4.9,26.0,43.77,1
Andhra_Krishna_2022,2022-09-22,16.51,80.62,4.7,30.9,25.5,94,16.9,10.0,2.63,26.0,41.85,1
Andhra_Krishna_2022,2022-09-23,16.51,80.62,0.6,32.0,24.6,95,15.5,2.0,4.48,26.0,40.3,1
Telangana_2022,2022-10-12,17.38,78.49,11.8,29.1,21.6,99,10.5,16.0,3.63,491.0,44.92,1
Telangana_2022,2022-10-13,17.38,78.49,3.8,29.0,21.0,99,8.0,10.0,3.76,491.0,53.7,1
Telangana_2022,2022-10-14,17.38,78.49,2.0,28.0,21.0,99,12.6,9.0,2.5,491.0,48.43,1
Telangana_2022,2022-10-15,17.38,78.49,5.0,26.8,20.9,99,15.5,15.0,2.67,491.0,61.23,1
Telangana_2022,2022-10-16,17.38,78.49,6.0,26.7,20.9,99,15.3,11.0,2.2,491.0,64.46,1
Punjab_Floods_2023,2023-07-14,30.9,75.85,0.8,33.1,25.8,96,11.8,5.0,4.4,250.0,13.16,1
Punjab_Floods_2023,2023-07-15,30.9,75.85,3.1,33.8,25.7,99,13.2,4.0,4.67,250.0,12.4,1
Punjab_Floods_2023,2023-07-16,30.9,75.85,21.2,32.0,25.8,96,15.9,17.0,3.39,250.0,11.85,1
Punjab_Floods_2023,2023-07-17,30.9,75.85,4.7,33.5,26.0,98,10.2,5.0,4.27,250.0,10.94,1
Punjab_Floods_2023,2023-07-18,30.9,75.85,0.9,32.0,26.5,98,15.0,7.0,3.98,250.0,9.62,1
Manipur_2023,2023-08-26,24.82,93.95,12.9,26.6,21.8,99,9.6,15.0,2.29,781.0,15.41,1
Manipur_2023,2023-08-27,24.82,93.95,0.7,28.6,21.2,100,12.6,6.0,4.53,781.0,22.33,1
Manipur_2023,2023-08-28,24.82,93.95,0.3,28.5,20.6,100,13.1,2.0,4.21,781.0,20.88,1
Manipur_2023,2023-08-29,24.82,93.95,0.0,29.9,20.0,99,9.0,0.0,4.91,781.0,20.43,1
Manipur_2023,2023-08-30,24.82,93.95,15.3,30.1,20.7,98,7.7,11.0,4.56,781.0,18.95,1
Tripura_2024,2024-08-20,23.83,91.28,20.0,28.0,25.0,97,17.4,24.0,1.5,12.0,20.38,1
Tripura_2024,2024-08-21,23.83,91.28,40.3,27.2,24.5,98,20.6,24.0,1.31,12.0,20.68,1
Tripura_2024,2024-08-22,23.83,91.28,18.9,28.8,24.9,98,15.7,21.0,1.7,12.0,21.44,1
Tripura_2024,2024-08-23,23.83,91.28,9.3,30.9,25.2,96,17.2,14.0,2.55,12.0,20.09,1
Tripura_2024,2024-08-24,23.83,91.28,7.7,31.5,24.6,96,16.1,13.0,4.11,12.0,20.93,1
Pakistan_Sindh_2022,2022-08-25,27.53,68.47,10.4,29.1,25.1,98,16.3,17.0,1.92,54.0,1.9,1
Pakistan_Sindh_2022,2022-08-26,27.53,68.47,2.6,31.1,24.3,97,16.6,4.0,3.19,54.0,1.58,1
Pakistan_Sindh_2022,2022-08-27,27.53,68.47,0.4,31.4,25.0,95,10.1,1.0,4.12,54.0,1.39,1
Pakistan_Sindh_2022,2022-08-28,27.53,68.47,0.0,32.8,25.5,90,9.0,0.0,4.67,54.0,1.12,1
Pakistan_Sindh_2022,2022-08-29,27.53,68.47,0.2,33.3,26.1,89,10.5,2.0,4.67,54.0,0.92,1
Pakistan_Balochistan_2022,2022-08-20,29.01,66.97,13.6,23.4,19.5,87,7.3,10.0,2.85,1549.0,3.19,1
Pakistan_Balochistan_2022,2022-08-21,29.01,66.97,36.6,22.2,19.3,99,5.0,19.0,1.41,1549.0,0.85,1
Pakistan_Balochistan_2022,2022-08-22,29.01,66.97,0.5,26.2,18.9,100,5.4,2.0,5.04,1549.0,11.36,1
Pakistan_Balochistan_2022,2022-08-23,29.01,66.97,0.3,24.6,19.1,86,7.9,1.0,3.57,1549.0,2.28,1
Pakistan_Balochistan_2022,2022-08-24,29.01,66.97,26.4,24.3,19.3,93,7.1,19.0,2.54,1549.0,0.67,1
Bangladesh_Sylhet_2022,2022-06-16,24.9,91.87,71.0,25.8,23.5,99,15.5,24.0,1.02,22.0,6.21,1
Bangladesh_Sylhet_2022,2022-06-17,24.9,91.87,64.8,26.1,24.1,97,23.7,24.0,0.93,22.0,6.78,1
Bangladesh_Sylhet_2022,2022-06-18,24.9,91.87,69.4,26.2,23.7,98,16.3,24.0,1.07,22.0,7.38,1
Bangladesh_Sylhet_2022,2022-06-19,24.9,91.87,44.1,28.5,23.4,99,17.9,24.0,2.04,22.0,7.15,1
Bangladesh_Sylhet_2022,2022-06-20,24.9,91.87,39.4,29.1,23.5,98,12.6,24.0,2.41,22.0,6.96,1
Bangladesh_Floods_2023,2023-08-06,24.0,90.5,47.8,29.8,25.5,99,18.9,24.0,2.24,4.0,2.89,1
Bangladesh_Floods_2023,2023-08-07,24.0,90.5,48.9,28.0,25.5,98,14.2,24.0,1.01,4.0,4.01,1
Bangladesh_Floods_2023,2023-08-08,24.0,90.5,47.6,30.0,25.4,98,15.4,22.0,1.74,4.0,6.14,1
Bangladesh_Floods_2023,2023-08-09,24.0,90.5,1.5,32.7,25.2,97,15.5,8.0,4.2,4.0,5.24,1
Bangladesh_Floods_2023,2023-08-10,24.0,90.5,4.7,32.8,25.5,98,12.8,8.0,3.94,4.0,3.54,1
Nigeria_Anambra_2022,2022-10-04,6.21,6.69,1.9,31.0,22.3,99,10.5,6.0,4.15,47.0,27226.01,1
Nigeria_Anambra_2022,2022-10-05,6.21,6.69,5.2,31.0,22.9,98,12.7,7.0,3.99,47.0,26545.04,1
Nigeria_Anambra_2022,2022-10-06,6.21,6.69,14.5,28.6,23.0,98,14.3,16.0,2.24,47.0,25526.02,1
Nigeria_Anambra_2022,2022-10-07,6.21,6.69,15.9,26.9,22.5,98,14.3,17.0,1.74,47.0,24602.66,1
Nigeria_Anambra_2022,2022-10-08,6.21,6.69,13.7,31.0,23.0,98,8.0,13.0,3.27,47.0,24098.05,1
Germany_Ahr_2021,2021-07-14,50.54,6.95,59.9,17.0,14.6,100,17.7,21.0,0.64,405.0,246.17,1
Germany_Ahr_2021,2021-07-15,50.54,6.95,2.2,20.1,11.8,100,14.3,9.0,2.04,405.0,126.64,1
Germany_Ahr_2021,2021-07-16,50.54,6.95,7.3,16.9,14.4,100,18.9,15.0,1.57,405.0,64.01,1
Germany_Ahr_2021,2021-07-17,50.54,6.95,0.0,22.0,13.7,99,18.7,0.0,3.15,405.0,40.59,1
Germany_Ahr_2021,2021-07-18,50.54,6.95,0.0,22.5,13.8,100,18.3,0.0,4.45,405.0,29.76,1
China_Henan_2021,2021-07-20,34.75,113.65,134.6,25.8,23.0,98,22.8,24.0,0.73,105.0,64.16,1
China_Henan_2021,2021-07-21,34.75,113.65,101.3,27.3,23.3,98,17.4,24.0,1.42,105.0,51.84,1
China_Henan_2021,2021-07-22,34.75,113.65,10.7,29.2,22.6,98,18.6,17.0,2.67,105.0,18.45,1
China_Henan_2021,2021-07-23,34.75,113.65,13.1,28.4,21.8,95,13.0,15.0,2.91,105.0,11.19,1
China_Henan_2021,2021-07-24,34.75,113.65,5.2,30.6,22.6,97,8.4,12.0,3.94,105.0,6.62,1
China_Guangdong_2022,2022-06-12,23.13,113.26,39.2,29.5,24.5,99,17.8,18.0,2.25,21.0,25.3,1
China_Guangdong_2022,2022-06-13,23.13,113.26,23.0,30.8,24.5,99,21.0,19.0,2.79,21.0,27.38,1
China_Guangdong_2022,2022-06-14,23.13,113.26,44.2,26.9,24.0,98,18.4,24.0,1.31,21.0,29.34,1
China_Guangdong_2022,2022-06-15,23.13,113.26,39.1,30.8,23.4,96,13.7,21.0,2.97,21.0,29.76,1
China_Guangdong_2022,2022-06-16,23.13,113.26,33.2,30.8,23.4,98,19.8,22.0,3.47,21.0,25.73,1
USA_Kentucky_2022,2022-07-28,37.33,-83.17,17.9,29.9,20.9,100,17.8,9.0,4.27,447.0,0.97,1
USA_Kentucky_2022,2022-07-29,37.33,-83.17,8.2,25.9,21.5,100,10.7,13.0,2.27,447.0,1.08,1
USA_Kentucky_2022,2022-07-30,37.33,-83.17,0.0,27.2,18.7,93,10.4,0.0,4.29,447.0,1.08,1
USA_Kentucky_2022,2022-07-31,37.33,-83.17,15.9,24.5,18.7,97,14.3,13.0,2.06,447.0,1.2,1
USA_Kentucky_2022,2022-08-01,37.33,-83.17,3.0,29.4,20.3,98,17.7,10.0,4.31,447.0,1.2,1
USA_Vermont_2023,2023-07-10,44.26,-72.58,77.4,20.6,18.2,100,14.9,24.0,0.61,164.0,0.67,1
USA_Vermont_2023,2023-07-11,44.26,-72.58,3.4,27.9,17.1,100,8.9,8.0,4.21,164.0,1.31,1
USA_Vermont_2023,2023-07-12,44.26,-72.58,2.2,26.4,16.3,100,12.6,6.0,4.1,164.0,1.33,1
USA_Vermont_2023,2023-07-13,44.26,-72.58,8.2,27.8,16.0,100,21.1,9.0,3.46,164.0,1.28,1
USA_Vermont_2023,2023-07-14,44.26,-72.58,3.8,26.6,14.9,100,10.6,6.0,4.27,164.0,1.26,1
Australia_NSW_2022,2022-02-26,-30.33,153.12,13.4,24.7,19.9,100,17.2,20.0,2.04,11.0,,1
Australia_NSW_2022,2022-02-27,-30.33,153.12,99.8,22.0,19.8,100,15.7,24.0,0.52,11.0,,1
Australia_NSW_2022,2022-02-28,-30.33,153.12,200.6,21.5,19.7,100,20.8,24.0,0.4,11.0,,1
Australia_NSW_2022,2022-03-01,-30.33,153.12,31.2,24.1,20.2,100,13.3,24.0,2.0,11.0,,1
Australia_NSW_2022,2022-03-02,-30.33,153.12,8.7,24.5,20.0,100,22.4,10.0,2.99,11.0,,1
Australia_QLD_2022,2022-02-26,-27.47,153.02,166.5,22.5,20.2,96,20.2,24.0,0.69,14.0,5860.38,1
Australia_QLD_2022,2022-02-27,-27.47,153.02,113.0,23.0,20.7,99,25.7,24.0,1.1,14.0,7260.06,1
Australia_QLD_2022,2022-02-28,-27.47,153.02,5.8,27.8,19.5,99,13.3,10.0,3.39,14.0,4818.48,1
Australia_QLD_2022,2022-03-01,-27.47,153.02,7.2,28.5,21.1,99,12.5,10.0,4.0,14.0,2836.92,1
Australia_QLD_2022,2022-03-02,-27.47,153.02,1.9,30.2,20.4,99,15.1,5.0,4.45,14.0,1797.87,1
Indonesia_Sumatra_2022,2022-10-30,-2.1,104.75,9.4,30.4,23.1,98,9.2,14.0,3.52,8.0,4.69,1
Indonesia_Sumatra_2022,2022-10-31,-2.1,104.75,19.7,29.4,23.0,99,9.6,11.0,2.6,8.0,4.64,1
Indonesia_Sumatra_2022,2022-11-01,-2.1,104.75,11.2,29.4,23.4,97,10.1,9.0,3.73,8.0,5.19,1
Indonesia_Sumatra_2022,2022-11-02,-2.1,104.75,4.0,31.1,23.8,98,8.2,5.0,4.31,8.0,4.92,1
Indonesia_Sumatra_2022,2022-11-03,-2.1,104.75,21.8,30.6,23.5,100,13.3,13.0,3.62,8.0,4.68,1
Brazil_Petropolis_2022,2022-02-15,-22.51,-43.18,6.5,24.7,18.5,99,10.8,11.0,3.99,846.0,1.89,1
Brazil_Petropolis_2022,2022-02-16,-22.51,-43.18,6.0,23.4,16.3,99,7.8,11.0,4.09,846.0,1.86,1
Brazil_Petropolis_2022,2022-02-17,-22.51,-43.18,15.1,25.6,16.3,97,7.1,8.0,4.43,846.0,1.82,1
Brazil_Petropolis_2022,2022-02-18,-22.51,-43.18,27.6,20.7,17.6,100,5.2,24.0,1.46,846.0,7.13,1
Brazil_Petropolis_2022,2022-02-19,-22.51,-43.18,24.9,22.2,16.5,99,7.6,16.0,2.73,846.0,4.56,1
South_Africa_KZN_2022,2022-04-11,-29.85,31.0,100.7,20.7,17.2,94,24.2,24.0,0.6,81.0,246.74,1
South_Africa_KZN_2022,2022-04-12,-29.85,31.0,21.6,26.1,19.0,95,34.0,13.0,3.18,81.0,132.97,1
South_Africa_KZN_2022,2022-04-13,-29.85,31.0,12.2,25.2,16.6,93,23.7,5.0,2.29,81.0,59.26,1
South_Africa_KZN_2022,2022-04-14,-29.85,31.0,0.0,25.8,17.5,95,10.7,0.0,3.31,81.0,33.91,1
South_Africa_KZN_2022,2022-04-15,-29.85,31.0,0.3,25.1,17.5,95,35.3,2.0,3.12,81.0,25.3,1
Philippines_2022,2022-09-26,14.1,121.56,12.1,25.6,21.4,100,13.0,19.0,2.74,468.0,2.48,1
Philippines_2022,2022-09-27,14.1,121.56,30.1,24.9,21.9,100,12.8,23.0,2.35,468.0,3.11,1
Philippines_2022,2022-09-28,14.1,121.56,12.0,26.1,20.8,99,5.9,10.0,2.33,468.0,3.22,1
Philippines_2022,2022-09-29,14.1,121.56,11.2,26.9,20.5,100,8.5,14.0,3.08,468.0,3.13,1
Philippines_2022,2022-09-30,14.1,121.56,15.6,24.9,20.5,100,10.5,17.0,2.47,468.0,2.99,1
Nepal_Koshi_2023,2023-10-04,26.91,87.17,15.3,28.3,23.7,94,7.7,15.0,1.65,291.0,486.53,1
Nepal_Koshi_2023,2023-10-05,26.91,87.17,1.3,29.3,22.4,96,13.6,10.0,2.81,291.0,484.29,1
Nepal_Koshi_2023,2023-10-06,26.91,87.17,6.6,28.9,23.6,93,5.8,10.0,3.14,291.0,471.06,1
Nepal_Koshi_2023,2023-10-07,26.91,87.17,1.4,28.6,24.0,94,5.0,3.0,2.43,291.0,458.2,1
Nepal_Koshi_2023,2023-10-08,26.91,87.17,5.7,29.1,23.3,96,7.0,13.0,3.24,291.0,444.66,1
Afghanistan_2024,2024-05-10,33.0,68.5,3.1,18.9,10.1,86,21.3,2.0,4.47,2303.0,0.08,1
Afghanistan_2024,2024-05-11,33.0,68.5,0.1,19.1,8.0,95,36.8,1.0,5.32,2303.0,0.06,1
Afghanistan_2024,2024-05-12,33.0,68.5,0.0,18.6,7.8,59,18.8,0.0,5.33,2303.0,0.05,1
Afghanistan_2024,2024-05-13,33.0,68.5,0.0,19.0,10.1,65,15.7,0.0,5.29,2303.0,0.03,1
Afghanistan_2024,2024-05-14,33.0,68.5,0.0,21.5,11.1,60,15.2,0.0,5.78,2303.0,0.02,1
Canada_BC_2021,2021-11-14,49.1,-121.95,91.8,11.7,6.3,100,10.0,24.0,0.17,148.0,6.78,1
Canada_BC_2021,2021-11-15,49.1,-121.95,48.4,13.0,3.2,100,24.6,22.0,0.26,148.0,9.57,1
Canada_BC_2021,2021-11-16,49.1,-121.95,8.3,5.9,-0.4,92,13.8,13.0,0.6,148.0,5.9,1
Canada_BC_2021,2021-11-17,49.1,-121.95,0.0,7.0,-1.0,88,8.6,0.0,0.74,148.0,4.31,1
Canada_BC_2021,2021-11-18,49.1,-121.95,9.3,4.2,1.9,100,8.4,14.0,0.38,148.0,3.73,1
Italy_Emilia_2023,2023-05-16,44.49,11.34,52.7,13.9,12.1,92,22.2,22.0,0.88,78.0,57.61,1
Italy_Emilia_2023,2023-05-17,44.49,11.34,42.9,16.3,11.8,94,18.3,19.0,1.38,78.0,56.15,1
Italy_Emilia_2023,2023-05-18,44.49,11.34,0.3,17.6,11.6,95,12.1,2.0,2.57,78.0,37.28,1
Italy_Emilia_2023,2023-05-19,44.49,11.34,6.1,15.1,11.1,98,16.6,15.0,0.99,78.0,31.36,1
Italy_Emilia_2023,2023-05-20,44.49,11.34,4.9,16.8,12.2,98,18.4,17.0,1.25,78.0,28.44,1
Rajasthan_Thar_Desert,2023-12-01,26.92,70.9,0.0,25.0,14.7,93,23.9,0.0,3.14,240.0,0.05,0
Rajasthan_Thar_Desert,2023-12-02,26.92,70.9,0.0,24.5,13.6,88,20.5,0.0,3.06,240.0,0.05,0
Rajasthan_Thar_Desert,2023-12-03,26.92,70.9,0.0,24.5,13.2,90,18.4,0.0,3.19,240.0,0.04,0
Rajasthan_Thar_Desert,2023-12-04,26.92,70.9,0.0,24.0,12.0,85,15.6,0.0,3.08,240.0,0.04,0
Rajasthan_Thar_Desert,2023-12-05,26.92,70.9,0.0,23.6,12.2,80,14.2,0.0,3.29,240.0,0.04,0
Ladakh_Highland,2023-03-01,34.16,77.58,0.0,-1.6,-5.5,61,8.6,0.0,2.2,3467.0,0.03,0
Ladakh_Highland,2023-03-02,34.16,77.58,0.3,-1.0,-4.6,66,9.8,3.0,2.03,3467.0,0.03,0
Ladakh_Highland,2023-03-03,34.16,77.58,1.2,-0.3,-4.2,66,9.0,9.0,2.38,3467.0,0.03,0
Ladakh_Highland,2023-03-04,34.16,77.58,0.2,-0.7,-4.2,65,8.2,2.0,2.23,3467.0,0.03,0
Ladakh_Highland,2023-03-05,34.16,77.58,0.1,-1.3,-5.5,65,8.8,1.0,2.29,3467.0,0.03,0
Deccan_Plateau_Dry,2023-01-10,17.38,76.5,0.0,30.1,13.3,66,11.1,0.0,4.56,445.0,0.08,0
Deccan_Plateau_Dry,2023-01-11,17.38,76.5,0.0,29.4,14.0,70,11.1,0.0,4.12,445.0,0.05,0
Deccan_Plateau_Dry,2023-01-12,17.38,76.5,0.0,29.5,13.7,77,10.9,0.0,4.14,445.0,0.03,0
Deccan_Plateau_Dry,2023-01-13,17.38,76.5,0.0,29.5,14.4,73,11.1,0.0,4.12,445.0,0.02,0
Deccan_Plateau_Dry,2023-01-14,17.38,76.5,0.0,29.8,14.9,76,9.7,0.0,4.2,445.0,0.02,0
Himachal_Dry_Winter,2023-01-01,31.1,77.17,0.0,8.1,-1.4,92,5.5,0.0,1.06,1940.0,0.23,0
Himachal_Dry_Winter,2023-01-02,31.1,77.17,0.1,8.6,-2.1,97,7.4,1.0,1.48,1940.0,0.23,0
Himachal_Dry_Winter,2023-01-03,31.1,77.17,0.2,8.2,-2.7,96,6.9,2.0,1.53,1940.0,0.23,0
Himachal_Dry_Winter,2023-01-04,31.1,77.17,0.0,10.1,-3.3,88,9.2,0.0,1.83,1940.0,0.23,0
Himachal_Dry_Winter,2023-01-05,31.1,77.17,0.0,12.1,-3.6,77,6.5,0.0,1.99,1940.0,0.23,0
Gujarat_Coast_Dry,2023-02-01,22.3,68.97,0.0,25.3,17.2,72,29.8,0.0,5.24,13.0,0.05,0
Gujarat_Coast_Dry,2023-02-02,22.3,68.97,0.0,25.0,16.5,76,19.0,0.0,4.96,13.0,0.05,0
Gujarat_Coast_Dry,2023-02-03,22.3,68.97,0.0,26.5,15.4,81,15.9,0.0,4.88,13.0,0.05,0
Gujarat_Coast_Dry,2023-02-04,22.3,68.97,0.0,27.1,17.5,87,16.7,0.0,4.44,13.0,0.05,0
Gujarat_Coast_Dry,2023-02-05,22.3,68.97,0.0,23.5,18.2,94,17.3,0.0,3.36,13.0,0.05,0
Andhra_Dry_Season,2023-01-15,15.83,78.04,0.0,31.5,16.6,83,12.8,0.0,4.68,286.0,2.5,0
Andhra_Dry_Season,2023-01-16,15.83,78.04,0.0,31.3,15.9,88,11.6,0.0,4.66,286.0,2.21,0
Andhra_Dry_Season,2023-01-17,15.83,78.04,0.0,31.2,16.2,97,11.7,0.0,4.76,286.0,2.03,0
Andhra_Dry_Season,2023-01-18,15.83,78.04,0.0,31.4,16.9,93,11.5,0.0,4.73,286.0,1.9,0
Andhra_Dry_Season,2023-01-19,15.83,78.04,0.0,30.5,16.5,94,14.3,0.0,4.66,286.0,1.82,0
Punjab_Dry_Season,2023-11-01,30.9,75.85,0.0,29.6,15.9,94,9.0,0.0,2.95,250.0,1.62,0
Punjab_Dry_Season,2023-11-02,30.9,75.85,0.0,29.6,16.2,94,12.6,0.0,3.08,250.0,1.62,0
Punjab_Dry_Season,2023-11-03,30.9,75.85,0.1,28.6,16.6,94,10.7,1.0,2.77,250.0,1.59,0
Punjab_Dry_Season,2023-11-04,30.9,75.85,0.0,29.5,14.3,87,11.5,0.0,3.15,250.0,1.57,0
Punjab_Dry_Season,2023-11-05,30.9,75.85,0.0,29.4,15.3,95,10.9,0.0,3.17,250.0,1.56,0
UP_Agra_Dry,2023-04-01,27.17,78.0,0.0,27.4,16.0,98,10.8,0.0,4.39,172.0,247.31,0
UP_Agra_Dry,2023-04-02,27.17,78.0,0.0,29.9,16.3,94,20.2,0.0,4.84,172.0,265.69,0
UP_Agra_Dry,2023-04-03,27.17,78.0,0.0,32.8,16.9,90,18.1,0.0,5.72,172.0,263.24,0
UP_Agra_Dry,2023-04-04,27.17,78.0,0.0,30.1,18.0,77,15.3,0.0,5.36,172.0,259.02,0
UP_Agra_Dry,2023-04-05,27.17,78.0,0.0,32.4,17.2,75,15.3,0.0,6.08,172.0,254.27,0
Tamil_Nadu_Interior_Dry,2023-04-01,11.0,78.0,5.0,37.3,25.0,84,13.7,4.0,6.24,173.0,0.03,0
Tamil_Nadu_Interior_Dry,2023-04-02,11.0,78.0,3.6,36.8,25.0,91,16.0,4.0,5.31,173.0,0.03,0
Tamil_Nadu_Interior_Dry,2023-04-03,11.0,78.0,3.9,37.0,23.8,95,19.1,3.0,6.03,173.0,0.03,0
Tamil_Nadu_Interior_Dry,2023-04-04,11.0,78.0,0.5,35.7,24.2,89,18.0,1.0,5.48,173.0,0.03,0
Tamil_Nadu_Interior_Dry,2023-04-05,11.0,78.0,0.0,36.8,24.5,82,15.1,0.0,6.49,173.0,0.03,0
Jharkhand_Dry,2023-03-01,23.61,85.28,0.0,32.4,17.1,62,17.8,0.0,5.18,411.0,0.0,0
Jharkhand_Dry,2023-03-02,23.61,85.28,0.0,32.2,16.1,64,16.6,0.0,5.28,411.0,0.0,0
Jharkhand_Dry,2023-03-03,23.61,85.28,0.0,32.3,17.4,55,18.9,0.0,6.14,411.0,0.0,0
Jharkhand_Dry,2023-03-04,23.61,85.28,0.0,32.3,18.8,47,20.6,0.0,6.46,411.0,0.0,0
Jharkhand_Dry,2023-03-05,23.61,85.28,0.0,32.5,19.2,61,21.2,0.0,6.37,411.0,0.0,0
Sahara_Algeria,2023-06-01,25.0,3.0,0.0,36.4,23.7,27,18.5,0.0,8.86,409.0,0.0,0
Sahara_Algeria,2023-06-02,25.0,3.0,0.0,39.8,23.0,23,26.0,0.0,10.09,409.0,0.0,0
Sahara_Algeria,2023-06-03,25.0,3.0,0.0,38.0,23.8,17,23.8,0.0,9.95,409.0,0.0,0
Sahara_Algeria,2023-06-04,25.0,3.0,0.0,38.5,23.5,25,23.1,0.0,9.87,409.0,0.0,0
Sahara_Algeria,2023-06-05,25.0,3.0,0.0,39.2,24.2,22,16.2,0.0,9.01,409.0,0.0,0
Arabian_Desert_Saudi,2023-07-01,24.68,46.72,0.0,44.5,28.4,17,14.5,0.0,8.52,603.0,0.72,0
Arabian_Desert_Saudi,2023-07-02,24.68,46.72,0.0,44.0,29.9,16,34.0,0.0,10.02,603.0,0.7,0
Arabian_Desert_Saudi,2023-07-03,24.68,46.72,0.0,43.0,29.1,20,20.2,0.0,9.59,603.0,0.7,0
Arabian_Desert_Saudi,2023-07-04,24.68,46.72,0.0,42.7,28.9,20,24.4,0.0,9.74,603.0,0.7,0
Arabian_Desert_Saudi,2023-07-05,24.68,46.72,0.0,42.3,28.5,18,28.5,0.0,11.82,603.0,0.7,0
Atacama_Chile,2023-09-01,-24.5,-69.25,0.0,18.5,4.1,22,20.5,0.0,5.27,2652.0,0.0,0
Atacama_Chile,2023-09-02,-24.5,-69.25,0.0,17.1,5.7,25,26.1,0.0,5.38,2652.0,0.0,0
Atacama_Chile,2023-09-03,-24.5,-69.25,0.0,13.2,3.3,35,27.8,0.0,4.58,2652.0,0.0,0
Atacama_Chile,2023-09-04,-24.5,-69.25,0.0,17.5,-0.4,38,22.3,0.0,5.05,2652.0,0.0,0
Atacama_Chile,2023-09-05,-24.5,-69.25,0.0,20.8,4.7,15,19.6,0.0,5.87,2652.0,0.0,0
Gobi_Mongolia,2023-05-01,43.0,103.0,0.0,25.2,11.1,26,41.4,0.0,7.04,1247.0,0.0,0
Gobi_Mongolia,2023-05-02,43.0,103.0,0.0,24.6,9.7,32,25.1,0.0,6.09,1247.0,0.0,0
Gobi_Mongolia,2023-05-03,43.0,103.0,1.4,23.2,11.8,38,27.5,2.0,6.08,1247.0,0.0,0
Gobi_Mongolia,2023-05-04,43.0,103.0,0.0,21.0,10.1,36,36.1,0.0,6.67,1247.0,0.0,0
Gobi_Mongolia,2023-05-05,43.0,103.0,0.0,20.1,6.8,63,28.5,0.0,5.54,1247.0,0.0,0
Namib_Namibia,2023-08-01,-23.5,15.0,0.0,29.0,13.4,19,29.9,0.0,7.38,386.0,0.0,0
Namib_Namibia,2023-08-02,-23.5,15.0,0.0,32.3,16.6,13,31.4,0.0,8.49,386.0,0.0,0
Namib_Namibia,2023-08-03,-23.5,15.0,0.0,30.8,13.1,61,32.6,0.0,6.51,386.0,0.0,0
Namib_Namibia,2023-08-04,-23.5,15.0,0.0,24.8,9.1,100,14.1,0.0,3.7,386.0,0.0,0
Namib_Namibia,2023-08-05,-23.5,15.0,0.0,32.0,13.0,44,22.9,0.0,5.94,386.0,0.0,0
Colorado_Plateau_USA,2023-06-01,37.0,-111.0,0.1,25.5,13.9,30,13.7,1.0,7.02,1384.0,0.0,0
Colorado_Plateau_USA,2023-06-02,37.0,-111.0,0.0,25.9,15.8,46,14.9,0.0,5.71,1384.0,0.0,0
Colorado_Plateau_USA,2023-06-03,37.0,-111.0,0.0,27.1,14.9,53,15.5,0.0,6.51,1384.0,0.0,0
Colorado_Plateau_USA,2023-06-04,37.0,-111.0,0.0,29.6,16.5,49,12.6,0.0,6.75,1384.0,0.0,0
Colorado_Plateau_USA,2023-06-05,37.0,-111.0,0.0,31.9,19.0,35,21.1,0.0,7.14,1384.0,0.0,0
Spain_Meseta_Dry,2023-07-15,40.42,-3.7,0.0,32.0,21.1,64,22.7,0.0,8.68,667.0,1.52,0
Spain_Meseta_Dry,2023-07-16,40.42,-3.7,0.0,33.8,18.3,59,14.2,0.0,7.73,667.0,1.52,0
Spain_Meseta_Dry,2023-07-17,40.42,-3.7,0.1,38.2,19.1,51,13.8,1.0,7.41,667.0,1.52,0
Spain_Meseta_Dry,2023-07-18,40.42,-3.7,0.0,38.8,25.0,49,23.2,0.0,9.4,667.0,1.52,0
Spain_Meseta_Dry,2023-07-19,40.42,-3.7,0.0,37.7,25.4,35,29.7,0.0,10.45,667.0,1.52,0
Iran_Central_Dry,2023-06-01,32.0,53.68,0.1,30.5,19.1,42,12.1,1.0,6.41,1914.0,0.0,0
Iran_Central_Dry,2023-06-02,32.0,53.68,0.0,30.7,17.8,31,19.1,0.0,7.8,1914.0,0.0,0
Iran_Central_Dry,2023-06-03,32.0,53.68,0.0,30.4,19.9,29,20.2,0.0,7.31,1914.0,0.0,0
Iran_Central_Dry,2023-06-04,32.0,53.68,0.0,30.9,18.5,32,20.2,0.0,7.49,1914.0,0.0,0
Iran_Central_Dry,2023-06-05,32.0,53.68,0.0,32.6,19.0,31,21.1,0.0,6.85,1914.0,0.0,0
Ethiopia_Highland_Dry,2023-01-01,9.03,38.74,0.9,18.8,6.1,96,20.0,5.0,3.4,2444.0,0.23,0
Ethiopia_Highland_Dry,2023-01-02,9.03,38.74,1.0,18.8,7.2,99,21.5,7.0,2.99,2444.0,0.2,0
Ethiopia_Highland_Dry,2023-01-03,9.03,38.74,0.0,18.7,7.4,99,21.6,0.0,4.08,2444.0,0.19,0
Ethiopia_Highland_Dry,2023-01-04,9.03,38.74,0.0,19.5,5.2,67,21.7,0.0,4.78,2444.0,0.17,0
Ethiopia_Highland_Dry,2023-01-05,9.03,38.74,0.0,20.9,5.7,67,18.4,0.0,4.87,2444.0,0.17,0
Australia_Outback,2023-07-01,-25.0,134.0,1.2,11.2,6.8,87,19.5,4.0,1.41,399.0,0.0,0
Australia_Outback,2023-07-02,-25.0,134.0,0.1,12.1,7.2,92,19.0,1.0,1.23,399.0,0.0,0
Australia_Outback,2023-07-03,-25.0,134.0,0.4,12.8,8.0,97,13.8,4.0,1.32,399.0,0.0,0
Australia_Outback,2023-07-04,-25.0,134.0,0.0,17.0,5.1,93,16.6,0.0,2.33,399.0,0.0,0
Australia_Outback,2023-07-05,-25.0,134.0,0.0,17.9,5.6,95,21.8,0.0,2.59,399.0,0.0,0
Kerala_Dry_Jan,2023-01-15,9.5,76.5,0.0,31.9,20.8,95,13.7,0.0,4.46,0.0,0.66,0
Kerala_Dry_Jan,2023-01-16,9.5,76.5,0.0,32.5,21.0,96,15.2,0.0,4.45,0.0,0.61,0
Kerala_Dry_Jan,2023-01-17,9.5,76.5,1.9,31.5,22.2,96,11.4,4.0,4.28,0.0,0.59,0
Kerala_Dry_Jan,2023-01-18,9.5,76.5,0.0,32.7,21.0,95,13.0,0.0,4.49,0.0,0.58,0
Kerala_Dry_Jan,2023-01-19,9.5,76.5,0.0,32.8,18.9,96,14.4,0.0,4.74,0.0,0.58,0
Patna_Dry_Feb,2023-02-10,25.59,85.14,0.0,26.6,11.9,93,10.8,0.0,3.37,55.0,1.34,0
Patna_Dry_Feb,2023-02-11,25.59,85.14,0.0,28.4,12.8,92,9.8,0.0,3.45,55.0,1.34,0
Patna_Dry_Feb,2023-02-12,25.59,85.14,0.0,27.5,17.0,89,30.2,0.0,5.63,55.0,1.34,0
Patna_Dry_Feb,2023-02-13,25.59,85.14,0.0,23.4,14.1,63,25.2,0.0,5.03,55.0,1.34,0
Patna_Dry_Feb,2023-02-14,25.59,85.14,0.0,23.5,9.6,88,11.6,0.0,3.61,55.0,1.34,0
Mumbai_Dry_Apr,2023-04-01,19.07,72.88,0.0,30.0,22.2,97,23.3,0.0,5.3,9.0,0.87,0
Mumbai_Dry_Apr,2023-04-02,19.07,72.88,0.0,30.0,22.1,100,23.8,0.0,5.21,9.0,0.94,0
Mumbai_Dry_Apr,2023-04-03,19.07,72.88,0.0,30.1,22.7,97,23.4,0.0,5.13,9.0,0.97,0
Mumbai_Dry_Apr,2023-04-04,19.07,72.88,0.0,30.8,23.0,98,23.7,0.0,5.25,9.0,1.0,0
Mumbai_Dry_Apr,2023-04-05,19.07,72.88,0.0,31.0,21.9,99,22.8,0.0,5.16,9.0,1.0,0
Assam_Dry_Nov,2023-11-01,26.14,91.74,0.0,31.4,18.5,92,7.1,0.0,3.5,55.0,2.64,0
Assam_Dry_Nov,2023-11-02,26.14,91.74,0.0,30.6,18.2,90,6.9,0.0,3.46,55.0,2.44,0
Assam_Dry_Nov,2023-11-03,26.14,91.74,0.0,29.5,19.2,90,6.5,0.0,3.07,55.0,2.24,0
Assam_Dry_Nov,2023-11-04,26.14,91.74,11.1,28.0,19.5,96,13.6,5.0,3.05,55.0,2.06,0
Assam_Dry_Nov,2023-11-05,26.14,91.74,0.1,27.4,19.4,99,11.4,1.0,2.58,55.0,2.85,0
Pakistan_Dry_Nov,2022-11-01,27.53,68.47,0.0,35.2,21.7,65,10.4,0.0,4.42,54.0,0.02,0
Pakistan_Dry_Nov,2022-11-02,27.53,68.47,0.0,34.7,21.2,69,8.7,0.0,3.82,54.0,0.02,0
Pakistan_Dry_Nov,2022-11-03,27.53,68.47,0.0,35.4,20.1,83,11.1,0.0,4.21,54.0,0.02,0
Pakistan_Dry_Nov,2022-11-04,27.53,68.47,0.0,35.1,18.9,71,13.7,0.0,4.44,54.0,0.02,0
Pakistan_Dry_Nov,2022-11-05,27.53,68.47,0.0,34.7,19.1,70,12.3,0.0,4.5,54.0,0.02,0
Pakistan_Flood_in_Pakistan_2012-09,2012-09-10,28.044,68.775,116.8,28.7,24.8,99,16.2,23.0,1.42,58.0,0.07,1
Pakistan_Flood_in_Pakistan_2012-09,2012-09-11,28.044,68.775,5.6,32.5,25.0,99,13.3,10.0,3.4,58.0,0.12,1
Pakistan_Flood_in_Pakistan_2012-09,2012-09-12,28.044,68.775,0.0,33.8,26.7,96,8.7,0.0,4.07,58.0,0.11,1
Pakistan_Flood_in_Pakistan_2012-09,2012-09-13,28.044,68.775,0.0,33.5,27.7,94,10.4,0.0,3.67,58.0,0.09,1
Pakistan_Flood_in_Pakistan_2012-09,2012-09-14,28.044,68.775,0.0,34.9,27.6,91,10.1,0.0,4.45,58.0,0.07,1
Nigeria_Flood_in_Nigeria_2012-09,2012-09-15,5.504,6.339,5.1,28.5,22.7,98,11.8,6.0,3.09,24.0,73.3,1
Nigeria_Flood_in_Nigeria_2012-09,2012-09-16,5.504,6.339,16.3,25.8,22.9,98,11.6,9.0,1.95,24.0,73.82,1
Nigeria_Flood_in_Nigeria_2012-09,2012-09-17,5.504,6.339,14.1,28.7,21.5,100,8.0,12.0,2.53,24.0,75.56,1
Nigeria_Flood_in_Nigeria_2012-09,2012-09-18,5.504,6.339,2.2,30.6,21.9,100,10.1,4.0,3.75,24.0,77.16,1
Nigeria_Flood_in_Nigeria_2012-09,2012-09-19,5.504,6.339,13.9,27.3,22.5,98,9.6,13.0,2.17,24.0,78.8,1
Viet Nam_Flood_in_Viet_Nam_2012-10,2012-10-24,19.056,105.504,0.0,29.0,22.4,97,7.7,0.0,3.17,22.0,1.78,1
Viet Nam_Flood_in_Viet_Nam_2012-10,2012-10-25,19.056,105.504,0.0,29.1,21.1,98,10.5,0.0,3.46,22.0,1.43,1
Viet Nam_Flood_in_Viet_Nam_2012-10,2012-10-26,19.056,105.504,0.7,29.0,22.4,97,9.9,3.0,3.46,22.0,1.21,1
Viet Nam_Flood_in_Viet_Nam_2012-10,2012-10-27,19.056,105.504,4.8,28.7,22.3,96,23.0,12.0,2.57,22.0,1.62,1
Viet Nam_Flood_in_Viet_Nam_2012-10,2012-10-28,19.056,105.504,66.1,23.8,22.7,90,36.0,24.0,1.5,22.0,22.77,1
India_Flood_in_India_2012-09,2012-09-19,26.803,93.637,22.0,29.1,24.4,95,17.0,24.0,2.54,73.0,44.19,1
India_Flood_in_India_2012-09,2012-09-20,26.803,93.637,14.1,28.4,24.7,94,17.7,21.0,2.71,73.0,40.5,1
India_Flood_in_India_2012-09,2012-09-21,26.803,93.637,19.9,28.6,24.1,97,12.1,21.0,2.27,73.0,38.17,1
India_Flood_in_India_2012-09,2012-09-22,26.803,93.637,12.0,28.3,24.2,96,14.2,22.0,2.43,73.0,36.33,1
India_Flood_in_India_2012-09,2012-09-23,26.803,93.637,11.6,26.7,23.8,97,10.1,21.0,1.79,73.0,34.48,1
Nigeria_Flood_in_Nigeria_2012-08,2012-08-25,9.301,12.108,0.0,28.3,22.3,90,17.9,0.0,3.42,225.0,0.02,1
Nigeria_Flood_in_Nigeria_2012-08,2012-08-26,9.301,12.108,0.0,29.7,20.7,93,15.4,0.0,4.18,225.0,0.01,1
Nigeria_Flood_in_Nigeria_2012-08,2012-08-27,9.301,12.108,0.0,30.5,21.5,94,14.3,0.0,4.81,225.0,0.0,1
Nigeria_Flood_in_Nigeria_2012-08,2012-08-28,9.301,12.108,8.5,28.1,22.1,97,14.1,12.0,3.26,225.0,0.0,1
Nigeria_Flood_in_Nigeria_2012-08,2012-08-29,9.301,12.108,0.8,29.1,22.8,92,17.7,5.0,3.87,225.0,0.0,1
Niger_Flood_in_Niger_2012-08,2012-08-06,14.608,3.881,16.9,31.9,24.3,94,20.3,10.0,3.88,284.0,0.0,1
Niger_Flood_in_Niger_2012-08,2012-08-07,14.608,3.881,18.6,29.0,23.2,97,18.7,12.0,3.39,284.0,0.0,1
Niger_Flood_in_Niger_2012-08,2012-08-08,14.608,3.881,0.0,29.9,21.7,90,17.9,0.0,3.93,284.0,0.0,1
Niger_Flood_in_Niger_2012-08,2012-08-09,14.608,3.881,0.0,33.0,23.8,86,15.3,0.0,5.95,284.0,0.0,1
Niger_Flood_in_Niger_2012-08,2012-08-10,14.608,3.881,0.0,34.7,24.2,86,21.0,0.0,6.61,284.0,0.0,1
South Sudan_Flood_in_South_Sudan_2012-08,2012-08-01,9.691,30.218,2.9,29.4,22.8,97,10.7,5.0,3.78,393.0,0.25,1
South Sudan_Flood_in_South_Sudan_2012-08,2012-08-02,9.691,30.218,7.5,28.5,22.6,97,13.1,9.0,2.94,393.0,0.23,1
South Sudan_Flood_in_South_Sudan_2012-08,2012-08-03,9.691,30.218,6.0,29.5,22.8,97,9.7,8.0,3.54,393.0,0.22,1
South Sudan_Flood_in_South_Sudan_2012-08,2012-08-04,9.691,30.218,4.4,29.6,22.0,98,6.8,10.0,3.86,393.0,0.2,1
South Sudan_Flood_in_South_Sudan_2012-08,2012-08-05,9.691,30.218,2.7,29.6,22.1,98,5.8,9.0,4.03,393.0,0.19,1
Myanmar_Flood_in_Myanmar_2012-07,2012-07-15,16.591,97.853,11.0,27.5,23.3,99,16.0,19.0,2.11,3.0,4.05,1
Myanmar_Flood_in_Myanmar_2012-07,2012-07-16,16.591,97.853,17.7,27.8,23.6,99,13.6,20.0,2.77,3.0,4.04,1
Myanmar_Flood_in_Myanmar_2012-07,2012-07-17,16.591,97.853,11.7,28.8,23.6,99,11.7,19.0,2.48,3.0,4.11,1
Myanmar_Flood_in_Myanmar_2012-07,2012-07-18,16.591,97.853,61.6,26.1,23.2,100,17.6,24.0,0.97,3.0,4.43,1
Myanmar_Flood_in_Myanmar_2012-07,2012-07-19,16.591,97.853,58.5,25.4,23.1,100,14.3,24.0,1.04,3.0,4.78,1
North Korea_Flood_in_North_Korea_2012-07,2012-07-20,38.779,126.027,0.4,27.9,20.5,98,11.2,3.0,3.21,176.0,16.58,1
North Korea_Flood_in_North_Korea_2012-07,2012-07-21,38.779,126.027,0.6,28.6,20.3,99,8.7,3.0,3.85,176.0,9.69,1
North Korea_Flood_in_North_Korea_2012-07,2012-07-22,38.779,126.027,5.4,25.5,21.4,95,17.7,7.0,1.5,176.0,8.23,1
North Korea_Flood_in_North_Korea_2012-07,2012-07-23,38.779,126.027,30.2,23.9,22.7,99,18.4,21.0,0.42,176.0,14.03,1
North Korea_Flood_in_North_Korea_2012-07,2012-07-24,38.779,126.027,8.1,29.3,22.8,100,17.4,16.0,3.13,176.0,9.5,1
China_Flood_in_China_2012-08,2012-08-03,40.519,122.594,165.2,24.1,22.7,96,15.6,20.0,0.49,88.0,247.31,1
China_Flood_in_China_2012-08,2012-08-04,40.519,122.594,40.7,29.1,23.1,97,18.0,19.0,2.09,88.0,116.22,1
China_Flood_in_China_2012-08,2012-08-05,40.519,122.594,9.2,27.4,23.0,99,12.0,14.0,1.45,88.0,59.12,1
China_Flood_in_China_2012-08,2012-08-06,40.519,122.594,0.0,30.8,20.3,96,12.6,0.0,4.91,88.0,38.81,1
China_Flood_in_China_2012-07,2012-07-09,31.415,113.04,0.0,31.4,26.4,75,26.0,0.0,5.95,423.0,0.85,1
China_Flood_in_China_2012-07,2012-07-10,31.415,113.04,9.0,31.5,25.9,96,12.9,5.0,4.3,423.0,0.63,1
China_Flood_in_China_2012-07,2012-07-11,31.415,113.04,1.0,32.9,24.8,96,14.1,1.0,4.54,423.0,0.69,1
China_Flood_in_China_2012-07,2012-07-12,31.415,113.04,26.0,29.7,25.3,96,12.5,14.0,2.27,423.0,1.06,1
China_Flood_in_China_2012-07,2012-07-13,31.415,113.04,37.4,27.7,23.7,98,9.3,24.0,1.8,423.0,1.9,1
Russia_Flood_in_Russia_2012-07,2012-07-06,44.864,38.543,17.1,23.0,18.7,94,26.4,24.0,2.34,58.0,1.28,1
Russia_Flood_in_Russia_2012-07,2012-07-07,44.864,38.543,1.6,26.2,19.2,90,14.1,2.0,3.82,58.0,1.28,1
Russia_Flood_in_Russia_2012-07,2012-07-08,44.864,38.543,0.0,28.1,18.8,94,21.4,0.0,4.85,58.0,0.94,1
Russia_Flood_in_Russia_2012-07,2012-07-09,44.864,38.543,0.0,29.1,20.2,80,21.5,0.0,6.29,58.0,0.53,1
Russia_Flood_in_Russia_2012-07,2012-07-10,44.864,38.543,0.0,27.5,17.3,81,14.9,0.0,5.37,58.0,0.25,1
India_Flood_in_India_2012-06,2012-06-06,26.565,92.435,5.1,28.0,23.2,96,8.7,16.0,2.73,56.0,28772.99,1
India_Flood_in_India_2012-06,2012-06-07,26.565,92.435,6.0,28.8,23.6,97,9.4,15.0,2.74,56.0,24773.22,1
India_Flood_in_India_2012-06,2012-06-08,26.565,92.435,1.8,30.7,24.3,97,5.2,7.0,3.55,56.0,21576.45,1
India_Flood_in_India_2012-06,2012-06-09,26.565,92.435,6.6,30.0,26.0,92,9.0,9.0,3.11,56.0,19497.44,1
India_Flood_in_India_2012-06,2012-06-10,26.565,92.435,5.3,30.9,25.3,95,12.8,15.0,3.51,56.0,19141.56,1
Bangladesh_Flood_in_Bangladesh_2012-06,2012-06-24,22.172,92.098,51.3,26.3,25.1,98,30.5,24.0,1.19,11.0,64.46,1
Bangladesh_Flood_in_Bangladesh_2012-06,2012-06-25,22.172,92.098,81.8,25.9,24.9,98,29.4,24.0,0.78,11.0,83.14,1
Bangladesh_Flood_in_Bangladesh_2012-06,2012-06-26,22.172,92.098,33.0,27.0,23.9,99,23.6,24.0,1.68,11.0,114.88,1
Bangladesh_Flood_in_Bangladesh_2012-06,2012-06-27,22.172,92.098,19.5,26.3,23.9,99,19.7,18.0,1.37,11.0,142.88,1
Bangladesh_Flood_in_Bangladesh_2012-06,2012-06-28,22.172,92.098,6.3,30.7,24.1,94,12.5,5.0,3.62,11.0,153.53,1
China_Flood_in_China_2012-06,2012-06-22,33.455,106.943,0.0,27.3,16.8,92,7.4,0.0,5.23,1425.0,24.88,1
China_Flood_in_China_2012-06,2012-06-23,33.455,106.943,0.2,27.2,17.4,94,9.1,1.0,5.31,1425.0,24.06,1
China_Flood_in_China_2012-06,2012-06-24,33.455,106.943,1.9,26.0,17.4,92,6.8,4.0,3.97,1425.0,23.49,1
China_Flood_in_China_2012-06,2012-06-25,33.455,106.943,2.5,23.1,18.7,95,6.6,9.0,2.35,1425.0,26.42,1
China_Flood_in_China_2012-06,2012-06-26,33.455,106.943,2.7,22.5,16.7,96,9.5,8.0,2.23,1425.0,32.88,1
China_Flood_in_China_2012-05,2012-05-08,32.451,106.493,0.7,25.2,12.4,96,8.0,3.0,4.59,1381.0,0.28,1
China_Flood_in_China_2012-05,2012-05-09,32.451,106.493,3.2,23.8,13.8,96,6.4,10.0,3.92,1381.0,0.25,1
China_Flood_in_China_2012-05,2012-05-10,32.451,106.493,3.0,22.1,15.1,98,10.9,9.0,3.5,1381.0,0.22,1
China_Flood_in_China_2012-05,2012-05-11,32.451,106.493,18.0,22.3,15.0,99,7.9,17.0,2.43,1381.0,0.28,1
China_Flood_in_China_2012-05,2012-05-12,32.451,106.493,0.1,19.1,11.9,88,20.9,1.0,4.06,1381.0,0.37,1
Brazil_Flood_in_Brazil_2012-02,2012-02-20,-10.49,-67.987,10.9,29.1,21.4,99,8.1,7.0,4.08,188.0,2.91,1
Brazil_Flood_in_Brazil_2012-02,2012-02-21,-10.49,-67.987,14.7,29.4,21.6,100,9.0,14.0,3.06,188.0,2.81,1
Brazil_Flood_in_Brazil_2012-02,2012-02-22,-10.49,-67.987,4.0,28.3,21.9,100,13.6,10.0,2.98,188.0,2.85,1
Brazil_Flood_in_Brazil_2012-02,2012-02-23,-10.49,-67.987,4.9,27.5,22.7,96,8.6,11.0,2.82,188.0,2.72,1
Brazil_Flood_in_Brazil_2012-02,2012-02-24,-10.49,-67.987,12.7,29.1,21.9,100,10.0,13.0,3.32,188.0,2.66,1
Mozambique_Flood_in_Mozambique_2012-01,2012-01-17,-21.452,34.072,3.3,34.5,25.4,90,16.9,5.0,5.32,127.0,0.0,1
Mozambique_Flood_in_Mozambique_2012-01,2012-01-18,-21.452,34.072,14.2,31.5,23.3,94,16.8,12.0,4.09,127.0,0.0,1
Mozambique_Flood_in_Mozambique_2012-01,2012-01-19,-21.452,34.072,3.6,30.2,24.0,90,16.8,5.0,3.72,127.0,0.0,1
Mozambique_Flood_in_Mozambique_2012-01,2012-01-20,-21.452,34.072,10.0,30.6,23.7,91,20.2,10.0,3.82,127.0,0.0,1
Mozambique_Flood_in_Mozambique_2012-01,2012-01-21,-21.452,34.072,6.1,30.2,23.7,92,19.6,6.0,3.29,127.0,0.0,1
Thailand_Flood_in_Thailand_2011-08,2011-08-05,17.038,102.822,0.0,31.2,25.1,90,15.5,0.0,4.45,211.0,0.55,1
Thailand_Flood_in_Thailand_2011-08,2011-08-06,17.038,102.822,5.5,30.1,24.9,90,14.1,11.0,3.72,211.0,0.53,1
Thailand_Flood_in_Thailand_2011-08,2011-08-07,17.038,102.822,1.7,28.3,25.5,87,12.1,6.0,2.43,211.0,0.5,1
Thailand_Flood_in_Thailand_2011-08,2011-08-08,17.038,102.822,3.0,28.9,25.0,91,12.5,5.0,2.79,211.0,0.49,1
Thailand_Flood_in_Thailand_2011-08,2011-08-09,17.038,102.822,5.7,28.8,24.4,93,14.1,10.0,2.46,211.0,0.49,1
Columbia_Flood_in_Columbia_2011-11,2011-11-09,4.64,-73.94,11.7,13.8,5.3,99,4.7,11.0,1.87,3359.0,4.83,1
Columbia_Flood_in_Columbia_2011-11,2011-11-10,4.64,-73.94,13.7,13.8,4.6,99,3.8,11.0,2.68,3359.0,5.0,1
Columbia_Flood_in_Columbia_2011-11,2011-11-11,4.64,-73.94,13.5,13.2,4.7,100,6.5,13.0,2.68,3359.0,5.22,1
Columbia_Flood_in_Columbia_2011-11,2011-11-12,4.64,-73.94,23.2,13.2,5.9,100,3.9,19.0,2.09,3359.0,5.52,1
Columbia_Flood_in_Columbia_2011-11,2011-11-13,4.64,-73.94,12.2,12.8,5.6,100,4.7,17.0,2.11,3359.0,5.89,1
Kenya_Flood_in_Kenya_2011-11,2011-11-29,0.385,36.116,15.0,24.7,17.8,97,8.7,18.0,3.47,1112.0,5.35,1
Kenya_Flood_in_Kenya_2011-11,2011-11-30,0.385,36.116,14.1,25.6,17.8,98,9.7,19.0,3.83,1112.0,6.5,1
Kenya_Flood_in_Kenya_2011-11,2011-12-01,0.385,36.116,7.6,23.4,18.4,98,11.1,14.0,2.76,1112.0,5.46,1
Kenya_Flood_in_Kenya_2011-11,2011-12-02,0.385,36.116,9.3,25.6,18.0,96,11.0,9.0,3.82,1112.0,5.34,1
Kenya_Flood_in_Kenya_2011-11,2011-12-03,0.385,36.116,13.1,26.1,17.1,98,13.5,10.0,4.07,1112.0,4.61,1
Philippines_Flood_in_Philippines_2011-12,2011-12-16,8.526,124.875,70.4,26.1,22.4,99,16.3,14.0,1.23,147.0,14.92,1
Philippines_Flood_in_Philippines_2011-12,2011-12-17,8.526,124.875,8.6,30.6,24.2,95,19.3,7.0,3.53,147.0,21.7,1
Philippines_Flood_in_Philippines_2011-12,2011-12-18,8.526,124.875,4.0,29.9,23.3,96,7.6,9.0,3.41,147.0,15.33,1
Philippines_Flood_in_Philippines_2011-12,2011-12-19,8.526,124.875,1.0,30.5,22.7,98,6.2,6.0,3.91,147.0,10.61,1
Philippines_Flood_in_Philippines_2011-12,2011-12-20,8.526,124.875,9.8,29.7,22.3,98,5.5,7.0,3.59,147.0,7.36,1
Cambodia_Flood_in_Cambodia_2011-08,2011-08-10,12.004,105.501,7.1,29.0,25.2,98,15.3,20.0,2.62,12.0,628.51,1
Cambodia_Flood_in_Cambodia_2011-08,2011-08-11,12.004,105.501,8.4,31.1,24.2,97,12.5,10.0,3.84,12.0,618.44,1
Cambodia_Flood_in_Cambodia_2011-08,2011-08-12,12.004,105.501,12.5,31.7,24.4,98,8.9,7.0,4.47,12.0,622.73,1
Cambodia_Flood_in_Cambodia_2011-08,2011-08-13,12.004,105.501,1.8,31.7,23.9,99,7.0,3.0,4.65,12.0,635.8,1
Cambodia_Flood_in_Cambodia_2011-08,2011-08-14,12.004,105.501,3.6,31.5,25.0,96,11.2,11.0,3.74,12.0,634.33,1
Pakistan_Flood_in_Pakistan_2011-08,2011-08-12,25.012,69.066,20.1,29.9,25.5,95,19.5,13.0,1.79,10.0,0.87,1
Pakistan_Flood_in_Pakistan_2011-08,2011-08-13,25.012,69.066,0.7,31.5,26.4,92,14.9,2.0,2.36,10.0,1.99,1
Pakistan_Flood_in_Pakistan_2011-08,2011-08-14,25.012,69.066,6.1,32.0,26.5,96,9.8,8.0,2.5,10.0,1.95,1
Pakistan_Flood_in_Pakistan_2011-08,2011-08-15,25.012,69.066,0.2,32.7,27.3,91,17.7,1.0,3.07,10.0,1.58,1
Pakistan_Flood_in_Pakistan_2011-08,2011-08-16,25.012,69.066,0.0,31.5,26.5,87,22.5,0.0,3.71,10.0,1.14,1
Mexico_Flood_in_Mexico_2011-10,2011-10-10,18.28,-100.833,0.5,28.4,21.3,92,4.9,1.0,3.25,373.0,0.05,1
Mexico_Flood_in_Mexico_2011-10,2011-10-11,18.28,-100.833,38.3,27.4,21.5,94,6.6,19.0,2.29,373.0,0.05,1
Mexico_Flood_in_Mexico_2011-10,2011-10-12,18.28,-100.833,4.2,27.5,19.7,97,6.5,5.0,3.31,373.0,0.06,1
Mexico_Flood_in_Mexico_2011-10,2011-10-13,18.28,-100.833,0.8,28.2,23.1,82,5.2,5.0,2.95,373.0,0.09,1
Mexico_Flood_in_Mexico_2011-10,2011-10-14,18.28,-100.833,1.7,28.4,21.4,91,5.0,4.0,3.55,373.0,0.08,1
China_Flood_in_China_2011-10,2011-10-01,22.248,109.005,100.4,25.2,23.1,98,22.3,24.0,0.72,48.0,7.26,1
China_Flood_in_China_2011-10,2011-10-02,22.248,109.005,18.4,25.1,20.9,99,19.4,20.0,1.15,48.0,6.85,1
China_Flood_in_China_2011-10,2011-10-03,22.248,109.005,0.0,24.3,19.7,83,29.5,0.0,4.13,48.0,5.05,1
China_Flood_in_China_2011-10,2011-10-04,22.248,109.005,13.7,20.2,16.3,89,27.9,17.0,2.03,48.0,3.98,1
China_Flood_in_China_2011-10,2011-10-05,22.248,109.005,3.6,19.4,17.3,89,22.7,13.0,1.54,48.0,3.03,1
Philippines_Flood_in_Philippines_2011-09,2011-09-28,17.343,121.548,2.6,28.4,23.5,92,22.3,11.0,2.3,205.0,37.11,1
Philippines_Flood_in_Philippines_2011-09,2011-09-29,17.343,121.548,0.7,30.4,22.8,92,8.6,2.0,3.83,205.0,24.12,1
Philippines_Flood_in_Philippines_2011-09,2011-09-30,17.343,121.548,1.0,29.1,23.8,94,17.5,2.0,3.76,205.0,18.45,1
Philippines_Flood_in_Philippines_2011-09,2011-10-01,17.343,121.548,49.1,25.5,23.3,94,48.2,22.0,1.42,205.0,22.93,1
Philippines_Flood_in_Philippines_2011-09,2011-10-02,17.343,121.548,12.7,28.6,23.3,94,20.4,10.0,3.26,205.0,21.96,1
India_Flood_in_India_2011-08,2011-08-15,26.375,86.242,49.3,29.9,24.6,97,15.7,24.0,2.08,55.0,202.7,1
India_Flood_in_India_2011-08,2011-08-16,26.375,86.242,23.1,29.4,24.9,99,5.7,24.0,1.77,55.0,216.77,1
India_Flood_in_India_2011-08,2011-08-17,26.375,86.242,23.6,27.3,24.6,98,10.9,24.0,1.03,55.0,231.81,1
India_Flood_in_India_2011-08,2011-08-18,26.375,86.242,16.8,28.9,24.3,99,17.3,19.0,1.64,55.0,245.6,1
India_Flood_in_India_2011-08,2011-08-19,26.375,86.242,0.2,29.2,24.8,92,17.6,2.0,2.3,55.0,247.89,1
USA_Flood_in_USA_2011-08,2011-08-27,40.186,-74.063,40.4,24.7,23.2,99,39.4,17.0,0.85,27.0,2.06,1
USA_Flood_in_USA_2011-08,2011-08-28,40.186,-74.063,56.3,23.5,19.9,98,48.3,12.0,2.13,27.0,6.73,1
USA_Flood_in_USA_2011-08,2011-08-29,40.186,-74.063,0.0,24.4,16.9,78,13.8,0.0,4.32,27.0,2.03,1
USA_Flood_in_USA_2011-08,2011-08-30,40.186,-74.063,0.0,24.6,17.9,87,10.2,0.0,4.44,27.0,0.82,1
USA_Flood_in_USA_2011-08,2011-08-31,40.186,-74.063,0.0,26.1,17.2,90,9.2,0.0,4.16,27.0,0.42,1
India_Flood_in_India_2011-08,2011-08-10,22.305,88.345,39.4,28.0,25.9,97,16.3,24.0,1.31,2.0,19.0,1
India_Flood_in_India_2011-08,2011-08-11,22.305,88.345,19.9,27.4,25.4,97,12.2,23.0,1.41,2.0,16.58,1
India_Flood_in_India_2011-08,2011-08-12,22.305,88.345,6.9,27.8,25.4,97,14.5,21.0,1.28,2.0,14.89,1
India_Flood_in_India_2011-08,2011-08-13,22.305,88.345,25.8,28.0,24.9,97,21.0,22.0,1.48,2.0,14.45,1
India_Flood_in_India_2011-08,2011-08-14,22.305,88.345,6.3,29.5,25.5,94,17.4,16.0,2.96,2.0,13.29,1
India_Flood_in_India_2011-07,2011-07-23,28.524,80.926,32.0,30.7,26.1,99,10.9,13.0,3.06,151.0,7.69,1
India_Flood_in_India_2011-07,2011-07-24,28.524,80.926,3.9,30.8,25.8,94,11.2,14.0,3.36,151.0,7.91,1
India_Flood_in_India_2011-07,2011-07-25,28.524,80.926,3.1,30.7,25.7,94,8.1,8.0,3.42,151.0,7.77,1
India_Flood_in_India_2011-07,2011-07-26,28.524,80.926,8.3,31.6,25.8,98,6.9,10.0,3.38,151.0,7.49,1
India_Flood_in_India_2011-07,2011-07-27,28.524,80.926,26.8,26.8,25.5,99,6.4,15.0,1.0,151.0,7.73,1
China_Flood_in_China_2011-07,2011-07-11,27.063,108.111,0.0,29.4,20.6,97,10.2,0.0,4.64,638.0,10.09,1
China_Flood_in_China_2011-07,2011-07-12,27.063,108.111,0.2,28.6,20.1,93,9.6,2.0,3.85,638.0,9.86,1
China_Flood_in_China_2011-07,2011-07-13,27.063,108.111,0.2,28.2,21.2,96,12.0,1.0,3.46,638.0,9.79,1
China_Flood_in_China_2011-07,2011-07-14,27.063,108.111,0.2,26.4,21.7,85,14.3,1.0,2.67,638.0,9.72,1
China_Flood_in_China_2011-07,2011-07-15,27.063,108.111,0.0,28.0,19.7,94,8.7,0.0,3.67,638.0,9.67,1
Mexico_Flood_in_Mexico_2011-07,2011-07-01,22.116,-98.751,92.3,25.9,24.0,100,24.0,24.0,0.81,38.0,1.55,1
Mexico_Flood_in_Mexico_2011-07,2011-07-02,22.116,-98.751,34.1,26.4,22.8,100,13.3,24.0,1.47,38.0,2.94,1
Mexico_Flood_in_Mexico_2011-07,2011-07-03,22.116,-98.751,13.5,29.0,22.5,99,14.7,20.0,2.46,38.0,3.88,1
Mexico_Flood_in_Mexico_2011-07,2011-07-04,22.116,-98.751,1.9,30.0,21.5,99,8.9,9.0,4.45,38.0,3.88,1
Mexico_Flood_in_Mexico_2011-07,2011-07-05,22.116,-98.751,0.0,30.7,22.6,99,9.8,0.0,4.84,38.0,3.53,1
China_Flood_in_China_2011-06,2011-06-01,27.896,114.478,3.6,23.5,19.6,95,7.6,8.0,1.14,142.0,8.46,1
China_Flood_in_China_2011-06,2011-06-02,27.896,114.478,8.2,20.7,17.6,95,6.9,9.0,0.66,142.0,13.49,1
China_Flood_in_China_2011-06,2011-06-03,27.896,114.478,22.9,22.3,17.3,98,7.1,23.0,1.77,142.0,28.44,1
China_Flood_in_China_2011-06,2011-06-04,27.896,114.478,16.7,29.4,18.5,100,9.4,19.0,2.47,142.0,55.1,1
China_Flood_in_China_2011-06,2011-06-05,27.896,114.478,31.7,29.5,22.1,100,9.8,22.0,2.22,142.0,111.98,1
Columbia_Flood_in_Columbia_2011-06,2011-06-02,5.696,-74.159,38.6,23.2,19.6,99,5.0,16.0,1.69,903.0,2.97,1
Columbia_Flood_in_Columbia_2011-06,2011-06-03,5.696,-74.159,2.9,24.6,17.8,99,5.0,8.0,2.89,903.0,3.19,1
Columbia_Flood_in_Columbia_2011-06,2011-06-04,5.696,-74.159,2.0,25.0,18.7,98,8.0,5.0,3.33,903.0,3.16,1
Columbia_Flood_in_Columbia_2011-06,2011-06-05,5.696,-74.159,10.7,25.4,18.1,98,7.4,13.0,3.03,903.0,3.16,1
Columbia_Flood_in_Columbia_2011-06,2011-06-06,5.696,-74.159,16.5,26.5,18.1,99,5.9,7.0,3.87,903.0,3.12,1
Thailand_Flood_in_Thailand_2011-03,2011-03-23,8.666,99.277,18.2,29.1,22.9,99,10.5,17.0,2.53,7.0,18.36,1
Thailand_Flood_in_Thailand_2011-03,2011-03-24,8.666,99.277,28.4,27.2,23.2,99,7.7,24.0,1.84,7.0,27.97,1
Thailand_Flood_in_Thailand_2011-03,2011-03-25,8.666,99.277,49.1,26.2,23.1,99,8.5,24.0,1.12,7.0,46.1,1
Thailand_Flood_in_Thailand_2011-03,2011-03-26,8.666,99.277,93.6,24.8,23.4,99,10.3,24.0,0.75,7.0,70.12,1
Thailand_Flood_in_Thailand_2011-03,2011-03-27,8.666,99.277,34.6,25.4,22.8,100,14.5,19.0,1.33,7.0,64.61,1
Japan_Flood_in_Japan_2011-03,2011-03-11,37.802,140.823,0.7,4.0,-3.8,63,19.1,2.0,2.01,407.0,0.47,1
Sri Lanka_Flood_in_Sri_Lanka_2011-02,2011-02-01,8.513,80.534,17.3,25.3,22.1,97,19.3,17.0,1.28,87.0,4.53,1
Sri Lanka_Flood_in_Sri_Lanka_2011-01,2011-01-05,7.603,81.252,18.3,25.0,21.9,99,8.9,22.0,1.48,114.0,6.14,1
Brazil_Flood_in_Brazil_2011-01,2011-01-01,-18.739,-43.449,8.2,23.9,19.4,99,13.6,21.0,2.33,654.0,9.84,1
Australia_Flood_in_Australia_2010-12,2010-12-25,-24.775,147.631,19.2,20.8,17.6,98,21.6,22.0,1.25,967.0,0.3,1
India_Flood_in_India_2010-11,2010-11-15,9.886,78.477,5.9,29.7,23.2,94,14.5,6.0,3.06,112.0,0.19,1
Columbia_Flood_in_Columbia_2010-11,2010-11-15,4.113,-72.961,1.9,31.0,23.7,97,10.0,2.0,4.32,173.0,340.98,1
Sri Lanka_Flood_in_Sri_Lanka_2010-11,2010-11-11,7.274,80.304,30.9,25.6,21.5,98,10.7,17.0,2.32,146.0,37.55,1
Viet Nam_Flood_in_Viet_Nam_2010-11,2010-11-02,15.182,108.003,42.9,20.3,18.0,100,12.3,24.0,0.7,828.0,13.09,1
Viet Nam_Flood_in_Viet_Nam_2010-10,2010-10-15,16.705,105.524,53.1,25.2,23.2,98,18.5,22.0,0.78,174.0,41.46,1
Viet Nam_Flood_in_Viet_Nam_2010-10,2010-10-16,16.705,105.524,12.6,25.7,22.3,99,13.5,23.0,1.19,174.0,99.46,1
Viet Nam_Flood_in_Viet_Nam_2010-10,2010-10-17,16.705,105.524,33.2,28.3,22.0,99,10.0,14.0,2.01,174.0,122.88,1
Viet Nam_Flood_in_Viet_Nam_2010-10,2010-10-18,16.705,105.524,5.9,28.7,22.5,98,9.8,15.0,2.53,174.0,106.4,1
Viet Nam_Flood_in_Viet_Nam_2010-10,2010-10-19,16.705,105.524,4.2,26.3,22.6,96,12.8,11.0,1.85,174.0,86.9,1
China_Flood_in_China_2010-10,2010-10-16,19.212,109.833,42.5,23.7,22.5,100,24.3,24.0,0.56,261.0,3.92,1
Thailand_Flood_in_Thailand_2010-10,2010-10-10,15.03,102.195,0.5,31.3,23.4,95,9.8,2.0,4.28,170.0,3.27,1
China_Flood_in_China_2010-10,2010-10-04,18.9,110.025,107.2,24.7,23.5,99,21.5,24.0,0.45,133.0,432.51,1
Viet Nam_Flood_in_Viet_Nam_2010-10,2010-10-02,16.83,105.3,12.7,26.6,23.1,96,22.1,21.0,1.9,178.0,17.92,1
Bangladesh_Flood_in_Bangladesh_2010-10,2010-10-01,24.21,91.035,2.2,32.1,25.3,98,5.8,11.0,3.64,2.0,3018.95,1
Benin_Flood_in_Benin_2010-09,2010-09-12,4.86,5.31,1.0,27.3,24.4,90,15.9,7.0,3.62,0.0,,1
Bangladesh_Flood_in_Bangladesh_2010-09,2010-09-09,25.425,89.64,8.4,30.5,25.5,95,14.5,16.0,2.54,19.0,45080.65,1
India_Flood_in_India_2010-08,2010-08-06,33.526,76.125,14.8,9.5,6.5,100,3.1,24.0,1.25,3947.0,5.03,1
Pakistan_Flood_in_Pakistan_2010-07,2010-07-27,33.363,73.257,8.8,29.0,24.6,94,26.1,17.0,3.04,497.0,0.31,1
China_Flood_in_China_2010-07,2010-07-23,31.577,111.074,3.6,25.6,19.8,99,11.7,6.0,3.3,1120.0,0.26,1
India_Flood_in_India_2010-07,2010-07-05,30.189,74.778,14.4,32.3,26.8,88,22.7,10.0,4.21,206.0,1.86,1
China_Flood_in_China_2010-07,2010-07-01,28.005,113.171,0.0,34.0,27.6,79,20.8,0.0,6.34,63.0,2.17,1
Bangladesh_Flood_in_Bangladesh_2010-07,2010-07-01,23.994,90.035,14.3,31.8,25.4,97,15.8,18.0,3.82,12.0,37.9,1
Brazil_Flood_in_Brazil_2010-06,2010-06-22,-6.356,-37.782,0.0,32.3,20.0,89,16.0,0.0,4.64,290.0,0.02,1
Guatamala_Flood_in_Guatamala_2010-05,2010-05-18,14.075,-89.564,8.8,28.7,22.3,89,8.7,8.0,3.62,810.0,0.37,1
China_Flood_in_China_2010-05,2010-05-15,26.444,115.483,0.3,21.3,16.7,98,5.9,2.0,1.17,315.0,2.44,1
Brazil_Flood_in_Brazil_2010-04,2010-04-04,-22.445,-43.334,25.6,24.9,18.2,98,9.2,12.0,2.74,1121.0,0.97,1
Bangladesh_Flood_in_Bangladesh_2010-03,2010-03-27,22.152,89.509,0.0,33.5,26.2,94,22.1,0.0,5.43,7.0,0.0,1
Mozambique_Flood_in_Mozambique_2010-02,2010-02-22,-19.965,34.254,9.2,30.0,24.1,98,12.6,12.0,3.23,21.0,0.75,1
Peru_Flood_in_Peru_2010-02,2010-02-10,-4.683,-78.287,9.2,30.1,19.5,100,5.5,11.0,4.62,745.0,1.69,1
Paraguay_Flood_in_Paraguay_2015-12,2015-12-01,-26.037,-55.848,20.8,27.2,20.7,100,11.3,18.0,3.13,265.0,2.14,1
Paraguay_Flood_in_Paraguay_2015-12,2015-12-02,-26.037,-55.848,62.5,25.4,21.2,100,11.3,21.0,1.16,265.0,3.13,1
Paraguay_Flood_in_Paraguay_2015-12,2015-12-03,-26.037,-55.848,15.8,26.5,21.0,99,11.9,12.0,2.2,265.0,2.78,1
Paraguay_Flood_in_Paraguay_2015-12,2015-12-04,-26.037,-55.848,9.0,26.1,21.3,99,10.8,7.0,2.48,265.0,2.49,1
Paraguay_Flood_in_Paraguay_2015-12,2015-12-05,-26.037,-55.848,0.6,27.9,20.4,100,10.2,4.0,3.37,265.0,2.33,1
Kenya_Flood_in_Kenya_2015-12,2015-12-01,-2.036,39.513,0.1,31.8,23.2,97,11.5,1.0,4.83,151.0,0.0,1
Kenya_Flood_in_Kenya_2015-12,2015-12-02,-2.036,39.513,2.0,32.3,23.6,98,13.6,4.0,4.62,151.0,0.0,1
Kenya_Flood_in_Kenya_2015-12,2015-12-03,-2.036,39.513,4.7,31.4,23.5,95,15.8,8.0,3.82,151.0,0.0,1
Kenya_Flood_in_Kenya_2015-12,2015-12-04,-2.036,39.513,1.0,32.3,23.4,94,14.0,4.0,4.7,151.0,0.0,1
Kenya_Flood_in_Kenya_2015-12,2015-12-05,-2.036,39.513,2.4,32.3,23.3,94,14.0,5.0,4.38,151.0,0.0,1
India_Flood_in_India_2015-11,2015-11-10,11.828,78.855,83.6,24.0,20.6,95,22.5,21.0,1.22,174.0,173.18,1
India_Flood_in_India_2015-11,2015-11-11,11.828,78.855,0.2,27.7,22.2,98,5.5,1.0,2.29,174.0,82.95,1
India_Flood_in_India_2015-11,2015-11-12,11.828,78.855,6.3,28.9,23.0,97,9.0,10.0,2.98,174.0,40.69,1
India_Flood_in_India_2015-11,2015-11-13,11.828,78.855,18.4,25.4,21.4,96,11.7,19.0,1.52,174.0,25.06,1
India_Flood_in_India_2015-11,2015-11-14,11.828,78.855,9.9,24.9,21.3,90,6.5,19.0,1.15,174.0,18.63,1
Guatamala_Flood_in_Guatamala_2015-10,2015-10-02,14.826,-90.613,0.0,24.4,15.2,97,8.1,0.0,3.38,1385.0,0.84,1
Guatamala_Flood_in_Guatamala_2015-10,2015-10-03,14.826,-90.613,1.0,23.0,16.7,91,5.5,3.0,2.74,1385.0,0.8,1
Japan_Flood_in_Japan_2015-09,2015-09-09,36.938,140.046,76.1,21.7,16.9,100,24.3,24.0,0.61,268.0,14.0,1
Japan_Flood_in_Japan_2015-09,2015-09-10,36.938,140.046,100.0,22.1,19.8,100,16.6,24.0,0.64,268.0,19.37,1
Japan_Flood_in_Japan_2015-09,2015-09-11,36.938,140.046,7.4,25.8,17.9,99,13.7,4.0,3.14,268.0,11.19,1
Pakistan_Flood_in_Pakistan_2015-07,2015-07-15,34.343,72.274,0.2,35.4,27.6,90,9.6,1.0,5.02,381.0,0.06,1
Pakistan_Flood_in_Pakistan_2015-07,2015-07-16,34.343,72.274,11.9,34.4,26.2,93,11.5,7.0,4.15,381.0,0.09,1
Pakistan_Flood_in_Pakistan_2015-07,2015-07-17,34.343,72.274,42.1,28.7,25.0,98,6.1,23.0,1.53,381.0,0.16,1
Pakistan_Flood_in_Pakistan_2015-07,2015-07-18,34.343,72.274,3.8,31.4,24.3,99,7.9,12.0,3.6,381.0,0.22,1
Pakistan_Flood_in_Pakistan_2015-07,2015-07-19,34.343,72.274,7.1,31.9,24.4,96,6.1,15.0,4.57,381.0,0.22,1
India_Flood_in_India_2015-07,2015-07-15,26.207,82.617,8.7,33.9,27.3,96,16.6,7.0,4.42,88.0,4.71,1
India_Flood_in_India_2015-07,2015-07-16,26.207,82.617,41.1,28.4,25.9,94,10.5,21.0,1.27,88.0,5.4,1
India_Flood_in_India_2015-07,2015-07-17,26.207,82.617,1.2,31.2,25.4,96,12.5,8.0,3.08,88.0,8.64,1
India_Flood_in_India_2015-07,2015-07-18,26.207,82.617,7.6,31.9,25.6,96,16.4,12.0,3.13,88.0,10.53,1
India_Flood_in_India_2015-07,2015-07-19,26.207,82.617,4.3,32.4,26.1,95,16.4,8.0,3.98,88.0,10.17,1
Myanmar_Flood_in_Myanmar_2015-07,2015-07-15,20.175,95.533,2.1,30.3,24.9,94,18.1,5.0,3.56,151.0,1.05,1
Myanmar_Flood_in_Myanmar_2015-07,2015-07-16,20.175,95.533,3.2,29.1,24.5,96,21.3,16.0,2.12,151.0,1.25,1
Myanmar_Flood_in_Myanmar_2015-07,2015-07-17,20.175,95.533,16.7,26.6,24.1,97,19.0,23.0,1.4,151.0,1.48,1
Myanmar_Flood_in_Myanmar_2015-07,2015-07-18,20.175,95.533,6.0,26.0,24.2,97,20.2,13.0,1.41,151.0,2.0,1
Myanmar_Flood_in_Myanmar_2015-07,2015-07-19,20.175,95.533,13.1,28.3,23.8,99,17.8,21.0,2.52,151.0,2.39,1
China_Flood_in_China_2015-05,2015-05-13,27.032,114.981,0.0,29.7,16.3,83,17.6,0.0,5.26,69.0,2715.44,1
China_Flood_in_China_2015-05,2015-05-14,27.032,114.981,23.2,30.3,23.8,88,27.0,18.0,2.87,69.0,2551.7,1
China_Flood_in_China_2015-05,2015-05-15,27.032,114.981,9.3,30.5,23.6,97,25.7,13.0,3.8,69.0,2364.92,1
China_Flood_in_China_2015-05,2015-05-16,27.032,114.981,29.5,23.8,21.5,99,10.9,17.0,0.84,69.0,2300.44,1
China_Flood_in_China_2015-05,2015-05-17,27.032,114.981,6.6,29.9,20.8,96,9.3,6.0,3.0,69.0,2311.07,1
Ghana_Flood_in_Ghana_2015-06,2015-06-02,7.38,-0.547,2.3,31.7,24.1,89,12.6,5.0,4.19,179.0,0.06,1
Ghana_Flood_in_Ghana_2015-06,2015-06-03,7.38,-0.547,4.9,30.9,23.5,98,9.5,7.0,3.01,179.0,0.06,1
Ghana_Flood_in_Ghana_2015-06,2015-06-04,7.38,-0.547,12.6,31.7,22.9,98,10.6,6.0,3.89,179.0,0.06,1
Ghana_Flood_in_Ghana_2015-06,2015-06-05,7.38,-0.547,2.2,29.5,22.9,96,11.7,7.0,2.69,179.0,0.09,1
Ghana_Flood_in_Ghana_2015-06,2015-06-06,7.38,-0.547,8.0,31.3,22.6,100,11.0,9.0,3.39,179.0,0.09,1
Malawi_Flood_in_Malawi_2015-01,2015-01-01,-18.795,35.356,8.4,26.6,23.3,95,12.3,16.0,1.59,88.0,0.26,1
Malawi_Flood_in_Malawi_2015-01,2015-01-02,-18.795,35.356,0.4,29.2,23.1,92,10.8,1.0,4.38,88.0,0.3,1
Malawi_Flood_in_Malawi_2015-01,2015-01-03,-18.795,35.356,0.0,31.2,22.4,96,9.7,0.0,4.88,88.0,0.25,1
Malawi_Flood_in_Malawi_2015-01,2015-01-04,-18.795,35.356,1.0,28.8,23.3,95,14.0,2.0,2.96,88.0,0.19,1
Malawi_Flood_in_Malawi_2015-01,2015-01-05,-18.795,35.356,17.8,27.9,23.2,95,13.7,14.0,3.03,88.0,0.17,1
Sri Lanka_Flood_in_Sri_Lanka_2014-12,2014-12-20,7.909,80.983,62.6,23.7,23.0,97,19.5,24.0,0.53,58.0,6.96,1
Sri Lanka_Flood_in_Sri_Lanka_2014-12,2014-12-21,7.909,80.983,30.4,26.9,23.1,97,12.4,21.0,1.7,58.0,7.11,1
Sri Lanka_Flood_in_Sri_Lanka_2014-12,2014-12-22,7.909,80.983,134.5,24.0,23.0,99,15.4,24.0,0.56,58.0,14.21,1
Sri Lanka_Flood_in_Sri_Lanka_2014-12,2014-12-23,7.909,80.983,44.0,24.9,22.8,98,12.7,24.0,0.95,58.0,11.02,1
Sri Lanka_Flood_in_Sri_Lanka_2014-12,2014-12-24,7.909,80.983,32.1,26.1,22.6,97,14.4,19.0,1.34,58.0,9.64,1
Malaysia_Flood_in_Malaysia_2014-12,2014-12-20,4.725,102.164,17.4,25.4,22.4,100,5.2,21.0,0.98,399.0,13.42,1
Malaysia_Flood_in_Malaysia_2014-12,2014-12-21,4.725,102.164,18.4,23.8,22.5,100,4.4,23.0,0.54,399.0,18.91,1
Malaysia_Flood_in_Malaysia_2014-12,2014-12-22,4.725,102.164,46.3,23.6,22.3,100,7.7,24.0,0.66,399.0,34.4,1
Malaysia_Flood_in_Malaysia_2014-12,2014-12-23,4.725,102.164,47.7,23.4,22.0,100,5.4,24.0,0.52,399.0,47.64,1
Malaysia_Flood_in_Malaysia_2014-12,2014-12-24,4.725,102.164,25.6,24.9,22.0,100,5.4,24.0,0.89,399.0,44.5,1
Philippines_Flood_in_Philippines_2014-12,2014-12-10,8.656,124.903,1.7,26.4,20.5,96,8.8,2.0,3.82,859.0,3.32,1
Philippines_Flood_in_Philippines_2014-12,2014-12-11,8.656,124.903,0.9,26.1,19.9,97,6.5,5.0,3.99,859.0,3.14,1
Philippines_Flood_in_Philippines_2014-12,2014-12-12,8.656,124.903,0.5,25.8,20.0,97,7.1,3.0,3.84,859.0,2.94,1
Philippines_Flood_in_Philippines_2014-12,2014-12-13,8.656,124.903,2.3,25.0,19.3,98,9.6,10.0,3.17,859.0,2.75,1
Philippines_Flood_in_Philippines_2014-12,2014-12-14,8.656,124.903,2.7,26.4,20.2,97,7.4,6.0,3.56,859.0,2.62,1
Philippines_Flood_in_Philippines_2014-09,2014-09-19,14.657,121.612,83.3,26.1,25.2,97,27.2,24.0,0.93,0.0,0.55,1
Philippines_Flood_in_Philippines_2014-09,2014-09-20,14.657,121.612,4.2,28.7,25.4,91,23.3,17.0,2.9,0.0,0.63,1
Philippines_Flood_in_Philippines_2014-09,2014-09-21,14.657,121.612,0.9,30.0,25.4,92,19.3,4.0,3.99,0.0,0.57,1
Philippines_Flood_in_Philippines_2014-09,2014-09-22,14.657,121.612,0.5,31.0,25.5,94,11.6,2.0,4.17,0.0,0.51,1
Philippines_Flood_in_Philippines_2014-09,2014-09-23,14.657,121.612,0.9,30.9,25.5,96,5.9,4.0,4.74,0.0,0.45,1
Pakistan_Flood_in_Pakistan_2014-09,2014-09-01,33.944,75.341,1.1,18.3,9.3,85,6.8,6.0,3.74,2561.0,0.94,1
Pakistan_Flood_in_Pakistan_2014-09,2014-09-02,33.944,75.341,14.6,17.5,9.6,94,5.6,16.0,2.31,2561.0,0.95,1
Pakistan_Flood_in_Pakistan_2014-09,2014-09-03,33.944,75.341,35.0,13.3,11.8,92,5.2,24.0,0.7,2561.0,1.05,1
Pakistan_Flood_in_Pakistan_2014-09,2014-09-04,33.944,75.341,45.9,12.2,11.3,92,6.4,24.0,0.64,2561.0,1.22,1
Pakistan_Flood_in_Pakistan_2014-09,2014-09-05,33.944,75.341,44.9,13.0,11.1,90,5.7,24.0,0.78,2561.0,1.47,1
China_Flood_in_China_2014-09,2014-09-01,30.779,108.35,33.0,26.4,21.8,98,7.4,24.0,1.66,503.0,25002.44,1
China_Flood_in_China_2014-09,2014-09-02,30.779,108.35,62.4,23.6,21.1,100,5.4,13.0,1.39,503.0,25821.61,1
China_Flood_in_China_2014-09,2014-09-03,30.779,108.35,0.0,27.5,20.3,91,6.9,0.0,3.63,503.0,26667.59,1
China_Flood_in_China_2014-09,2014-09-04,30.779,108.35,0.0,25.7,21.1,86,4.9,0.0,2.02,503.0,26120.6,1
China_Flood_in_China_2014-09,2014-09-05,30.779,108.35,0.0,28.0,18.2,91,5.4,0.0,4.26,503.0,25117.87,1
Nepal_Flood_in_Nepal_2014-08,2014-08-12,28.983,81.973,7.0,16.9,12.0,99,7.7,11.0,2.54,3233.0,2.08,1
Nepal_Flood_in_Nepal_2014-08,2014-08-13,28.983,81.973,17.3,17.2,12.5,99,6.7,15.0,2.56,3233.0,2.05,1
Nepal_Flood_in_Nepal_2014-08,2014-08-14,28.983,81.973,19.6,16.0,12.0,99,7.1,18.0,1.74,3233.0,2.09,1
Nepal_Flood_in_Nepal_2014-08,2014-08-15,28.983,81.973,85.4,14.1,11.7,100,6.8,19.0,0.92,3233.0,7.65,1
Nepal_Flood_in_Nepal_2014-08,2014-08-16,28.983,81.973,96.2,14.8,10.9,100,7.1,18.0,1.8,3233.0,5.03,1
Bangladesh_Flood_in_Bangladesh_2014-08,2014-08-20,24.566,90.633,6.5,30.4,25.3,98,10.0,9.0,2.71,10.0,5.24,1
Bangladesh_Flood_in_Bangladesh_2014-08,2014-08-21,24.566,90.633,19.8,31.2,25.0,98,10.8,21.0,2.8,10.0,5.34,1
Bangladesh_Flood_in_Bangladesh_2014-08,2014-08-22,24.566,90.633,16.0,29.9,25.0,98,14.0,14.0,2.32,10.0,5.25,1
Bangladesh_Flood_in_Bangladesh_2014-08,2014-08-23,24.566,90.633,8.9,29.5,25.5,95,15.8,15.0,2.26,10.0,5.31,1
Bangladesh_Flood_in_Bangladesh_2014-08,2014-08-24,24.566,90.633,19.3,28.6,25.0,98,10.5,20.0,1.53,10.0,5.37,1
South Sudan_Flood_in_South_Sudan_2014-07,2014-07-20,10.213,31.001,9.3,30.3,23.4,99,11.4,11.0,3.64,447.0,0.0,1
South Sudan_Flood_in_South_Sudan_2014-07,2014-07-21,10.213,31.001,3.6,31.2,22.9,96,13.0,4.0,4.69,447.0,0.0,1
South Sudan_Flood_in_South_Sudan_2014-07,2014-07-22,10.213,31.001,3.7,32.1,23.7,93,16.6,2.0,4.42,447.0,0.0,1
South Sudan_Flood_in_South_Sudan_2014-07,2014-07-23,10.213,31.001,21.3,29.5,22.7,97,12.6,18.0,3.75,447.0,0.0,1
South Sudan_Flood_in_South_Sudan_2014-07,2014-07-24,10.213,31.001,13.6,28.6,22.6,96,16.8,8.0,3.27,447.0,0.0,1
China_Flood_in_China_2014-07,2014-07-18,21.495,107.508,19.8,27.6,22.1,96,20.8,12.0,3.55,691.0,4.24,1
China_Flood_in_China_2014-07,2014-07-19,21.495,107.508,194.0,22.9,20.8,100,36.7,24.0,0.45,691.0,23.38,1
China_Flood_in_China_2014-07,2014-07-20,21.495,107.508,16.5,24.4,21.4,100,10.6,19.0,1.91,691.0,17.75,1
China_Flood_in_China_2014-07,2014-07-21,21.495,107.508,5.7,25.8,21.1,100,7.3,12.0,2.97,691.0,13.69,1
China_Flood_in_China_2014-07,2014-07-22,21.495,107.508,5.2,27.9,21.2,99,7.6,6.0,4.29,691.0,11.5,1
Paraguay_Flood_in_Paraguay_2014-06,2014-06-03,-24.355,-53.547,0.0,20.1,8.6,86,11.6,0.0,2.67,360.0,39.93,1
Paraguay_Flood_in_Paraguay_2014-06,2014-06-04,-24.355,-53.547,0.0,19.7,11.3,85,15.6,0.0,2.07,360.0,34.4,1
Paraguay_Flood_in_Paraguay_2014-06,2014-06-05,-24.355,-53.547,25.0,26.1,15.8,99,18.4,12.0,2.34,360.0,30.33,1
Paraguay_Flood_in_Paraguay_2014-06,2014-06-06,-24.355,-53.547,88.7,20.6,19.1,100,18.7,24.0,0.31,360.0,145.22,1
Paraguay_Flood_in_Paraguay_2014-06,2014-06-07,-24.355,-53.547,67.4,26.6,19.2,100,17.2,19.0,1.62,360.0,228.09,1
China_Flood_in_China_2014-06,2014-06-05,26.439,112.358,78.8,25.4,23.7,99,8.7,24.0,0.77,84.0,64.77,1
China_Flood_in_China_2014-06,2014-06-06,26.439,112.358,23.3,27.5,22.8,97,8.3,9.0,2.45,84.0,72.79,1
China_Flood_in_China_2014-06,2014-06-07,26.439,112.358,1.0,29.5,22.9,96,9.1,4.0,3.68,84.0,58.29,1
China_Flood_in_China_2014-06,2014-06-08,26.439,112.358,0.3,31.2,23.5,93,9.5,1.0,4.46,84.0,45.99,1
China_Flood_in_China_2014-06,2014-06-09,26.439,112.358,9.9,31.2,24.0,98,10.7,14.0,3.86,84.0,38.99,1
Iran_Flood_in_Iran_2014-06,2014-06-01,34.375,57.254,0.0,33.4,17.3,39,11.9,0.0,7.55,1147.0,0.0,1
Iran_Flood_in_Iran_2014-06,2014-06-02,34.375,57.254,0.0,35.2,18.4,30,28.4,0.0,8.6,1147.0,0.0,1
Iran_Flood_in_Iran_2014-06,2014-06-03,34.375,57.254,0.0,34.3,20.9,29,19.6,0.0,8.22,1147.0,0.0,1
Iran_Flood_in_Iran_2014-06,2014-06-04,34.375,57.254,0.0,37.1,17.8,29,33.5,0.0,10.01,1147.0,0.0,1
Iran_Flood_in_Iran_2014-06,2014-06-05,34.375,57.254,0.0,32.0,20.0,42,24.4,0.0,9.59,1147.0,0.0,1
Afghanistan_Flood_in_Afghanistan_2014-04,2014-04-20,35.834,66.434,0.0,16.4,2.7,77,6.8,0.0,4.5,1721.0,0.09,1
Afghanistan_Flood_in_Afghanistan_2014-04,2014-04-21,35.834,66.434,1.0,17.9,4.1,72,8.3,2.0,4.68,1721.0,0.03,1
Afghanistan_Flood_in_Afghanistan_2014-04,2014-04-22,35.834,66.434,3.5,17.8,4.7,79,12.3,3.0,3.96,1721.0,0.09,1
Afghanistan_Flood_in_Afghanistan_2014-04,2014-04-23,35.834,66.434,1.7,19.7,4.1,76,14.1,2.0,4.8,1721.0,0.06,1
Afghanistan_Flood_in_Afghanistan_2014-04,2014-04-24,35.834,66.434,2.3,18.3,8.7,81,11.9,5.0,3.21,1721.0,0.03,1
Bolivia_Flood_in_Bolivia_2014-01,2014-01-10,-13.389,-64.014,2.7,28.9,22.8,95,13.0,7.0,3.45,138.0,206.97,1
Bolivia_Flood_in_Bolivia_2014-01,2014-01-11,-13.389,-64.014,12.9,26.7,23.1,96,9.8,10.0,2.59,138.0,206.01,1
Bolivia_Flood_in_Bolivia_2014-01,2014-01-12,-13.389,-64.014,11.0,27.8,22.6,98,5.6,12.0,3.08,138.0,206.01,1
Bolivia_Flood_in_Bolivia_2014-01,2014-01-13,-13.389,-64.014,3.3,29.0,21.7,100,10.2,8.0,3.62,138.0,206.49,1
Bolivia_Flood_in_Bolivia_2014-01,2014-01-14,-13.389,-64.014,17.5,30.1,22.8,98,10.9,15.0,4.03,138.0,208.89,1
Philippines_Flood_in_Philippines_2013-11,2013-11-08,11.445,125.052,76.3,26.3,24.4,93,57.4,24.0,1.43,93.0,4.0,1
Philippines_Flood_in_Philippines_2013-11,2013-11-09,11.445,125.052,1.3,28.5,24.8,94,24.5,6.0,2.65,93.0,5.84,1
Philippines_Flood_in_Philippines_2013-11,2013-11-10,11.445,125.052,0.3,30.3,24.4,93,17.2,2.0,4.25,93.0,5.43,1
Philippines_Flood_in_Philippines_2013-11,2013-11-11,11.445,125.052,0.8,29.9,24.7,93,20.5,3.0,4.21,93.0,4.89,1
Philippines_Flood_in_Philippines_2013-11,2013-11-12,11.445,125.052,8.3,27.6,24.6,94,22.2,21.0,2.35,93.0,4.52,1
Vietnam_Flood_in_Vietnam_2013-11,2013-11-14,15.582,107.706,20.2,25.4,21.9,98,10.2,24.0,1.63,219.0,3.78,1
Vietnam_Flood_in_Vietnam_2013-11,2013-11-15,15.582,107.706,111.0,23.3,21.7,100,11.8,24.0,0.64,219.0,14.31,1
Vietnam_Flood_in_Vietnam_2013-11,2013-11-16,15.582,107.706,27.3,25.4,22.0,100,8.9,24.0,1.83,219.0,27.44,1
Vietnam_Flood_in_Vietnam_2013-11,2013-11-17,15.582,107.706,64.5,25.1,21.2,100,10.2,24.0,1.85,219.0,17.2,1
Vietnam_Flood_in_Vietnam_2013-11,2013-11-18,15.582,107.706,9.5,23.9,20.3,98,11.3,20.0,2.19,219.0,6.16,1
China_Flood_in_China_2013-08,2013-08-07,50.532,130.271,3.5,25.3,17.8,98,9.2,9.0,2.89,300.0,0.81,1
China_Flood_in_China_2013-08,2013-08-08,50.532,130.271,7.3,24.8,18.1,95,13.0,13.0,2.42,300.0,0.78,1
China_Flood_in_China_2013-08,2013-08-09,50.532,130.271,13.0,24.2,19.4,93,16.8,22.0,2.1,300.0,0.77,1
China_Flood_in_China_2013-08,2013-08-10,50.532,130.271,21.4,20.7,17.9,97,17.8,23.0,0.92,300.0,0.89,1
China_Flood_in_China_2013-08,2013-08-11,50.532,130.271,3.5,20.0,17.8,100,11.5,9.0,1.06,300.0,0.97,1
Cambodia_Flood_in_Cambodia_2013-09,2013-09-27,12.658,105.084,21.8,27.2,23.6,100,12.4,24.0,1.7,16.0,2.35,1
Cambodia_Flood_in_Cambodia_2013-09,2013-09-28,12.658,105.084,26.4,26.3,23.4,99,12.0,15.0,1.03,16.0,2.98,1
Cambodia_Flood_in_Cambodia_2013-09,2013-09-29,12.658,105.084,3.2,30.1,23.8,96,12.7,4.0,3.62,16.0,2.94,1
Cambodia_Flood_in_Cambodia_2013-09,2013-09-30,12.658,105.084,0.2,28.9,24.3,96,15.4,2.0,2.87,16.0,2.72,1
Cambodia_Flood_in_Cambodia_2013-09,2013-10-01,12.658,105.084,1.7,30.4,22.9,98,5.9,3.0,3.7,16.0,2.44,1
India_Flood_in_India_2013-10,2013-10-12,21.271,84.249,13.3,26.7,23.6,90,37.7,11.0,2.36,325.0,2.48,1
India_Flood_in_India_2013-10,2013-10-13,21.271,84.249,92.7,24.1,23.1,95,44.0,24.0,1.0,325.0,4.09,1
India_Flood_in_India_2013-10,2013-10-14,21.271,84.249,1.4,27.7,21.1,90,18.3,7.0,3.23,325.0,3.46,1
Thailand_Flood_in_Thailand_2013-09,2013-09-30,13.081,101.694,15.9,25.0,21.7,99,9.2,13.0,1.61,286.0,3.35,1
Thailand_Flood_in_Thailand_2013-09,2013-10-01,13.081,101.694,17.7,27.4,21.6,99,8.4,12.0,3.33,286.0,3.73,1
Thailand_Flood_in_Thailand_2013-09,2013-10-02,13.081,101.694,9.2,27.9,21.5,99,8.2,9.0,3.01,286.0,3.84,1
Thailand_Flood_in_Thailand_2013-09,2013-10-03,13.081,101.694,26.4,23.7,21.8,100,8.6,24.0,1.04,286.0,6.26,1
Thailand_Flood_in_Thailand_2013-09,2013-10-04,13.081,101.694,41.3,23.5,21.8,99,10.0,24.0,0.87,286.0,9.52,1
China_Flood_in_China_2013-10,2013-10-08,29.15,120.573,3.3,23.2,17.8,100,12.7,13.0,1.11,655.0,3.31,1
China_Flood_in_China_2013-10,2013-10-09,29.15,120.573,0.0,22.1,17.4,95,9.4,0.0,1.35,655.0,2.1,1
China_Flood_in_China_2013-10,2013-10-10,29.15,120.573,0.1,25.0,17.5,96,9.2,1.0,2.76,655.0,1.47,1
China_Flood_in_China_2013-10,2013-10-11,29.15,120.573,0.0,26.2,17.1,99,11.1,0.0,3.89,655.0,1.08,1
China_Flood_in_China_2013-10,2013-10-12,29.15,120.573,0.0,23.3,13.7,100,16.9,0.0,3.82,655.0,0.83,1
Philippines_Flood_in_Philippines_2013-08,2013-08-13,16.319,121.142,5.6,26.1,22.3,97,15.9,16.0,2.46,442.0,11.62,1
Philippines_Flood_in_Philippines_2013-08,2013-08-14,16.319,121.142,1.5,27.6,22.0,96,16.0,7.0,3.4,442.0,7.47,1
Philippines_Flood_in_Philippines_2013-08,2013-08-15,16.319,121.142,2.5,29.4,22.6,94,9.0,3.0,3.8,442.0,4.85,1
Philippines_Flood_in_Philippines_2013-08,2013-08-16,16.319,121.142,0.0,27.5,21.7,96,16.6,0.0,3.31,442.0,3.22,1
Philippines_Flood_in_Philippines_2013-08,2013-08-17,16.319,121.142,1.9,26.1,22.5,95,15.8,10.0,2.73,442.0,2.11,1
Sudan_Flood_in_Sudan_2013-08,2013-08-01,13.688,28.989,3.5,28.2,22.2,90,31.1,5.0,3.66,583.0,0.0,1
Sudan_Flood_in_Sudan_2013-08,2013-08-02,13.688,28.989,6.7,30.2,22.2,87,29.4,4.0,4.32,583.0,0.0,1
Sudan_Flood_in_Sudan_2013-08,2013-08-03,13.688,28.989,13.8,27.6,21.5,95,25.7,15.0,3.15,583.0,0.0,1
Sudan_Flood_in_Sudan_2013-08,2013-08-04,13.688,28.989,16.8,27.9,21.5,93,25.5,12.0,3.97,583.0,0.0,1
Sudan_Flood_in_Sudan_2013-08,2013-08-05,13.688,28.989,0.2,30.1,21.5,92,21.0,1.0,4.86,583.0,0.0,1
Pakistan_Flood_in_Pakistan_2013-08,2013-08-01,32.814,70.637,21.8,32.9,26.2,94,8.8,11.0,3.12,295.0,23.32,1
Pakistan_Flood_in_Pakistan_2013-08,2013-08-02,32.814,70.637,42.4,29.8,25.3,96,12.3,23.0,2.04,295.0,64.16,1
Pakistan_Flood_in_Pakistan_2013-08,2013-08-03,32.814,70.637,12.9,29.3,25.0,96,11.2,13.0,2.68,295.0,538.51,1
Pakistan_Flood_in_Pakistan_2013-08,2013-08-04,32.814,70.637,0.0,32.8,25.5,85,6.1,0.0,4.98,295.0,348.14,1
Pakistan_Flood_in_Pakistan_2013-08,2013-08-05,32.814,70.637,0.0,34.4,26.7,87,7.0,0.0,4.98,295.0,157.85,1
India_Flood_in_India_2013-06,2013-06-23,27.387,94.918,5.8,31.7,26.9,95,8.9,9.0,3.75,100.0,216.77,1
India_Flood_in_India_2013-06,2013-06-24,27.387,94.918,32.3,30.4,26.8,95,5.9,17.0,2.35,100.0,247.89,1
India_Flood_in_India_2013-06,2013-06-25,27.387,94.918,41.1,28.5,25.7,98,6.6,23.0,2.1,100.0,332.43,1
India_Flood_in_India_2013-06,2013-06-26,27.387,94.918,11.5,28.9,25.0,98,9.8,24.0,1.5,100.0,410.15,1
India_Flood_in_India_2013-06,2013-06-27,27.387,94.918,33.8,29.1,24.8,98,8.7,24.0,1.41,100.0,480.95,1
China_Flood_in_China_2013-07,2013-07-05,30.456,104.022,1.1,32.6,22.4,93,12.9,2.0,5.23,463.0,58.84,1
China_Flood_in_China_2013-07,2013-07-06,30.456,104.022,0.0,32.5,22.1,98,8.4,0.0,5.34,463.0,37.9,1
China_Flood_in_China_2013-07,2013-07-07,30.456,104.022,0.9,32.0,24.4,97,8.4,7.0,4.41,463.0,29.9,1
China_Flood_in_China_2013-07,2013-07-08,30.456,104.022,15.0,30.1,24.8,97,16.0,21.0,2.97,463.0,69.96,1
China_Flood_in_China_2013-07,2013-07-09,30.456,104.022,31.1,26.3,23.6,96,25.8,24.0,1.17,463.0,205.06,1
China_Flood_in_China_2013-07,2013-07-13,25.863,118.14,95.4,27.5,22.0,100,18.5,15.0,1.53,411.0,17.28,1
China_Flood_in_China_2013-07,2013-07-14,25.863,118.14,73.0,26.4,22.3,100,30.2,18.0,1.61,411.0,7.15,1
China_Flood_in_China_2013-07,2013-07-15,25.863,118.14,2.7,29.0,23.4,94,12.4,8.0,3.0,411.0,3.61,1
India_Flood_in_India_2013-06,2013-06-12,32.713,76.613,32.3,5.0,1.3,93,3.5,16.0,1.27,4378.0,37.64,1
India_Flood_in_India_2013-06,2013-06-13,32.713,76.613,11.5,6.9,1.5,99,2.7,19.0,2.95,4378.0,41.76,1
India_Flood_in_India_2013-06,2013-06-14,32.713,76.613,5.0,6.7,0.4,100,3.1,14.0,2.77,4378.0,43.67,1
India_Flood_in_India_2013-06,2013-06-15,32.713,76.613,52.1,1.8,-2.9,100,3.4,20.0,1.05,4378.0,107.14,1
India_Flood_in_India_2013-06,2013-06-16,32.713,76.613,21.3,4.7,-0.9,100,3.1,21.0,2.86,4378.0,138.64,1
Canada_Flood_in_Canada_2013-06,2013-06-20,51.243,-109.647,13.9,20.0,13.3,93,34.9,17.0,2.89,686.0,0.08,1
Canada_Flood_in_Canada_2013-06,2013-06-21,51.243,-109.647,0.0,18.3,8.9,95,16.5,0.0,3.88,686.0,0.12,1
Canada_Flood_in_Canada_2013-06,2013-06-22,51.243,-109.647,1.5,18.4,9.2,95,14.5,4.0,3.65,686.0,0.11,1
Canada_Flood_in_Canada_2013-06,2013-06-23,51.243,-109.647,1.0,19.3,9.4,97,17.1,5.0,4.17,686.0,0.11,1
Canada_Flood_in_Canada_2013-06,2013-06-24,51.243,-109.647,0.0,22.6,10.1,95,17.8,0.0,4.77,686.0,0.09,1
Bangladesh_Flood_in_Bangladesh_2013-05,2013-05-14,23.638,91.194,2.8,31.3,25.2,95,11.6,9.0,3.42,29.0,21.44,1
Bangladesh_Flood_in_Bangladesh_2013-05,2013-05-15,23.638,91.194,2.4,27.8,24.9,96,9.4,5.0,1.54,29.0,21.96,1
Bangladesh_Flood_in_Bangladesh_2013-05,2013-05-16,23.638,91.194,100.2,24.9,21.3,96,29.3,22.0,0.7,29.0,29.41,1
Sri Lanka_Flood_in_Sri_Lanka_2013-05,2013-05-13,7.135,80.532,7.2,24.4,21.6,98,14.0,10.0,2.65,726.0,50.52,1
Sri Lanka_Flood_in_Sri_Lanka_2013-05,2013-05-14,7.135,80.532,2.2,25.7,21.5,98,16.5,9.0,3.06,726.0,50.29,1
Sri Lanka_Flood_in_Sri_Lanka_2013-05,2013-05-15,7.135,80.532,0.0,25.8,21.3,96,17.1,0.0,3.67,726.0,47.87,1
Sri Lanka_Flood_in_Sri_Lanka_2013-05,2013-05-16,7.135,80.532,0.5,26.4,21.3,96,16.9,3.0,4.16,726.0,44.71,1
Mozambique_Flood_in_Mozambique_2013-01,2013-01-17,-24.801,32.677,2.4,31.0,23.1,97,15.2,1.0,5.3,56.0,0.02,1
Mozambique_Flood_in_Mozambique_2013-01,2013-01-18,-24.801,32.677,0.7,31.8,23.7,98,10.2,4.0,5.6,56.0,0.02,1
Mozambique_Flood_in_Mozambique_2013-01,2013-01-19,-24.801,32.677,5.0,28.8,24.2,94,17.8,8.0,2.89,56.0,0.02,1
Mozambique_Flood_in_Mozambique_2013-01,2013-01-20,-24.801,32.677,23.3,25.4,23.4,96,23.4,23.0,1.34,56.0,0.02,1
Mozambique_Flood_in_Mozambique_2013-01,2013-01-21,-24.801,32.677,77.0,24.4,23.2,95,30.5,21.0,1.24,56.0,0.02,1
Sierra Leone_Flood_in_Sierra_Leon_2017-08,2017-08-14,8.434,-13.224,24.8,26.5,21.2,99,10.7,20.0,2.87,324.0,39.64,1
Sierra Leone_Flood_in_Sierra_Leon_2017-08,2017-08-15,8.434,-13.224,11.5,24.6,22.2,97,13.0,16.0,2.02,324.0,28.17,1
Bangladesh_Flood_in_Bangladesh_2017-06,2017-06-12,22.283,92.089,236.6,27.1,25.6,97,43.3,24.0,1.1,85.0,0.66,1
Bangladesh_Flood_in_Bangladesh_2017-06,2017-06-13,22.283,92.089,87.6,28.5,24.8,100,29.1,23.0,1.42,85.0,0.72,1
Bangladesh_Flood_in_Bangladesh_2017-06,2017-06-14,22.283,92.089,10.6,27.7,24.3,99,14.8,19.0,1.52,85.0,0.78,1
Sri Lanka_Flood_in_Sri_Lanka_2017-05,2017-05-25,6.59,80.614,3.6,28.2,23.8,100,25.3,18.0,2.32,150.0,0.87,1
Sri Lanka_Flood_in_Sri_Lanka_2017-05,2017-05-26,6.59,80.614,5.8,26.6,23.4,100,23.6,21.0,1.38,150.0,0.94,1
Sri Lanka_Flood_in_Sri_Lanka_2017-05,2017-05-27,6.59,80.614,3.9,28.9,23.8,100,30.1,20.0,3.43,150.0,0.94,1
Sri Lanka_Flood_in_Sri_Lanka_2017-05,2017-05-28,6.59,80.614,8.3,29.4,24.4,98,29.8,21.0,3.84,150.0,0.94,1
Colombia_Flood_in_Colombia_2017-04,2017-04-01,1.138,-76.643,30.6,26.4,19.6,100,5.5,14.0,2.55,573.0,517.8,1
Colombia_Flood_in_Colombia_2017-04,2017-04-02,1.138,-76.643,0.7,27.5,18.6,95,6.4,3.0,3.64,573.0,443.63,1
Peru_Flood_in_Peru_2017-03,2017-03-03,-11.904,-75.423,9.1,10.0,6.0,91,8.4,15.0,1.66,3752.0,1.65,1
Peru_Flood_in_Peru_2017-03,2017-03-04,-11.904,-75.423,5.9,14.8,6.2,96,8.0,10.0,3.62,3752.0,1.69,1
Peru_Flood_in_Peru_2017-03,2017-03-05,-11.904,-75.423,1.9,15.4,5.5,98,10.4,4.0,3.87,3752.0,1.69,1
Peru_Flood_in_Peru_2017-03,2017-03-06,-11.904,-75.423,0.9,14.3,4.1,95,14.6,7.0,3.66,3752.0,1.65,1
Peru_Flood_in_Peru_2017-03,2017-03-07,-11.904,-75.423,3.4,14.2,5.7,96,7.6,9.0,3.61,3752.0,1.65,1
Madagascar_Flood_in_Madagascar_2017-03,2017-03-07,-16.91,49.181,178.9,22.1,20.1,100,30.8,24.0,0.44,548.0,21.08,1
Madagascar_Flood_in_Madagascar_2017-03,2017-03-08,-16.91,49.181,140.2,22.0,20.7,100,38.0,24.0,0.43,548.0,33.28,1
Madagascar_Flood_in_Madagascar_2017-03,2017-03-09,-16.91,49.181,1.5,29.4,20.2,100,23.0,5.0,3.99,548.0,17.11,1
Madagascar_Flood_in_Madagascar_2017-03,2017-03-10,-16.91,49.181,0.6,31.4,21.4,86,19.2,2.0,5.82,548.0,8.91,1
Madagascar_Flood_in_Madagascar_2017-03,2017-03-11,-16.91,49.181,3.2,29.5,21.0,98,15.6,8.0,4.36,548.0,5.07,1
Philippines_Flood_in_Philippines_2017-01,2017-01-16,7.871,122.727,27.4,26.5,22.8,100,25.7,17.0,1.56,136.0,6.94,1
Philippines_Flood_in_Philippines_2017-01,2017-01-17,7.871,122.727,4.8,28.1,22.7,97,12.5,15.0,2.39,136.0,8.06,1
Philippines_Flood_in_Philippines_2017-01,2017-01-18,7.871,122.727,6.4,27.6,22.7,97,22.1,14.0,2.82,136.0,7.99,1
Philippines_Flood_in_Philippines_2017-01,2017-01-19,7.871,122.727,9.5,26.9,23.0,99,19.8,21.0,1.68,136.0,7.87,1
Philippines_Flood_in_Philippines_2017-01,2017-01-20,7.871,122.727,4.5,27.3,22.5,98,15.9,6.0,2.73,136.0,8.46,1
Thailand_Flood_in_Thailand_2016-12,2016-12-31,7.305,100.061,8.4,26.5,23.5,96,20.3,22.0,1.99,68.0,0.73,1
Thailand_Flood_in_Thailand_2016-12,2017-01-01,7.305,100.061,34.8,25.9,23.4,98,13.2,24.0,1.71,68.0,1.75,1
Thailand_Flood_in_Thailand_2016-12,2017-01-02,7.305,100.061,43.6,26.6,23.2,99,14.5,24.0,2.2,68.0,2.27,1
Thailand_Flood_in_Thailand_2016-12,2017-01-03,7.305,100.061,29.8,25.8,23.2,99,9.2,24.0,1.33,68.0,3.36,1
Thailand_Flood_in_Thailand_2016-12,2017-01-04,7.305,100.061,50.8,27.0,23.0,100,11.6,24.0,1.84,68.0,4.6,1
Vietnam_Flood_in_Vietnam_2016-10,2016-10-09,16.004,107.68,1.3,24.5,17.9,98,9.7,7.0,3.57,1028.0,0.91,1
Vietnam_Flood_in_Vietnam_2016-10,2016-10-10,16.004,107.68,3.4,24.4,17.8,99,7.2,11.0,3.53,1028.0,0.68,1
Vietnam_Flood_in_Vietnam_2016-10,2016-10-11,16.004,107.68,37.2,22.0,19.0,99,7.0,15.0,1.74,1028.0,2.61,1
Vietnam_Flood_in_Vietnam_2016-10,2016-10-12,16.004,107.68,9.0,23.4,18.7,98,8.7,24.0,2.39,1028.0,8.14,1
Vietnam_Flood_in_Vietnam_2016-10,2016-10-13,16.004,107.68,22.6,20.5,18.9,98,11.4,20.0,0.88,1028.0,3.86,1
USA_Flood_in_USA_2016-10,2016-10-05,33.032,-80.895,0.0,27.2,18.6,80,23.8,0.0,3.58,38.0,0.18,1
USA_Flood_in_USA_2016-10,2016-10-06,33.032,-80.895,0.0,25.1,19.1,81,24.8,0.0,3.03,38.0,0.15,1
USA_Flood_in_USA_2016-10,2016-10-07,33.032,-80.895,38.0,23.8,20.8,100,39.3,15.0,0.78,38.0,0.14,1
USA_Flood_in_USA_2016-10,2016-10-08,33.032,-80.895,107.7,22.7,21.2,100,45.3,18.0,0.92,38.0,17.79,1
USA_Flood_in_USA_2016-10,2016-10-09,33.032,-80.895,0.0,23.3,17.3,72,19.0,0.0,4.82,38.0,15.14,1
Thailand_Flood_in_Thailand_2016-10,2016-10-06,14.867,100.395,13.2,29.7,24.4,97,6.4,17.0,2.41,10.0,3818.44,1
Thailand_Flood_in_Thailand_2016-10,2016-10-07,14.867,100.395,9.8,28.4,24.4,98,7.4,19.0,2.26,10.0,3916.42,1
Thailand_Flood_in_Thailand_2016-10,2016-10-08,14.867,100.395,11.1,31.1,24.4,99,5.1,19.0,3.11,10.0,3989.25,1
Thailand_Flood_in_Thailand_2016-10,2016-10-09,14.867,100.395,4.9,31.5,24.6,98,6.6,7.0,3.78,10.0,3961.78,1
Thailand_Flood_in_Thailand_2016-10,2016-10-10,14.867,100.395,1.9,31.9,24.0,98,7.1,5.0,4.05,10.0,3853.78,1
India_Flood_in_India_2016-07,2016-07-15,25.61,85.19,18.5,32.0,26.6,97,7.6,16.0,3.41,58.0,19097.54,1
India_Flood_in_India_2016-07,2016-07-16,25.61,85.19,7.9,30.8,26.3,96,16.6,18.0,2.14,58.0,19677.87,1
India_Flood_in_India_2016-07,2016-07-17,25.61,85.19,21.1,28.1,26.0,95,15.8,18.0,1.55,58.0,21133.88,1
India_Flood_in_India_2016-07,2016-07-18,25.61,85.19,11.2,29.6,26.2,95,16.4,13.0,2.12,58.0,22907.68,1
India_Flood_in_India_2016-07,2016-07-19,25.61,85.19,4.2,30.0,25.9,93,22.0,16.0,2.55,58.0,25175.77,1
Japan_Flood_in_Japan_2016-09,2016-09-20,36.207,137.374,72.5,18.9,15.6,99,9.2,23.0,0.67,856.0,20.23,1
Japan_Flood_in_Japan_2016-09,2016-09-21,36.207,137.374,1.6,20.9,15.0,98,5.6,10.0,1.54,856.0,16.91,1
Japan_Flood_in_Japan_2016-09,2016-09-22,36.207,137.374,34.3,21.3,16.0,99,5.7,21.0,1.38,856.0,9.42,1
North Korea_Flood_in_North_Korea_2016-09,2016-09-05,41.084,128.813,1.1,20.2,11.7,100,6.9,5.0,2.86,1456.0,9.0,1
North Korea_Flood_in_North_Korea_2016-09,2016-09-06,41.084,128.813,0.0,19.4,9.5,99,8.1,0.0,2.97,1456.0,7.09,1
North Korea_Flood_in_North_Korea_2016-09,2016-09-07,41.084,128.813,0.7,16.7,9.2,99,7.7,4.0,1.99,1456.0,5.7,1
North Korea_Flood_in_North_Korea_2016-09,2016-09-08,41.084,128.813,21.6,13.9,10.4,100,6.1,16.0,0.99,1456.0,15.87,1
North Korea_Flood_in_North_Korea_2016-09,2016-09-09,41.084,128.813,11.8,13.4,10.2,100,8.1,19.0,0.97,1456.0,11.59,1
China_Flood_in_China_2016-06,2016-06-28,27.976,114.239,0.0,31.3,23.4,100,9.0,0.0,4.0,369.0,1.33,1
China_Flood_in_China_2016-06,2016-06-29,27.976,114.239,4.9,30.5,24.1,97,8.8,10.0,2.91,369.0,1.12,1
China_Flood_in_China_2016-06,2016-06-30,27.976,114.239,6.3,31.1,23.6,98,10.2,6.0,3.46,369.0,1.11,1
China_Flood_in_China_2016-06,2016-07-01,27.976,114.239,2.8,31.6,24.1,94,9.7,7.0,3.14,369.0,1.16,1
China_Flood_in_China_2016-06,2016-07-02,27.976,114.239,25.0,26.9,23.7,95,6.8,18.0,1.33,369.0,1.42,1
Pakistan_Flood_in_Pakistan_2016-03,2016-03-12,33.054,71.779,14.5,15.5,13.3,92,15.8,20.0,1.31,311.0,0.0,1
Pakistan_Flood_in_Pakistan_2016-03,2016-03-13,33.054,71.779,10.4,15.8,12.6,90,15.9,17.0,1.38,311.0,0.02,1
Pakistan_Flood_in_Pakistan_2016-03,2016-03-14,33.054,71.779,0.4,19.3,10.8,94,11.6,1.0,2.76,311.0,0.0,1
Pakistan_Flood_in_Pakistan_2016-03,2016-03-15,33.054,71.779,0.0,21.2,11.3,99,9.9,0.0,3.03,311.0,0.0,1
Pakistan_Flood_in_Pakistan_2016-03,2016-03-16,33.054,71.779,8.9,21.7,13.0,89,15.7,7.0,2.64,311.0,0.0,1
India_Flood_in_India_2019-06,2019-06-25,16.1998,77.3441,8.7,32.5,24.8,88,11.8,10.0,4.62,398.0,0.16,1
India_Flood_in_India_2019-06,2019-06-26,16.1998,77.3441,5.3,32.6,24.0,92,17.6,8.0,5.0,398.0,0.12,1
India_Flood_in_India_2019-06,2019-06-27,16.1998,77.3441,4.2,32.5,24.7,82,21.2,6.0,5.34,398.0,0.09,1
India_Flood_in_India_2019-06,2019-06-28,16.1998,77.3441,5.5,32.0,25.0,83,28.7,10.0,5.3,398.0,0.09,1
India_Flood_in_India_2019-06,2019-06-29,16.1998,77.3441,5.2,30.1,24.3,92,24.0,15.0,3.13,398.0,0.16,1
China_Flood_in_China_2019-06,2019-06-05,23.7331,108.823,12.0,28.8,24.9,94,26.3,15.0,3.42,314.0,2166.7,1
"Iran, Islamic Republic of_Flood_in_Iran,_Islam_2019-03",2019-03-04,28.289,59.648,0.0,19.8,10.3,77,28.1,0.0,4.28,830.0,0.0,1
"Iran, Islamic Republic of_Flood_in_Iran,_Islam_2019-03",2019-03-05,28.289,59.648,0.0,20.0,10.9,79,36.7,0.0,4.68,830.0,0.0,1
"Iran, Islamic Republic of_Flood_in_Iran,_Islam_2019-03",2019-03-06,28.289,59.648,0.0,21.2,8.6,53,16.3,0.0,4.75,830.0,0.0,1
"Iran, Islamic Republic of_Flood_in_Iran,_Islam_2019-03",2019-03-07,28.289,59.648,0.1,20.6,12.5,60,30.2,1.0,5.44,830.0,0.0,1
"Iran, Islamic Republic of_Flood_in_Iran,_Islam_2019-03",2019-03-08,28.289,59.648,0.0,23.2,9.1,46,31.2,0.0,5.45,830.0,0.0,1
Mozambique_Flood_in_Mozambique_2019-03,2019-03-09,-15.178,36.432,0.2,28.5,19.1,95,13.3,1.0,4.95,657.0,18.77,1
Mozambique_Flood_in_Mozambique_2019-03,2019-03-10,-15.178,36.432,0.0,29.5,17.7,97,16.8,0.0,5.26,657.0,14.7,1
Mozambique_Flood_in_Mozambique_2019-03,2019-03-11,-15.178,36.432,0.0,28.3,19.5,96,15.5,0.0,5.0,657.0,12.15,1
Mozambique_Flood_in_Mozambique_2019-03,2019-03-12,-15.178,36.432,1.9,27.2,19.7,93,18.3,5.0,4.96,657.0,10.48,1
Mozambique_Flood_in_Mozambique_2019-03,2019-03-13,-15.178,36.432,0.0,28.0,19.4,96,11.2,0.0,4.22,657.0,9.21,1
Zimbabwe_Flood_in_Zimbabwe_2019-03,2019-03-14,-19.427,32.241,0.5,29.8,19.0,81,26.1,2.0,5.26,764.0,0.0,1
Zimbabwe_Flood_in_Zimbabwe_2019-03,2019-03-15,-19.427,32.241,126.0,21.5,20.1,96,51.6,24.0,0.95,764.0,0.0,1
Zimbabwe_Flood_in_Zimbabwe_2019-03,2019-03-16,-19.427,32.241,85.2,22.0,20.0,99,30.8,24.0,0.91,764.0,4.43,1
Zimbabwe_Flood_in_Zimbabwe_2019-03,2019-03-17,-19.427,32.241,68.9,24.8,19.5,99,17.5,24.0,1.56,764.0,15.98,1
Zimbabwe_Flood_in_Zimbabwe_2019-03,2019-03-18,-19.427,32.241,13.7,26.2,19.6,99,20.0,16.0,2.12,764.0,25.73,1
Indonesia_Flood_in_Indonesia_2019-03,2019-03-16,-4.845,138.704,21.6,30.6,22.6,100,8.0,9.0,3.24,27.0,233.96,1
Indonesia_Flood_in_Indonesia_2019-03,2019-03-17,-4.845,138.704,9.3,29.4,22.6,100,8.4,15.0,2.77,27.0,209.86,1
Indonesia_Flood_in_Indonesia_2019-03,2019-03-18,-4.845,138.704,2.3,29.9,23.0,100,10.2,8.0,2.93,27.0,193.54,1
Indonesia_Flood_in_Indonesia_2019-03,2019-03-19,-4.845,138.704,1.2,29.5,23.0,100,12.8,3.0,3.09,27.0,185.21,1
Indonesia_Flood_in_Indonesia_2019-03,2019-03-20,-4.845,138.704,1.1,33.0,22.0,100,11.9,2.0,5.21,27.0,170.4,1
Malawi_Flood_in_Malawi_2019-03,2019-03-04,-15.38,35.122,1.2,27.2,21.3,98,17.9,9.0,3.45,540.0,0.97,1
Malawi_Flood_in_Malawi_2019-03,2019-03-05,-15.38,35.122,29.0,24.6,21.5,98,20.7,21.0,1.53,540.0,1.47,1
Malawi_Flood_in_Malawi_2019-03,2019-03-06,-15.38,35.122,135.5,22.5,20.9,99,35.3,24.0,0.68,540.0,74.51,1
Malawi_Flood_in_Malawi_2019-03,2019-03-07,-15.38,35.122,114.6,23.0,20.9,98,29.0,24.0,1.25,540.0,57.08,1
Malawi_Flood_in_Malawi_2019-03,2019-03-08,-15.38,35.122,55.5,23.0,20.2,99,26.7,23.0,1.01,540.0,31.43,1
Brazil_Flood_in_Brazil_2019-01,2019-01-25,-20.135,-44.173,0.0,31.8,20.4,76,9.7,0.0,5.96,776.0,0.0,1
Brazil_Flood_in_Brazil_2019-01,2019-01-26,-20.135,-44.173,5.4,28.5,18.5,90,14.6,3.0,4.0,776.0,0.0,1
Brazil_Flood_in_Brazil_2019-01,2019-01-27,-20.135,-44.173,0.0,30.4,17.8,96,15.6,0.0,6.04,776.0,0.0,1
Brazil_Flood_in_Brazil_2019-01,2019-01-28,-20.135,-44.173,0.7,30.7,18.5,89,11.8,3.0,5.44,776.0,0.0,1
Brazil_Flood_in_Brazil_2019-01,2019-01-29,-20.135,-44.173,0.0,32.8,17.9,95,9.1,0.0,5.95,776.0,0.0,1
India_Flood_in_India_2018-08,2018-08-10,9.919,76.403,25.3,27.0,23.1,98,14.7,23.0,2.27,17.0,140.58,1
India_Flood_in_India_2018-08,2018-08-11,9.919,76.403,15.2,26.0,23.5,98,12.4,24.0,1.35,17.0,138.0,1
India_Flood_in_India_2018-08,2018-08-12,9.919,76.403,37.9,26.4,22.9,99,17.6,24.0,1.83,17.0,136.72,1
India_Flood_in_India_2018-08,2018-08-13,9.919,76.403,42.6,27.8,22.3,99,15.3,24.0,2.34,17.0,140.91,1
India_Flood_in_India_2018-08,2018-08-14,9.919,76.403,75.9,26.1,22.5,99,22.0,24.0,1.78,17.0,242.78,1
Nigeria_Flood_in_Nigeria_2018-08,2018-08-31,8.469,8.151,21.4,26.8,22.2,100,6.9,24.0,1.45,95.0,0.19,1
Nigeria_Flood_in_Nigeria_2018-08,2018-09-01,8.469,8.151,3.8,28.8,22.1,100,9.2,15.0,3.38,95.0,0.25,1
Nigeria_Flood_in_Nigeria_2018-08,2018-09-02,8.469,8.151,17.0,28.5,22.2,100,9.9,17.0,2.27,95.0,0.26,1
Nigeria_Flood_in_Nigeria_2018-08,2018-09-03,8.469,8.151,9.7,28.5,21.9,100,9.5,17.0,3.5,95.0,0.3,1
Nigeria_Flood_in_Nigeria_2018-08,2018-09-04,8.469,8.151,2.9,30.9,22.5,97,15.8,8.0,4.09,95.0,0.3,1
Laos_Flood_in_Laos_2018-07,2018-07-23,14.773,106.495,82.3,23.2,19.5,100,13.2,24.0,1.64,759.0,11.47,1
Laos_Flood_in_Laos_2018-07,2018-07-24,14.773,106.495,43.3,24.0,19.8,100,10.9,24.0,2.19,759.0,11.97,1
Laos_Flood_in_Laos_2018-07,2018-07-25,14.773,106.495,51.1,24.2,19.7,100,10.0,24.0,2.45,759.0,10.94,1
Laos_Flood_in_Laos_2018-07,2018-07-26,14.773,106.495,16.7,24.8,20.0,100,8.8,19.0,2.43,759.0,7.24,1
Japan_Flood_in_Japan_2018-07,2018-07-05,34.667,132.488,57.3,22.7,20.0,100,17.1,24.0,0.84,504.0,47.31,1
Japan_Flood_in_Japan_2018-07,2018-07-06,34.667,132.488,143.0,20.3,18.7,100,10.6,24.0,0.43,504.0,200.37,1
Japan_Flood_in_Japan_2018-07,2018-07-07,34.667,132.488,77.7,22.1,17.9,100,30.0,14.0,2.12,504.0,150.36,1
Japan_Flood_in_Japan_2018-07,2018-07-08,34.667,132.488,36.5,23.0,17.8,100,22.1,19.0,1.99,504.0,40.02,1
Japan_Flood_in_Japan_2018-07,2018-07-09,34.667,132.488,0.0,27.8,20.2,98,15.5,0.0,4.71,504.0,12.84,1
India_Flood_in_India_2020-12,2020-12-02,11.1017,79.6525,38.5,24.8,23.0,96,23.4,24.0,1.01,17.0,5.98,1
India_Flood_in_India_2020-12,2020-12-03,11.1017,79.6525,71.1,25.5,23.7,96,27.4,24.0,0.89,17.0,10.38,1
India_Flood_in_India_2020-12,2020-12-04,11.1017,79.6525,45.9,25.9,24.0,96,18.7,24.0,0.8,17.0,8.68,1
India_Flood_in_India_2020-12,2020-12-05,11.1017,79.6525,19.7,26.1,23.8,96,22.0,23.0,1.17,17.0,9.76,1
India_Flood_in_India_2020-12,2020-12-06,11.1017,79.6525,33.0,27.0,23.4,98,14.9,24.0,1.39,17.0,9.05,1
"Costa Rica, Guatemala, Honduras, Jamaica, Mexico, Nicaragua, Panama, Trinidad and Tobago, United States_Flood_in_Costa_Rica,_2020-11",2020-11-03,13.7573,-84.7503,82.9,23.3,21.8,99,30.6,24.0,0.55,290.0,3.13,1
"Costa Rica, Guatemala, Honduras, Jamaica, Mexico, Nicaragua, Panama, Trinidad and Tobago, United States_Flood_in_Costa_Rica,_2020-11",2020-11-04,13.7573,-84.7503,54.1,23.9,22.4,100,26.5,24.0,1.15,290.0,6.6,1
"Costa Rica, Guatemala, Honduras, Jamaica, Mexico, Nicaragua, Panama, Trinidad and Tobago, United States_Flood_in_Costa_Rica,_2020-11",2020-11-05,13.7573,-84.7503,53.0,26.6,21.8,100,16.3,21.0,2.21,290.0,4.33,1
"Costa Rica, Guatemala, Honduras, Jamaica, Mexico, Nicaragua, Panama, Trinidad and Tobago, United States_Flood_in_Costa_Rica,_2020-11",2020-11-06,13.7573,-84.7503,20.9,26.8,21.6,100,16.9,15.0,2.1,290.0,4.81,1
"Costa Rica, Guatemala, Honduras, Jamaica, Mexico, Nicaragua, Panama, Trinidad and Tobago, United States_Flood_in_Costa_Rica,_2020-11",2020-11-07,13.7573,-84.7503,1.9,28.6,21.3,99,12.3,8.0,3.4,290.0,3.51,1
Philippines_Flood_in_Philippines_2020-11,2020-11-11,14.6089,121.0222,44.3,28.2,24.4,96,49.5,14.0,2.05,6.0,367.98,1
Philippines_Flood_in_Philippines_2020-11,2020-11-01,13.5355,123.355,124.0,26.7,24.6,96,97.3,21.0,1.38,31.0,8.75,1
Philippines_Flood_in_Philippines_2020-10,2020-10-20,18.2489,121.8801,26.2,26.8,25.2,95,31.2,24.0,1.27,1.0,1.52,1
Nigeria_Flood_in_Nigeria_2020-10,2020-10-06,12.4675,8.865,4.1,34.7,22.4,92,14.7,2.0,5.08,397.0,0.01,1
South Sudan_Flood_in_South_Sudan_2020-07,2020-07-28,6.2124,31.564,11.9,24.9,22.5,96,9.1,17.0,1.87,425.0,0.0,1
South Sudan_Flood_in_South_Sudan_2020-07,2020-07-29,6.2124,31.564,2.4,29.9,22.5,97,9.5,7.0,3.56,425.0,0.0,1
South Sudan_Flood_in_South_Sudan_2020-07,2020-07-30,6.2124,31.564,0.2,30.8,21.7,97,5.0,2.0,4.58,425.0,0.0,1
South Sudan_Flood_in_South_Sudan_2020-07,2020-07-31,6.2124,31.564,1.5,30.5,22.9,92,10.3,6.0,4.12,425.0,0.0,1
South Sudan_Flood_in_South_Sudan_2020-07,2020-08-01,6.2124,31.564,9.7,31.1,22.8,96,7.9,8.0,3.83,425.0,0.0,1
China_Flood_in_China_2020-08,2020-08-11,30.5751,104.0662,118.6,26.7,24.2,96,31.7,22.0,0.74,485.0,88.54,1
Myanmar_Flood_in_Myanmar_2020-07,2020-07-02,25.6147,96.2977,27.9,27.3,23.7,100,5.2,24.0,2.43,360.0,248.46,1
Myanmar_Flood_in_Myanmar_2020-07,2020-07-03,25.6147,96.2977,20.0,29.6,23.6,100,5.9,24.0,2.85,360.0,234.5,1
China_Flood_in_China_2020-06,2020-06-21,27.612,111.8403,0.1,33.2,24.8,98,10.3,1.0,4.39,124.0,12.93,1
China_Flood_in_China_2020-06,2020-06-22,27.612,111.8403,15.6,32.7,24.3,99,12.6,11.0,3.83,124.0,14.0,1
China_Flood_in_China_2020-06,2020-06-23,27.612,111.8403,21.5,26.0,22.6,98,7.8,18.0,1.42,124.0,21.49,1
China_Flood_in_China_2020-06,2020-06-24,27.612,111.8403,30.1,24.8,22.8,99,6.0,21.0,1.31,124.0,50.4,1
China_Flood_in_China_2020-06,2020-06-25,27.612,111.8403,1.2,30.8,23.2,99,10.9,6.0,4.4,124.0,56.41,1
Somalia_Flood_in_Somalia_2020-05,2020-05-21,2.0428,45.3386,2.0,29.6,25.5,87,29.1,12.0,4.96,31.0,,1
Somalia_Flood_in_Somalia_2020-05,2020-05-22,2.0428,45.3386,1.0,28.6,24.5,90,28.8,10.0,4.59,31.0,,1
Somalia_Flood_in_Somalia_2020-05,2020-05-23,2.0428,45.3386,1.9,28.8,24.4,92,31.9,11.0,4.4,31.0,,1
Somalia_Flood_in_Somalia_2020-05,2020-05-24,2.0428,45.3386,1.3,29.4,25.2,89,29.7,10.0,4.64,31.0,,1
Somalia_Flood_in_Somalia_2020-05,2020-05-25,2.0428,45.3386,1.4,29.3,25.1,92,25.2,11.0,4.37,31.0,,1
Philippines_Flood_in_Philippines_2020-05,2020-05-14,11.4999,125.5005,12.1,28.9,25.7,94,32.6,21.0,1.95,7.0,,1
Uganda_Flood_in_Uganda_2020-05,2020-05-01,1.3517,34.5636,26.2,15.5,10.5,100,10.0,23.0,2.16,2682.0,1.88,1
Uganda_Flood_in_Uganda_2020-05,2020-05-02,1.3517,34.5636,24.6,15.6,9.5,100,14.5,11.0,2.22,2682.0,5.5,1
Uganda_Flood_in_Uganda_2020-05,2020-05-03,1.3517,34.5636,12.1,16.0,10.8,100,16.0,14.0,2.0,2682.0,3.53,1
Uganda_Flood_in_Uganda_2020-05,2020-05-04,1.3517,34.5636,3.2,17.1,9.4,93,13.0,7.0,3.24,2682.0,2.97,1
Uganda_Flood_in_Uganda_2020-05,2020-05-05,1.3517,34.5636,3.9,17.2,10.1,95,15.8,8.0,2.99,2682.0,2.78,1
Kenya_Flood_in_Kenya_2020-04,2020-04-18,2.7656,35.5977,16.8,28.6,22.3,91,16.0,14.0,3.9,746.0,0.0,1
Kenya_Flood_in_Kenya_2020-04,2020-04-19,2.7656,35.5977,7.0,27.1,22.5,90,18.1,7.0,2.76,746.0,0.0,1
Kenya_Flood_in_Kenya_2020-04,2020-04-20,2.7656,35.5977,6.2,27.7,22.5,92,12.7,6.0,3.46,746.0,0.0,1
Kenya_Flood_in_Kenya_2020-04,2020-04-21,2.7656,35.5977,0.2,28.2,21.9,94,11.5,2.0,3.9,746.0,0.0,1
Kenya_Flood_in_Kenya_2020-04,2020-04-22,2.7656,35.5977,14.5,26.5,22.2,93,12.8,9.0,2.53,746.0,0.0,1
Somalia_Flood_in_Somalia_2020-04,2020-04-20,0.515,42.0757,3.8,32.0,24.6,94,15.1,9.0,3.97,20.0,0.0,1
Indonesia_Flood_in_Indonesia_2019-12,2019-12-31,-0.5023,117.1229,1.5,31.0,24.0,97,15.6,7.0,4.15,5.0,4284.48,1
Indonesia_Flood_in_Indonesia_2019-12,2020-01-01,-0.5023,117.1229,13.4,31.9,23.4,99,15.1,8.0,3.75,5.0,3998.45,1
Indonesia_Flood_in_Indonesia_2019-12,2020-01-02,-0.5023,117.1229,10.0,30.9,24.0,99,8.1,10.0,3.53,5.0,3827.25,1
Indonesia_Flood_in_Indonesia_2019-12,2020-01-03,-0.5023,117.1229,18.1,27.4,23.5,100,6.9,21.0,2.4,5.0,3907.41,1
Indonesia_Flood_in_Indonesia_2019-12,2020-01-04,-0.5023,117.1229,13.1,31.6,22.8,100,9.9,9.0,3.55,5.0,4274.63,1
Philippines_Flood_in_Philippines_2019-12,2019-12-02,17.4136,121.444,5.7,23.4,20.8,95,24.7,21.0,1.16,186.0,1.06,1
Philippines_Flood_in_Philippines_2019-12,2019-12-03,17.4136,121.444,22.6,22.5,20.1,97,26.7,24.0,1.14,186.0,3.94,1
Philippines_Flood_in_Philippines_2019-12,2019-12-04,17.4136,121.444,104.7,22.9,20.9,100,19.9,24.0,0.51,186.0,6.59,1
Philippines_Flood_in_Philippines_2019-12,2019-12-05,17.4136,121.444,4.5,24.1,21.9,99,15.5,15.0,1.53,186.0,5.82,1
Uganda_Flood_in_Uganda_2019-12,2019-12-03,0.9221,33.9506,43.1,24.6,19.0,100,7.8,16.0,2.16,1076.0,59.53,1
"Bangladesh, India_Flood_in_Bangladesh,_2019-11",2019-11-09,22.701,90.3538,38.3,25.6,23.4,95,21.5,24.0,0.9,5.0,1.25,1
"Bangladesh, India_Flood_in_Bangladesh,_2019-11",2019-11-10,22.701,90.3538,152.4,25.0,23.0,96,43.7,20.0,0.63,5.0,4.11,1
"Bangladesh, India_Flood_in_Bangladesh,_2019-11",2019-11-11,22.701,90.3538,0.5,28.0,22.8,95,17.4,5.0,2.06,5.0,4.58,1
"Bangladesh, India_Flood_in_Bangladesh,_2019-11",2019-11-12,22.701,90.3538,0.0,28.7,20.6,98,10.6,0.0,3.27,5.0,3.21,1
Nigeria_Flood_in_Nigeria_2019-10,2019-10-23,12.1943,14.3676,0.0,34.0,24.1,92,10.2,0.0,4.81,289.0,0.07,1
Nigeria_Flood_in_Nigeria_2019-10,2019-10-24,12.1943,14.3676,2.5,33.3,24.6,94,11.3,2.0,4.17,289.0,0.07,1
Nigeria_Flood_in_Nigeria_2019-10,2019-10-25,12.1943,14.3676,0.0,34.8,23.8,94,12.0,0.0,4.79,289.0,0.07,1
Nigeria_Flood_in_Nigeria_2019-10,2019-10-26,12.1943,14.3676,0.0,34.2,24.2,91,10.9,0.0,4.16,289.0,0.07,1
Nigeria_Flood_in_Nigeria_2019-10,2019-10-27,12.1943,14.3676,0.0,34.3,24.7,85,13.0,0.0,4.0,289.0,0.06,1
South Sudan_Flood_in_South_Sudan_2019-10,2019-10-01,9.9656,33.808,0.0,30.2,21.6,99,7.6,0.0,3.79,460.0,40.88,1
South Sudan_Flood_in_South_Sudan_2019-10,2019-10-02,9.9656,33.808,0.1,32.8,22.5,92,11.5,1.0,4.44,460.0,41.85,1
South Sudan_Flood_in_South_Sudan_2019-10,2019-10-03,9.9656,33.808,0.2,31.0,22.0,97,9.9,2.0,3.62,460.0,42.55,1
South Sudan_Flood_in_South_Sudan_2019-10,2019-10-04,9.9656,33.808,7.1,31.6,22.2,97,18.1,6.0,3.79,460.0,44.71,1
South Sudan_Flood_in_South_Sudan_2019-10,2019-10-05,9.9656,33.808,6.0,29.7,22.8,97,7.9,10.0,3.44,460.0,47.53,1
Somalia_Flood_in_Somalia_2019-10,2019-10-20,7.9875,49.6873,1.0,30.2,23.1,97,18.0,6.0,4.45,217.0,0.0,1
Japan_Flood_in_Japan_2019-10,2019-10-11,35.6762,139.6501,26.6,22.1,16.5,98,22.9,19.0,1.38,37.0,5.49,1
Japan_Flood_in_Japan_2019-10,2019-10-12,35.6762,139.6501,150.5,25.1,21.0,98,91.0,24.0,1.15,37.0,12.06,1
Japan_Flood_in_Japan_2019-10,2019-10-13,35.6762,139.6501,2.1,27.5,17.8,80,45.4,1.0,4.91,37.0,3.54,1
Japan_Flood_in_Japan_2019-10,2019-10-14,35.6762,139.6501,10.0,18.4,15.1,91,23.6,15.0,1.52,37.0,1.94,1
Japan_Flood_in_Japan_2019-10,2019-10-15,35.6762,139.6501,0.4,20.6,15.9,90,22.7,2.0,1.92,37.0,1.06,1
"British Virgin Islands, The Bahamas_Flood_in_British_Vir_2019-08",2019-08-28,26.7067,-78.8721,2.9,30.0,27.0,86,16.0,10.0,4.87,0.0,,1
China_Flood_in_China_2019-07,2019-07-31,30.6692,104.1219,0.5,29.8,21.5,100,5.8,5.0,4.19,498.0,1.94,1
China_Flood_in_China_2019-07,2019-08-01,30.6692,104.1219,5.6,29.5,22.8,98,9.2,15.0,3.97,498.0,2.08,1
China_Flood_in_China_2019-07,2019-08-02,30.6692,104.1219,8.4,28.0,23.1,98,15.1,17.0,2.94,498.0,4.31,1
China_Flood_in_China_2019-07,2019-08-03,30.6692,104.1219,28.1,28.5,22.9,96,13.8,19.0,2.63,498.0,2.22,1
China_Flood_in_China_2019-07,2019-08-04,30.6692,104.1219,5.3,28.4,22.0,100,9.1,13.0,3.16,498.0,2.67,1
India_Flood_in_India_2019-08,2019-08-06,19.3893,85.052,88.8,27.7,25.9,97,18.8,24.0,1.35,4.0,,1
Myanmar_Flood_in_Myanmar_2019-07,2019-07-14,16.8222,96.3476,19.8,29.5,25.1,96,16.1,23.0,2.65,4.0,4.08,1
Myanmar_Flood_in_Myanmar_2019-07,2019-07-15,16.8222,96.3476,39.6,30.0,24.9,97,17.2,20.0,2.01,4.0,5.28,1
Myanmar_Flood_in_Myanmar_2019-07,2019-07-16,16.8222,96.3476,9.0,29.5,24.9,97,18.1,19.0,2.98,4.0,5.44,1
Myanmar_Flood_in_Myanmar_2019-07,2019-07-17,16.8222,96.3476,13.6,30.2,24.6,98,19.4,11.0,3.65,4.0,4.69,1
Myanmar_Flood_in_Myanmar_2019-07,2019-07-18,16.8222,96.3476,5.8,31.4,24.9,97,16.4,13.0,4.31,4.0,3.89,1
Pakistan_Flood_in_Pakistan_2019-07,2019-07-14,33.6811,70.3239,0.1,31.5,22.2,90,11.3,1.0,5.08,1154.0,0.0,1
Pakistan_Flood_in_Pakistan_2019-07,2019-07-15,33.6811,70.3239,0.1,29.7,21.6,83,10.8,1.0,4.88,1154.0,0.0,1
Pakistan_Flood_in_Pakistan_2019-07,2019-07-16,33.6811,70.3239,0.5,29.5,22.5,88,9.8,3.0,4.36,1154.0,0.0,1
Pakistan_Flood_in_Pakistan_2019-07,2019-07-17,33.6811,70.3239,6.5,29.5,22.0,91,8.9,7.0,4.31,1154.0,0.0,1
Pakistan_Flood_in_Pakistan_2019-07,2019-07-18,33.6811,70.3239,1.4,28.1,22.4,94,10.9,7.0,3.52,1154.0,0.0,1
Nepal_Flood_in_Nepal_2019-07,2019-07-08,27.9447,84.1495,42.0,26.3,22.1,100,4.7,19.0,2.52,895.0,2.77,1
Nepal_Flood_in_Nepal_2019-07,2019-07-09,27.9447,84.1495,51.1,23.7,21.3,100,4.0,24.0,1.21,895.0,3.24,1
Nepal_Flood_in_Nepal_2019-07,2019-07-10,27.9447,84.1495,19.8,25.0,20.8,100,4.7,24.0,1.67,895.0,3.11,1
Nepal_Flood_in_Nepal_2019-07,2019-07-11,27.9447,84.1495,104.4,25.2,21.1,100,4.7,23.0,1.51,895.0,4.31,1
Nepal_Flood_in_Nepal_2019-07,2019-07-12,27.9447,84.1495,208.2,22.2,20.4,100,15.9,24.0,0.72,895.0,13.35,1
Bangladesh_Flood_in_Bangladesh_2019-07,2019-07-08,24.4769,90.2932,23.3,30.4,25.8,97,16.7,22.0,2.45,19.0,46.42,1
Bangladesh_Flood_in_Bangladesh_2019-07,2019-07-09,24.4769,90.2932,29.3,30.2,25.8,98,18.4,19.0,2.44,19.0,48.43,1
Bangladesh_Flood_in_Bangladesh_2019-07,2019-07-10,24.4769,90.2932,39.1,30.5,26.5,96,21.5,18.0,2.29,19.0,51.12,1
Bangladesh_Flood_in_Bangladesh_2019-07,2019-07-11,24.4769,90.2932,53.3,30.7,26.2,97,20.1,24.0,2.33,19.0,54.98,1
Bangladesh_Flood_in_Bangladesh_2019-07,2019-07-12,24.4769,90.2932,13.9,30.9,26.6,96,18.9,22.0,2.48,19.0,58.02,1
Pakistan_Flood_in_Pakistan_2022-06,2022-06-14,36.0,75.0,0.0,0.1,-12.4,98,7.0,0.0,4.05,4749.0,0.03,1
Pakistan_Flood_in_Pakistan_2022-06,2022-06-15,36.0,75.0,0.0,0.1,-13.7,98,7.4,0.0,3.86,4749.0,0.03,1
Pakistan_Flood_in_Pakistan_2022-06,2022-06-16,36.0,75.0,1.4,0.4,-13.0,95,6.8,3.0,3.92,4749.0,0.03,1
Pakistan_Flood_in_Pakistan_2022-06,2022-06-17,36.0,75.0,0.1,-0.6,-5.9,94,4.5,1.0,3.76,4749.0,0.03,1
Pakistan_Flood_in_Pakistan_2022-06,2022-06-18,36.0,75.0,10.3,-1.6,-5.4,97,4.1,24.0,3.12,4749.0,0.03,1
China_Flood_in_China_2022-05,2022-05-26,23.7468,114.6954,35.1,28.3,23.4,99,7.9,23.0,2.85,48.0,1184.77,1
China_Flood_in_China_2022-05,2022-05-27,23.7468,114.6954,14.0,28.2,23.9,99,15.9,19.0,2.43,48.0,1424.61,1
China_Flood_in_China_2022-05,2022-05-28,23.7468,114.6954,15.0,28.5,23.1,98,16.6,20.0,3.33,48.0,1720.87,1
China_Flood_in_China_2022-05,2022-05-29,23.7468,114.6954,4.2,29.9,24.2,98,15.8,17.0,4.1,48.0,1744.82,1
China_Flood_in_China_2022-05,2022-05-30,23.7468,114.6954,5.1,30.0,24.4,98,10.2,8.0,4.3,48.0,1223.62,1
Brazil_Flood_in_Brazil_2022-05,2022-05-23,-7.0761,-36.0604,3.2,25.1,18.7,95,26.3,11.0,2.6,636.0,0.0,1
Brazil_Flood_in_Brazil_2022-05,2022-05-24,-7.0761,-36.0604,8.0,26.2,19.3,99,19.4,19.0,2.21,636.0,0.0,1
Brazil_Flood_in_Brazil_2022-05,2022-05-25,-7.0761,-36.0604,25.5,23.6,19.3,99,18.6,19.0,1.93,636.0,0.0,1
Brazil_Flood_in_Brazil_2022-05,2022-05-26,-7.0761,-36.0604,2.9,25.5,19.6,99,23.4,12.0,2.67,636.0,0.03,1
Philippines_Flood_in_Philippines_2022-04,2022-04-03,8.4007,124.71,24.9,25.3,21.6,98,9.4,22.0,2.06,450.0,3.09,1
Philippines_Flood_in_Philippines_2022-04,2022-04-04,8.4007,124.71,9.8,26.6,20.6,96,11.6,11.0,3.56,450.0,3.09,1
Philippines_Flood_in_Philippines_2022-04,2022-04-05,8.4007,124.71,57.4,25.2,21.2,97,9.4,20.0,1.51,450.0,3.09,1
Philippines_Flood_in_Philippines_2022-04,2022-04-06,8.4007,124.71,23.2,24.3,21.7,99,7.7,24.0,1.52,450.0,3.59,1
Philippines_Flood_in_Philippines_2022-04,2022-04-07,8.4007,124.71,42.3,26.4,21.5,99,11.6,24.0,2.22,450.0,3.79,1
South Africa_Flood_in_South_Afric_2022-04,2022-04-09,-29.8618,31.0099,14.9,21.0,16.5,95,14.9,21.0,1.47,9.0,46.1,1
South Africa_Flood_in_South_Afric_2022-04,2022-04-10,-29.8618,31.0099,18.9,20.1,16.5,95,10.5,23.0,0.95,9.0,56.28,1
South Africa_Flood_in_South_Afric_2022-04,2022-04-11,-29.8618,31.0099,100.7,20.7,17.2,94,24.2,24.0,0.6,9.0,246.74,1
"France, Madagascar, Mauritius_Flood_in_France,_Mad_2022-02",2022-02-01,-18.8041,47.2272,0.1,26.0,16.0,94,18.7,1.0,5.2,1278.0,0.05,1
"France, Madagascar, Mauritius_Flood_in_France,_Mad_2022-02",2022-02-02,-18.8041,47.2272,0.2,27.0,14.1,94,13.9,1.0,5.32,1278.0,0.03,1
"France, Madagascar, Mauritius_Flood_in_France,_Mad_2022-02",2022-02-03,-18.8041,47.2272,0.4,27.1,14.8,96,13.5,2.0,5.61,1278.0,0.03,1
"France, Madagascar, Mauritius_Flood_in_France,_Mad_2022-02",2022-02-04,-18.8041,47.2272,22.2,26.4,16.0,99,16.0,7.0,3.44,1278.0,0.28,1
"France, Madagascar, Mauritius_Flood_in_France,_Mad_2022-02",2022-02-05,-18.8041,47.2272,8.0,24.5,17.5,97,33.7,15.0,2.62,1278.0,0.52,1
Brazil_Flood_in_Brazil_2021-11,2021-11-08,-18.5265,-44.1589,8.7,30.5,20.7,93,11.6,6.0,4.14,568.0,39.74,1
Brazil_Flood_in_Brazil_2021-11,2021-11-09,-18.5265,-44.1589,20.9,29.7,20.2,97,16.6,13.0,4.0,568.0,56.02,1
Brazil_Flood_in_Brazil_2021-11,2021-11-10,-18.5265,-44.1589,11.9,29.0,20.4,98,14.3,9.0,4.22,568.0,69.63,1
Brazil_Flood_in_Brazil_2021-11,2021-11-11,-18.5265,-44.1589,33.1,23.5,20.5,100,5.2,24.0,1.46,568.0,84.11,1
Brazil_Flood_in_Brazil_2021-11,2021-11-12,-18.5265,-44.1589,14.6,26.0,19.5,100,13.3,15.0,1.93,568.0,122.88,1
Malaysia_Flood_in_Malaysia_2021-12,2021-12-17,4.8122,100.9798,20.8,25.4,22.6,99,8.2,18.0,1.24,144.0,6.13,1
Malaysia_Flood_in_Malaysia_2021-12,2021-12-18,4.8122,100.9798,25.0,25.8,22.5,99,6.4,23.0,0.98,144.0,8.1,1
Malaysia_Flood_in_Malaysia_2021-12,2021-12-19,4.8122,100.9798,29.9,24.1,21.8,100,4.4,17.0,1.22,144.0,8.51,1
India_Flood_in_India_2021-11,2021-11-14,15.9241,80.1864,14.1,28.9,23.0,100,10.6,13.0,2.38,19.0,1.94,1
India_Flood_in_India_2021-11,2021-11-15,15.9241,80.1864,9.3,28.3,23.9,97,13.3,14.0,2.15,19.0,1.92,1
India_Flood_in_India_2021-11,2021-11-16,15.9241,80.1864,8.1,29.3,23.5,99,14.4,21.0,2.6,19.0,1.89,1
India_Flood_in_India_2021-11,2021-11-17,15.9241,80.1864,8.8,30.0,23.6,98,16.8,11.0,2.94,19.0,1.86,1
India_Flood_in_India_2021-11,2021-11-18,15.9241,80.1864,15.9,27.4,23.5,95,20.4,18.0,1.73,19.0,1.86,1
India_Flood_in_India_2021-10,2021-10-12,30.0417,79.0897,0.0,21.6,12.3,84,9.8,0.0,3.6,2080.0,3.45,1
India_Flood_in_India_2021-10,2021-10-13,30.0417,79.0897,2.0,20.8,13.8,78,9.4,6.0,3.49,2080.0,3.33,1
India_Flood_in_India_2021-10,2021-10-14,30.0417,79.0897,0.0,22.2,13.4,80,12.3,0.0,3.87,2080.0,3.22,1
India_Flood_in_India_2021-10,2021-10-15,30.0417,79.0897,0.0,23.0,13.4,81,10.0,0.0,3.95,2080.0,3.11,1
India_Flood_in_India_2021-10,2021-10-16,30.0417,79.0897,0.0,22.9,14.0,75,11.4,0.0,4.0,2080.0,3.01,1
Nepal_Flood_in_Nepal_2021-10,2021-10-16,28.1084,84.0917,0.0,30.0,19.0,81,7.0,0.0,3.6,614.0,6.78,1
Nepal_Flood_in_Nepal_2021-10,2021-10-17,28.1084,84.0917,5.5,28.8,20.2,99,7.9,6.0,2.96,614.0,6.46,1
Nepal_Flood_in_Nepal_2021-10,2021-10-18,28.1084,84.0917,41.6,22.2,19.9,100,7.9,22.0,0.63,614.0,7.69,1
China_Flood_in_China_2021-09,2021-09-24,37.0,112.0,20.4,20.5,14.9,99,14.5,20.0,1.35,1047.0,0.31,1
China_Flood_in_China_2021-09,2021-09-25,37.0,112.0,19.2,19.9,13.8,98,20.4,9.0,1.45,1047.0,0.44,1
China_Flood_in_China_2021-09,2021-09-26,37.0,112.0,10.0,15.4,12.8,98,14.2,17.0,0.72,1047.0,0.59,1
China_Flood_in_China_2021-09,2021-09-27,37.0,112.0,0.0,19.6,11.8,90,13.3,0.0,2.25,1047.0,0.6,1
China_Flood_in_China_2021-09,2021-09-28,37.0,112.0,3.6,20.8,14.1,95,16.7,7.0,2.59,1047.0,0.56,1
India_Flood_in_India_2021-07,2021-07-24,31.2396,77.7198,4.6,23.4,17.1,93,7.4,14.0,2.74,2002.0,18.41,1
India_Flood_in_India_2021-07,2021-07-25,31.2396,77.7198,0.9,23.4,17.7,98,8.2,6.0,3.03,2002.0,18.72,1
India_Flood_in_India_2021-07,2021-07-26,31.2396,77.7198,5.7,23.1,19.0,98,7.4,20.0,2.21,2002.0,18.45,1
India_Flood_in_India_2021-07,2021-07-27,31.2396,77.7198,8.2,22.5,19.0,99,6.2,20.0,1.88,2002.0,19.56,1
India_Flood_in_India_2021-07,2021-07-28,31.2396,77.7198,46.1,21.4,18.6,96,4.3,24.0,1.17,2002.0,25.18,1
"China, Philippines, Taiwan_Flood_in_China,_Phil_2021-09",2021-09-06,17.674,121.8847,5.8,29.6,22.1,96,6.3,10.0,4.47,315.0,37.02,1
"China, Philippines, Taiwan_Flood_in_China,_Phil_2021-09",2021-09-07,17.674,121.8847,2.6,30.0,21.9,97,5.2,6.0,4.46,315.0,26.8,1
"China, Philippines, Taiwan_Flood_in_China,_Phil_2021-09",2021-09-08,17.674,121.8847,5.7,26.9,23.0,100,5.5,11.0,2.29,315.0,19.84,1
"China, Philippines, Taiwan_Flood_in_China,_Phil_2021-09",2021-09-09,17.674,121.8847,4.1,30.6,23.5,100,5.8,17.0,4.56,315.0,15.94,1
"China, Philippines, Taiwan_Flood_in_China,_Phil_2021-09",2021-09-10,17.674,121.8847,60.0,26.0,23.3,100,24.2,19.0,1.33,315.0,41.07,1
China_Flood_in_China_2021-08,2021-08-07,29.5647,106.5479,8.2,31.5,27.0,95,13.1,7.0,2.39,219.0,12444.14,1
China_Flood_in_China_2021-08,2021-08-08,29.5647,106.5479,31.3,29.2,25.5,98,10.1,19.0,2.07,219.0,13364.95,1
China_Flood_in_China_2021-08,2021-08-09,29.5647,106.5479,3.3,30.0,24.6,97,11.3,13.0,2.8,219.0,15702.63,1
China_Flood_in_China_2021-08,2021-08-10,29.5647,106.5479,13.1,30.5,25.4,98,9.7,13.0,3.31,219.0,16942.38,1
China_Flood_in_China_2021-08,2021-08-11,29.5647,106.5479,1.8,31.4,25.5,97,9.4,13.0,4.04,219.0,16942.38,1
Türkiye_Flood_in_Türkiye_2021-08,2021-08-10,41.8315,34.5954,22.4,23.2,16.8,100,25.0,20.0,2.97,723.0,0.89,1
Türkiye_Flood_in_Türkiye_2021-08,2021-08-11,41.8315,34.5954,40.7,19.0,17.1,100,23.2,24.0,0.85,723.0,1.09,1
Türkiye_Flood_in_Türkiye_2021-08,2021-08-12,41.8315,34.5954,21.2,21.1,17.1,98,22.7,14.0,2.24,723.0,1.47,1
Afghanistan_Flood_in_Afghanistan_2021-07,2021-07-28,35.4833,71.3145,5.8,24.9,16.6,100,9.2,11.0,5.12,2601.0,1.4,1
Afghanistan_Flood_in_Afghanistan_2021-07,2021-07-29,35.4833,71.3145,13.1,23.3,15.3,99,8.2,13.0,4.75,2601.0,1.39,1
Afghanistan_Flood_in_Afghanistan_2021-07,2021-07-30,35.4833,71.3145,7.3,22.1,15.4,98,7.5,11.0,4.41,2601.0,1.36,1
Afghanistan_Flood_in_Afghanistan_2021-07,2021-07-31,35.4833,71.3145,8.2,20.8,14.1,97,7.9,17.0,3.93,2601.0,1.4,1
China_Flood_in_China_2021-06,2021-06-20,37.87,112.5453,0.0,29.8,18.1,64,13.5,0.0,6.39,787.0,3.22,1
China_Flood_in_China_2021-06,2021-06-21,37.87,112.5453,0.0,30.0,18.0,53,20.9,0.0,6.26,787.0,3.19,1
China_Flood_in_China_2021-06,2021-06-22,37.87,112.5453,0.0,31.0,17.7,69,19.5,0.0,5.84,787.0,3.16,1
China_Flood_in_China_2021-06,2021-06-23,37.87,112.5453,0.0,31.8,18.2,71,24.4,0.0,5.32,787.0,3.16,1
China_Flood_in_China_2021-06,2021-06-24,37.87,112.5453,0.0,28.8,17.8,85,11.8,0.0,4.32,787.0,3.16,1
Belgium_Flood_in_Belgium_2021-07,2021-07-14,50.2592,4.9131,31.2,17.3,15.4,99,30.7,24.0,0.73,87.0,5.9,1
Belgium_Flood_in_Belgium_2021-07,2021-07-15,50.2592,4.9131,30.5,18.8,16.2,97,30.3,24.0,1.41,87.0,5.49,1
Belgium_Flood_in_Belgium_2021-07,2021-07-16,50.2592,4.9131,3.1,17.5,14.8,97,19.7,11.0,1.66,87.0,2.98,1
Germany_Flood_in_Germany_2021-07,2021-07-13,51.4789,7.5544,11.8,21.2,17.6,94,11.2,20.0,1.27,140.0,48.55,1
Germany_Flood_in_Germany_2021-07,2021-07-14,51.4789,7.5544,56.0,19.5,16.6,99,18.1,22.0,0.84,140.0,102.04,1
Germany_Flood_in_Germany_2021-07,2021-07-15,51.4789,7.5544,5.2,24.0,14.4,97,13.7,12.0,2.89,140.0,107.89,1
"Bangladesh, India_Flood_in_Bangladesh,_2021-05",2021-05-24,23.456,85.2557,0.0,32.8,22.2,78,21.3,0.0,6.76,694.0,0.44,1
"Bangladesh, India_Flood_in_Bangladesh,_2021-05",2021-05-25,23.456,85.2557,8.4,27.2,22.2,97,19.1,15.0,3.0,694.0,0.59,1
"Bangladesh, India_Flood_in_Bangladesh,_2021-05",2021-05-26,23.456,85.2557,74.3,22.5,21.4,99,32.2,24.0,0.67,694.0,18.86,1
"Bangladesh, India_Flood_in_Bangladesh,_2021-05",2021-05-27,23.456,85.2557,100.6,23.4,21.5,99,27.4,24.0,0.78,694.0,12.18,1
"Bangladesh, India_Flood_in_Bangladesh,_2021-05",2021-05-28,23.456,85.2557,9.4,29.5,21.8,98,25.4,10.0,4.45,694.0,6.57,1
India_Flood_in_India_2021-05,2021-05-11,10.8132,73.6805,16.1,29.3,26.7,90,12.0,20.0,2.94,17.0,,1
India_Flood_in_India_2021-05,2021-05-12,10.8132,73.6805,17.0,28.7,26.4,89,19.5,23.0,1.9,17.0,,1
India_Flood_in_India_2021-05,2021-05-13,10.8132,73.6805,8.8,29.0,27.2,89,35.0,20.0,3.75,17.0,,1
India_Flood_in_India_2021-05,2021-05-14,10.8132,73.6805,46.7,29.0,26.9,92,72.5,23.0,2.63,17.0,,1
India_Flood_in_India_2021-05,2021-05-15,10.8132,73.6805,29.7,29.2,27.2,90,72.7,22.0,4.92,17.0,,1
Indonesia_Flood_in_Indonesia_2021-04,2021-04-03,-8.5152,125.8376,94.6,25.4,23.5,97,20.0,24.0,2.06,331.0,5.97,1
Indonesia_Flood_in_Indonesia_2021-04,2021-04-04,-8.5152,125.8376,107.6,24.3,23.5,97,28.6,24.0,0.86,331.0,7.63,1
Indonesia_Flood_in_Indonesia_2021-04,2021-04-05,-8.5152,125.8376,41.1,25.7,23.0,97,19.7,24.0,2.0,331.0,8.35,1
Indonesia_Flood_in_Indonesia_2021-04,2021-04-06,-8.5152,125.8376,5.9,27.6,23.3,97,12.7,13.0,3.95,331.0,7.18,1
Indonesia_Flood_in_Indonesia_2021-04,2021-04-07,-8.5152,125.8376,2.3,27.8,22.0,92,10.3,9.0,3.78,331.0,5.93,1
India_Flood_in_India_2021-02,2021-02-07,30.2982,79.5672,0.0,12.4,-5.2,58,6.9,0.0,2.99,2396.0,1.44,1
"Eswatini, Madagascar, Mozambique, South Africa, Zimbabwe_Flood_in_Eswatini,_M_2021-01",2021-01-19,-14.9061,50.2781,183.6,27.2,25.4,90,63.9,23.0,2.18,7.0,,1
"Eswatini, Madagascar, Mozambique, South Africa, Zimbabwe_Flood_in_Eswatini,_M_2021-01",2021-01-20,-14.9061,50.2781,38.7,29.0,25.1,97,38.5,11.0,2.73,7.0,,1
"Eswatini, Madagascar, Mozambique, South Africa, Zimbabwe_Flood_in_Eswatini,_M_2021-01",2021-01-21,-14.9061,50.2781,0.3,29.5,23.8,100,16.1,2.0,5.21,7.0,,1
"Eswatini, Madagascar, Mozambique, South Africa, Zimbabwe_Flood_in_Eswatini,_M_2021-01",2021-01-22,-14.9061,50.2781,1.9,29.1,23.9,99,16.7,14.0,5.03,7.0,,1
"Eswatini, Madagascar, Mozambique, South Africa, Zimbabwe_Flood_in_Eswatini,_M_2021-01",2021-01-23,-14.9061,50.2781,3.5,28.8,24.6,96,16.2,20.0,4.61,7.0,,1
China_Flood_in_China_2023-06,2023-06-27,30.1534,120.076,1.2,30.5,23.9,96,11.5,5.0,3.26,10.0,6806.69,1
China_Flood_in_China_2023-06,2023-06-28,30.1534,120.076,0.4,33.2,24.2,94,14.3,2.0,4.95,10.0,5820.03,1
China_Flood_in_China_2023-06,2023-06-29,30.1534,120.076,0.0,33.3,25.6,92,20.1,0.0,4.82,10.0,4517.56,1
China_Flood_in_China_2023-06,2023-06-30,30.1534,120.076,14.1,31.0,25.1,96,12.6,12.0,2.48,10.0,3506.52,1
China_Flood_in_China_2023-06,2023-07-01,30.1534,120.076,4.8,31.1,24.3,96,10.5,11.0,3.69,10.0,2970.67,1
"India, Pakistan_Flood_in_India,_Paki_2023-06",2023-06-14,22.385,71.7453,0.8,38.3,26.6,84,33.8,5.0,7.59,59.0,0.33,1
"India, Pakistan_Flood_in_India,_Paki_2023-06",2023-06-15,22.385,71.7453,5.9,35.2,27.5,82,41.8,10.0,5.51,59.0,0.34,1
"India, Pakistan_Flood_in_India,_Paki_2023-06",2023-06-16,22.385,71.7453,0.9,34.3,27.0,85,52.7,5.0,6.16,59.0,0.36,1
"Bangladesh, India, Myanmar_Flood_in_Bangladesh,_2023-05",2023-05-13,20.15,92.9,56.5,28.0,26.3,90,31.8,24.0,1.68,4.0,0.69,1
"Bangladesh, India, Myanmar_Flood_in_Bangladesh,_2023-05",2023-05-14,20.15,92.9,125.4,27.5,25.0,90,82.0,23.0,2.06,4.0,2.22,1
"Bangladesh, India, Myanmar_Flood_in_Bangladesh,_2023-05",2023-05-15,20.15,92.9,1.4,29.9,24.8,93,19.9,7.0,5.04,4.0,1.72,1
Democratic Republic of Congo_Flood_in_Democratic__2023-05,2023-05-01,0.7795,24.2691,0.4,30.5,22.3,99,6.6,4.0,4.21,376.0,22129.94,1
Democratic Republic of Congo_Flood_in_Democratic__2023-05,2023-05-02,0.7795,24.2691,4.5,30.8,22.1,100,6.6,3.0,4.14,376.0,22232.11,1
Democratic Republic of Congo_Flood_in_Democratic__2023-05,2023-05-03,0.7795,24.2691,16.2,25.8,22.8,98,6.2,13.0,2.47,376.0,22645.44,1
Democratic Republic of Congo_Flood_in_Democratic__2023-05,2023-05-04,0.7795,24.2691,1.3,30.4,22.2,100,5.4,8.0,4.14,376.0,23279.92,1
Democratic Republic of Congo_Flood_in_Democratic__2023-05,2023-05-05,0.7795,24.2691,0.2,31.9,22.9,99,6.8,2.0,4.66,376.0,23822.19,1
Rwanda_Flood_in_Rwanda_2023-05,2023-05-01,-1.581,29.927,9.2,17.0,12.7,100,7.1,15.0,1.8,2063.0,1.47,1
Rwanda_Flood_in_Rwanda_2023-05,2023-05-02,-1.581,29.927,7.0,20.9,12.6,100,10.9,10.0,3.3,2063.0,1.47,1
Rwanda_Flood_in_Rwanda_2023-05,2023-05-03,-1.581,29.927,8.7,18.9,12.6,100,9.5,16.0,2.41,2063.0,1.53,1
Democratic Republic of Congo_Flood_in_Democratic__2023-04,2023-04-01,-5.901,29.1779,0.0,28.1,19.3,94,11.0,0.0,4.34,830.0,1613.36,1
Democratic Republic of Congo_Flood_in_Democratic__2023-04,2023-04-02,-5.901,29.1779,1.0,27.1,18.6,93,9.5,6.0,4.41,830.0,1620.81,1
Democratic Republic of Congo_Flood_in_Democratic__2023-04,2023-04-03,-5.901,29.1779,20.7,26.1,18.8,100,12.9,7.0,3.68,830.0,1632.05,1
Democratic Republic of Congo_Flood_in_Democratic__2023-04,2023-04-04,-5.901,29.1779,0.5,27.5,21.1,91,16.0,4.0,4.96,830.0,1643.37,1
Democratic Republic of Congo_Flood_in_Democratic__2023-04,2023-04-05,-5.901,29.1779,19.2,25.5,19.5,99,9.8,14.0,3.42,830.0,1662.41,1
Somalia_Flood_in_Somalia_2023-03,2023-03-20,2.3372,42.2849,0.1,34.6,25.1,81,15.3,1.0,4.79,101.0,0.0,1
Somalia_Flood_in_Somalia_2023-03,2023-03-21,2.3372,42.2849,10.5,33.0,24.0,94,16.8,11.0,4.16,101.0,0.0,1
Somalia_Flood_in_Somalia_2023-03,2023-03-22,2.3372,42.2849,4.2,34.5,24.8,88,20.9,8.0,5.39,101.0,0.0,1
Somalia_Flood_in_Somalia_2023-03,2023-03-23,2.3372,42.2849,14.4,34.6,24.0,93,16.3,9.0,4.32,101.0,0.0,1
Somalia_Flood_in_Somalia_2023-03,2023-03-24,2.3372,42.2849,8.8,31.9,23.9,94,10.9,10.0,2.98,101.0,0.0,1
Malawi_Flood_in_Malawi_2023-03,2023-03-13,-15.3064,35.3281,91.5,19.7,17.5,100,17.3,24.0,0.92,1230.0,18.59,1
Malawi_Flood_in_Malawi_2023-03,2023-03-14,-15.3064,35.3281,34.7,20.0,16.8,100,12.6,24.0,1.48,1230.0,16.99,1
Malawi_Flood_in_Malawi_2023-03,2023-03-15,-15.3064,35.3281,21.0,20.8,16.1,100,5.8,19.0,2.47,1230.0,6.13,1
Malawi_Flood_in_Malawi_2023-03,2023-03-16,-15.3064,35.3281,5.2,20.8,15.5,100,5.4,15.0,2.9,1230.0,3.81,1
Philippines_Flood_in_Philippines_2022-12,2022-12-10,11.3278,124.9976,7.6,28.2,24.3,97,11.6,10.0,2.28,7.0,2.22,1
Philippines_Flood_in_Philippines_2022-12,2022-12-11,11.3278,124.9976,2.5,29.9,23.6,96,9.2,5.0,3.44,7.0,2.96,1
Philippines_Flood_in_Philippines_2022-12,2022-12-12,11.3278,124.9976,1.3,30.0,24.0,95,10.8,5.0,3.71,7.0,2.92,1
Philippines_Flood_in_Philippines_2022-12,2022-12-13,11.3278,124.9976,3.6,30.5,23.5,97,9.4,13.0,3.3,7.0,2.68,1
Philippines_Flood_in_Philippines_2022-12,2022-12-14,11.3278,124.9976,2.4,30.0,23.8,96,8.9,5.0,3.35,7.0,2.56,1
Democratic Republic of the Congo_Flood_in_Democratic__2022-12,2022-12-13,-5.7974,13.4948,43.8,30.2,23.4,99,7.8,20.0,2.35,10.0,34039.82,1
Democratic Republic of the Congo_Flood_in_Democratic__2022-12,2022-12-14,-5.7974,13.4948,1.2,29.3,23.0,99,14.1,7.0,2.51,10.0,34118.29,1
Democratic Republic of the Congo_Flood_in_Democratic__2022-12,2022-12-15,-5.7974,13.4948,2.7,31.9,23.4,99,10.0,9.0,3.82,10.0,34118.29,1
Ethiopia_Flood_in_Ethiopia_2022-08,2022-08-01,8.2504,34.5877,24.5,29.0,21.0,97,6.6,9.0,2.92,441.0,1.99,1
Ethiopia_Flood_in_Ethiopia_2022-08,2022-08-02,8.2504,34.5877,20.4,25.7,20.5,96,4.6,18.0,2.14,441.0,2.86,1
Ethiopia_Flood_in_Ethiopia_2022-08,2022-08-03,8.2504,34.5877,1.7,29.1,20.2,96,10.9,4.0,4.13,441.0,3.75,1
Ethiopia_Flood_in_Ethiopia_2022-08,2022-08-04,8.2504,34.5877,0.3,31.0,19.8,91,8.7,2.0,4.73,441.0,3.86,1
Ethiopia_Flood_in_Ethiopia_2022-08,2022-08-05,8.2504,34.5877,1.5,30.6,22.2,87,13.5,7.0,4.49,441.0,3.75,1
Philippines_Flood_in_Philippines_2022-10,2022-10-17,12.7503,122.7312,0.6,28.5,27.8,85,36.3,3.0,4.51,0.0,,1
Philippines_Flood_in_Philippines_2022-10,2022-10-18,12.7503,122.7312,8.7,28.5,26.5,87,18.2,9.0,4.42,0.0,,1
Philippines_Flood_in_Philippines_2022-10,2022-10-19,12.7503,122.7312,11.8,28.5,26.1,89,13.5,16.0,3.94,0.0,,1
Philippines_Flood_in_Philippines_2022-10,2022-10-20,12.7503,122.7312,8.8,28.0,26.2,87,10.1,19.0,2.99,0.0,,1
Philippines_Flood_in_Philippines_2022-10,2022-10-21,12.7503,122.7312,8.2,29.2,25.8,86,16.6,10.0,4.2,0.0,,1
Bangladesh_Flood_in_Bangladesh_2022-10,2022-10-24,24.4769,90.2934,83.1,24.8,21.0,95,39.3,20.0,0.8,18.0,35.73,1
Bangladesh_Flood_in_Bangladesh_2022-10,2022-10-25,24.4769,90.2934,20.0,26.0,20.7,96,33.2,7.0,2.5,18.0,38.45,1
Bangladesh_Flood_in_Bangladesh_2022-10,2022-10-26,24.4769,90.2934,0.2,29.1,19.1,97,7.7,2.0,3.37,18.0,41.27,1
Bangladesh_Flood_in_Bangladesh_2022-10,2022-10-27,24.4769,90.2934,0.0,29.1,19.5,98,8.3,0.0,3.53,18.0,40.88,1
Bangladesh_Flood_in_Bangladesh_2022-10,2022-10-28,24.4769,90.2934,0.0,29.2,17.4,98,8.6,0.0,3.57,18.0,39.55,1
Nigeria_Flood_in_Nigeria_2022-09,2022-09-10,4.763,6.0289,4.1,28.4,23.0,96,18.6,9.0,2.94,16.0,20795.96,1
Nigeria_Flood_in_Nigeria_2022-09,2022-09-11,4.763,6.0289,4.9,29.0,23.1,94,14.1,10.0,3.04,16.0,20136.24,1
Nigeria_Flood_in_Nigeria_2022-09,2022-09-12,4.763,6.0289,12.1,27.7,22.9,97,15.4,11.0,2.64,16.0,19632.61,1
Nigeria_Flood_in_Nigeria_2022-09,2022-09-13,4.763,6.0289,4.2,29.0,22.2,97,12.8,10.0,3.09,16.0,19768.7,1
Nigeria_Flood_in_Nigeria_2022-09,2022-09-14,4.763,6.0289,2.8,29.0,23.2,98,15.1,10.0,3.25,16.0,21231.45,1
"China, Taiwan_Flood_in_China,_Taiw_2022-09",2022-09-14,31.2323,121.4692,82.9,27.5,22.6,99,47.8,21.0,1.99,10.0,784.24,1
"China, Taiwan_Flood_in_China,_Taiw_2022-09",2022-09-15,31.2323,121.4692,26.5,26.5,21.4,94,58.5,14.0,2.64,10.0,1338.68,1
"China, Taiwan_Flood_in_China,_Taiw_2022-09",2022-09-16,31.2323,121.4692,1.0,28.1,20.1,96,12.4,6.0,3.78,10.0,1930.97,1
Nigeria_Flood_in_Nigeria_2022-08,2022-08-27,8.7282,5.7576,18.6,30.5,22.8,100,8.3,19.0,2.3,123.0,3853.78,1
Nigeria_Flood_in_Nigeria_2022-08,2022-08-28,8.7282,5.7576,11.3,28.7,22.8,97,14.0,16.0,2.52,123.0,3989.25,1
Nigeria_Flood_in_Nigeria_2022-08,2022-08-29,8.7282,5.7576,15.2,27.1,22.7,98,10.2,18.0,1.7,123.0,4139.0,1
Nigeria_Flood_in_Nigeria_2022-08,2022-08-30,8.7282,5.7576,14.0,29.2,22.9,99,13.4,15.0,3.49,123.0,4294.36,1
Nigeria_Flood_in_Nigeria_2022-08,2022-08-31,8.7282,5.7576,7.6,30.0,22.7,98,10.0,15.0,3.77,123.0,4465.84,1
India_Flood_in_India_2022-08,2022-08-11,27.1303,80.8597,0.2,33.2,27.8,75,33.3,1.0,6.32,128.0,0.36,1
India_Flood_in_India_2022-08,2022-08-12,27.1303,80.8597,0.7,33.3,27.4,83,31.1,6.0,5.63,128.0,0.31,1
India_Flood_in_India_2022-08,2022-08-13,27.1303,80.8597,0.8,34.2,26.1,93,10.8,7.0,4.95,128.0,0.26,1
India_Flood_in_India_2022-08,2022-08-14,27.1303,80.8597,10.1,32.3,26.1,94,19.7,11.0,3.59,128.0,0.23,1
India_Flood_in_India_2022-08,2022-08-15,27.1303,80.8597,19.8,30.5,25.9,90,35.3,13.0,4.74,128.0,0.2,1
Japan_Flood_in_Japan_2022-08,2022-08-03,34.9332,138.0955,0.0,35.5,22.0,87,21.4,0.0,6.92,343.0,0.37,1
Japan_Flood_in_Japan_2022-08,2022-08-04,34.9332,138.0955,7.4,30.3,23.0,100,13.2,12.0,3.35,343.0,0.34,1
Japan_Flood_in_Japan_2022-08,2022-08-05,34.9332,138.0955,13.3,28.2,22.0,99,10.0,10.0,2.62,343.0,0.36,1
Japan_Flood_in_Japan_2022-08,2022-08-06,34.9332,138.0955,3.0,27.0,21.8,100,13.8,19.0,2.8,343.0,2.21,1
Japan_Flood_in_Japan_2022-08,2022-08-07,34.9332,138.0955,11.3,29.6,21.8,100,8.4,12.0,4.2,343.0,2.6,1
France_Flood_in_France_2023-12,2023-12-30,47.2186,-1.5541,1.3,12.4,8.0,97,31.3,6.0,0.74,19.0,858.01,1
France_Flood_in_France_2023-12,2023-12-31,47.2186,-1.5541,11.1,12.6,8.1,85,41.4,10.0,1.45,19.0,793.33,1
France_Flood_in_France_2023-12,2024-01-01,47.2186,-1.5541,11.0,11.9,8.1,91,34.2,11.0,0.77,19.0,733.51,1
France_Flood_in_France_2023-12,2024-01-02,47.2186,-1.5541,37.2,13.4,11.6,92,40.0,19.0,0.61,19.0,695.63,1
France_Flood_in_France_2023-12,2024-01-03,47.2186,-1.5541,4.8,11.9,10.4,89,37.3,9.0,1.16,19.0,846.23,1
Germany_Flood_in_Germany_2023-12,2023-12-18,52.8399,9.076,0.6,7.4,5.3,90,24.7,3.0,0.52,14.0,0.37,1
Germany_Flood_in_Germany_2023-12,2023-12-19,52.8399,9.076,14.7,7.4,6.1,96,25.1,20.0,0.26,14.0,0.34,1
Germany_Flood_in_Germany_2023-12,2023-12-20,52.8399,9.076,6.2,7.1,4.9,94,31.4,11.0,0.36,14.0,0.47,1
Germany_Flood_in_Germany_2023-12,2023-12-21,52.8399,9.076,19.8,9.9,5.1,94,36.4,20.0,0.49,14.0,0.59,1
Germany_Flood_in_Germany_2023-12,2023-12-22,52.8399,9.076,6.4,5.6,3.2,93,35.4,17.0,0.64,14.0,0.74,1
Ethiopia_Flood_in_Ethiopia_2023-11,2023-11-01,7.263,43.5361,23.5,28.0,19.2,96,14.3,12.0,3.4,952.0,0.0,1
Ethiopia_Flood_in_Ethiopia_2023-11,2023-11-02,7.263,43.5361,16.6,24.9,18.6,98,18.1,17.0,2.05,952.0,0.0,1
Ethiopia_Flood_in_Ethiopia_2023-11,2023-11-03,7.263,43.5361,9.8,25.0,19.5,97,14.1,15.0,2.34,952.0,0.0,1
Ethiopia_Flood_in_Ethiopia_2023-11,2023-11-04,7.263,43.5361,6.4,26.9,19.5,94,16.3,9.0,3.54,952.0,0.0,1
Ethiopia_Flood_in_Ethiopia_2023-11,2023-11-05,7.263,43.5361,0.4,27.5,17.7,96,9.0,3.0,4.11,952.0,0.0,1
Somalia_Flood_in_Somalia_2023-10,2023-10-04,8.3677,49.0834,0.5,34.0,24.3,85,28.5,4.0,5.22,324.0,1.09,1
Somalia_Flood_in_Somalia_2023-10,2023-10-05,8.3677,49.0834,5.8,32.2,23.9,86,22.7,6.0,4.71,324.0,0.96,1
Somalia_Flood_in_Somalia_2023-10,2023-10-06,8.3677,49.0834,0.4,33.8,23.6,86,21.6,4.0,6.1,324.0,0.87,1
Somalia_Flood_in_Somalia_2023-10,2023-10-07,8.3677,49.0834,0.0,36.0,23.5,81,26.8,0.0,6.65,324.0,0.81,1
Somalia_Flood_in_Somalia_2023-10,2023-10-08,8.3677,49.0834,0.0,36.8,23.2,93,29.2,0.0,6.45,324.0,0.78,1
Kenya_Flood_in_Kenya_2023-10,2023-10-23,1.442,38.4314,0.0,33.5,23.8,71,18.2,0.0,6.76,324.0,0.0,1
Kenya_Flood_in_Kenya_2023-10,2023-10-24,1.442,38.4314,0.0,35.2,25.3,65,18.4,0.0,6.82,324.0,0.0,1
Kenya_Flood_in_Kenya_2023-10,2023-10-25,1.442,38.4314,11.8,32.4,22.5,93,17.4,11.0,5.24,324.0,0.0,1
Kenya_Flood_in_Kenya_2023-10,2023-10-26,1.442,38.4314,7.4,30.5,22.9,90,16.6,13.0,4.04,324.0,0.0,1
Kenya_Flood_in_Kenya_2023-10,2023-10-27,1.442,38.4314,6.9,30.2,21.8,94,19.1,11.0,4.06,324.0,0.0,1
Bangladesh_Flood_in_Bangladesh_2023-10,2023-10-24,21.1766,92.0035,40.9,28.0,22.8,99,44.1,20.0,2.07,0.0,0.74,1
Bangladesh_Flood_in_Bangladesh_2023-10,2023-10-25,21.1766,92.0035,6.5,29.7,23.5,98,42.8,10.0,3.82,0.0,0.88,1
Bangladesh_Flood_in_Bangladesh_2023-10,2023-10-26,21.1766,92.0035,0.0,30.3,22.1,98,11.8,0.0,3.94,0.0,1.2,1
Libya_Flood_in_Libya_2023-09,2023-09-08,32.7594,22.6383,2.3,31.5,22.9,94,13.9,8.0,4.45,48.0,0.01,1
Libya_Flood_in_Libya_2023-09,2023-09-09,32.7594,22.6383,0.8,31.7,22.6,95,18.3,5.0,5.22,48.0,0.01,1
Libya_Flood_in_Libya_2023-09,2023-09-10,32.7594,22.6383,19.3,30.1,22.6,99,36.1,13.0,3.2,48.0,0.01,1
Libya_Flood_in_Libya_2023-09,2023-09-11,32.7594,22.6383,55.9,26.6,22.0,98,38.5,19.0,3.14,48.0,0.4,1
Libya_Flood_in_Libya_2023-09,2023-09-12,32.7594,22.6383,0.0,26.6,22.5,85,25.9,0.0,4.9,48.0,0.45,1
Pakistan_Flood_in_Pakistan_2023-08,2023-08-16,31.0,72.0,0.0,39.0,29.1,79,15.5,0.0,6.35,146.0,2785.12,1
Pakistan_Flood_in_Pakistan_2023-08,2023-08-17,31.0,72.0,0.0,38.3,29.4,69,18.2,0.0,6.66,146.0,2843.46,1
Pakistan_Flood_in_Pakistan_2023-08,2023-08-18,31.0,72.0,0.0,38.5,29.4,78,13.9,0.0,6.23,146.0,2883.03,1
India_Flood_in_India_2023-07,2023-07-07,31.8168,77.3493,2.6,22.9,14.8,94,7.3,9.0,3.71,1896.0,3.94,1
India_Flood_in_India_2023-07,2023-07-08,31.8168,77.3493,36.2,21.2,16.6,97,4.8,23.0,1.33,1896.0,4.01,1
India_Flood_in_India_2023-07,2023-07-09,31.8168,77.3493,87.1,17.7,16.1,96,6.4,24.0,0.64,1896.0,4.57,1
India_Flood_in_India_2023-07,2023-07-10,31.8168,77.3493,60.5,18.6,15.7,94,8.8,23.0,0.93,1896.0,5.25,1
India_Rajasthan_Barmer_DryMay,2023-05-01,25.75,71.39,0.3,29.9,20.3,89,17.1,3.0,4.91,207.0,0.25,0
India_Rajasthan_Barmer_DryMay,2023-05-02,25.75,71.39,0.0,32.3,22.0,80,15.6,0.0,5.25,207.0,0.22,0
India_Rajasthan_Barmer_DryMay,2023-05-03,25.75,71.39,0.0,34.1,21.6,83,15.8,0.0,6.18,207.0,0.22,0
India_Rajasthan_Barmer_DryMay,2023-05-04,25.75,71.39,0.0,36.5,23.2,68,21.5,0.0,6.62,207.0,0.22,0
India_Rajasthan_Barmer_DryMay,2023-05-05,25.75,71.39,0.0,37.0,24.8,53,13.0,0.0,6.97,207.0,0.22,0
India_Rajasthan_Jaisalmer_DryJun,2022-06-01,26.91,70.9,0.0,41.3,26.6,64,30.1,0.0,9.25,237.0,0.03,0
India_Rajasthan_Jaisalmer_DryJun,2022-06-02,26.91,70.9,0.0,42.8,27.8,60,28.2,0.0,10.04,237.0,0.03,0
India_Rajasthan_Jaisalmer_DryJun,2022-06-03,26.91,70.9,0.0,42.4,28.6,39,33.1,0.0,11.44,237.0,0.03,0
India_Rajasthan_Jaisalmer_DryJun,2022-06-04,26.91,70.9,0.0,41.5,27.2,62,37.4,0.0,11.17,237.0,0.03,0
India_Rajasthan_Jaisalmer_DryJun,2022-06-05,26.91,70.9,0.0,41.0,26.6,64,34.2,0.0,10.22,237.0,0.03,0
India_Gujarat_Kutch_DryApr,2023-04-01,23.73,69.86,0.0,35.5,21.5,93,26.1,0.0,8.02,6.0,0.0,0
India_Gujarat_Kutch_DryApr,2023-04-02,23.73,69.86,0.0,35.2,21.4,96,27.6,0.0,7.3,6.0,0.0,0
India_Gujarat_Kutch_DryApr,2023-04-03,23.73,69.86,0.0,36.2,21.9,95,32.5,0.0,7.19,6.0,0.0,0
India_Gujarat_Kutch_DryApr,2023-04-04,23.73,69.86,0.0,36.2,23.4,95,24.5,0.0,7.82,6.0,0.0,0
India_Gujarat_Kutch_DryApr,2023-04-05,23.73,69.86,0.0,35.8,21.5,96,28.2,0.0,7.64,6.0,0.0,0
India_HP_Spiti_DryFeb,2023-02-01,32.24,78.07,0.0,-16.5,-19.9,64,3.9,0.0,1.05,4128.0,0.0,0
India_HP_Spiti_DryFeb,2023-02-02,32.24,78.07,0.2,-12.9,-18.3,39,4.5,2.0,1.13,4128.0,0.0,0
India_HP_Spiti_DryFeb,2023-02-03,32.24,78.07,1.7,-8.4,-15.0,55,3.6,8.0,1.44,4128.0,0.0,0
India_HP_Spiti_DryFeb,2023-02-04,32.24,78.07,6.3,-5.8,-11.0,64,2.2,10.0,1.77,4128.0,0.0,0
India_HP_Spiti_DryFeb,2023-02-05,32.24,78.07,0.0,-4.3,-12.0,40,2.4,0.0,1.88,4128.0,0.0,0
India_MP_Bhopal_DryDec,2022-12-01,23.25,77.41,0.0,25.2,12.4,86,9.5,0.0,3.17,501.0,0.26,0
India_MP_Bhopal_DryDec,2022-12-02,23.25,77.41,0.0,26.0,12.0,91,9.0,0.0,3.08,501.0,0.25,0
India_MP_Bhopal_DryDec,2022-12-03,23.25,77.41,0.0,26.4,12.8,91,10.2,0.0,3.26,501.0,0.23,0
India_MP_Bhopal_DryDec,2022-12-04,23.25,77.41,0.0,26.4,12.1,91,10.2,0.0,3.25,501.0,0.23,0
India_MP_Bhopal_DryDec,2022-12-05,23.25,77.41,0.0,26.0,13.0,87,9.7,0.0,3.23,501.0,0.23,0
India_Haryana_Hisar_DryJan,2023-01-01,29.15,75.72,0.0,18.6,6.1,97,9.9,0.0,1.92,212.0,0.02,0
India_Haryana_Hisar_DryJan,2023-01-02,29.15,75.72,0.0,18.4,5.2,98,9.4,0.0,1.97,212.0,0.02,0
India_Haryana_Hisar_DryJan,2023-01-03,29.15,75.72,0.0,17.1,5.5,100,10.9,0.0,1.88,212.0,0.02,0
India_Haryana_Hisar_DryJan,2023-01-04,29.15,75.72,0.0,17.4,4.2,99,11.0,0.0,1.9,212.0,0.02,0
India_Haryana_Hisar_DryJan,2023-01-05,29.15,75.72,0.0,16.5,4.1,100,10.0,0.0,1.64,212.0,0.02,0
India_Punjab_Ludhiana_DryNov,2022-11-01,30.9,75.85,0.0,30.2,16.3,94,15.5,0.0,3.12,250.0,1.6,0
India_Punjab_Ludhiana_DryNov,2022-11-02,30.9,75.85,0.0,29.4,17.5,96,13.0,0.0,2.99,250.0,1.58,0
India_Punjab_Ludhiana_DryNov,2022-11-03,30.9,75.85,0.0,29.4,15.4,90,10.4,0.0,2.73,250.0,1.55,0
India_Punjab_Ludhiana_DryNov,2022-11-04,30.9,75.85,0.0,29.4,16.1,94,8.0,0.0,2.59,250.0,1.55,0
India_Punjab_Ludhiana_DryNov,2022-11-05,30.9,75.85,0.0,29.3,16.6,94,13.9,0.0,2.83,250.0,1.54,0
India_TN_Trichy_DryMay,2023-05-01,10.79,78.7,19.1,35.5,24.6,99,16.1,11.0,4.13,80.0,2.34,0
India_TN_Trichy_DryMay,2023-05-02,10.79,78.7,9.3,31.0,24.0,100,9.7,11.0,2.86,80.0,2.34,0
India_TN_Trichy_DryMay,2023-05-03,10.79,78.7,5.4,33.9,24.5,97,14.4,7.0,3.97,80.0,1.5,0
India_TN_Trichy_DryMay,2023-05-04,10.79,78.7,17.1,33.2,25.1,98,14.5,10.0,4.39,80.0,1.06,0
India_TN_Trichy_DryMay,2023-05-05,10.79,78.7,7.6,32.3,24.0,98,13.7,6.0,3.21,80.0,0.75,0
India_AP_Anantapur_DryJun,2022-06-01,14.68,77.6,0.4,35.8,25.2,82,22.2,1.0,6.66,348.0,0.0,0
India_AP_Anantapur_DryJun,2022-06-02,14.68,77.6,0.8,36.8,25.0,83,21.3,2.0,6.75,348.0,0.0,0
India_AP_Anantapur_DryJun,2022-06-03,14.68,77.6,13.1,36.5,24.5,86,20.7,4.0,6.66,348.0,0.0,0
India_AP_Anantapur_DryJun,2022-06-04,14.68,77.6,0.0,37.2,24.4,87,22.4,0.0,6.59,348.0,0.0,0
India_AP_Anantapur_DryJun,2022-06-05,14.68,77.6,0.0,37.1,25.2,85,22.7,0.0,6.57,348.0,0.0,0
India_Karnataka_Bidar_DryFeb,2023-02-01,17.91,77.52,0.0,29.1,18.2,78,18.6,0.0,4.59,672.0,0.02,0
India_Karnataka_Bidar_DryFeb,2023-02-02,17.91,77.52,0.0,29.0,17.0,78,17.6,0.0,5.09,672.0,0.02,0
India_Karnataka_Bidar_DryFeb,2023-02-03,17.91,77.52,0.0,28.8,15.8,54,13.3,0.0,5.32,672.0,0.02,0
India_Karnataka_Bidar_DryFeb,2023-02-04,17.91,77.52,0.0,29.9,14.9,66,11.4,0.0,5.12,672.0,0.02,0
India_Karnataka_Bidar_DryFeb,2023-02-05,17.91,77.52,0.0,30.4,15.6,60,10.5,0.0,5.26,672.0,0.02,0
India_MH_Aurangabad_DryMar,2023-03-01,19.87,75.34,0.0,32.6,19.8,46,15.5,0.0,6.4,581.0,0.91,0
India_MH_Aurangabad_DryMar,2023-03-02,19.87,75.34,0.0,32.8,20.3,48,11.1,0.0,6.04,581.0,0.91,0
India_MH_Aurangabad_DryMar,2023-03-03,19.87,75.34,0.0,33.9,20.6,51,12.6,0.0,6.11,581.0,0.91,0
India_MH_Aurangabad_DryMar,2023-03-04,19.87,75.34,0.0,34.0,21.5,47,11.9,0.0,5.69,581.0,0.91,0
India_MH_Aurangabad_DryMar,2023-03-05,19.87,75.34,0.0,33.4,22.0,45,16.5,0.0,6.27,581.0,0.91,0
India_Jharkhand_Daltonganj_DryDec,2022-12-01,24.04,84.07,0.0,25.0,11.4,97,8.8,0.0,2.88,233.0,0.01,0
India_Jharkhand_Daltonganj_DryDec,2022-12-02,24.04,84.07,0.0,25.2,11.6,98,11.3,0.0,2.87,233.0,0.01,0
India_Jharkhand_Daltonganj_DryDec,2022-12-03,24.04,84.07,0.0,25.0,12.4,100,8.9,0.0,2.82,233.0,0.01,0
India_Jharkhand_Daltonganj_DryDec,2022-12-04,24.04,84.07,0.0,25.0,11.5,95,10.1,0.0,2.92,233.0,0.01,0
India_Jharkhand_Daltonganj_DryDec,2022-12-05,24.04,84.07,0.0,23.8,10.6,98,9.0,0.0,2.76,233.0,0.01,0
India_Chhattisgarh_Raipur_DryJan,2023-01-01,21.25,81.63,0.0,26.9,14.5,76,9.2,0.0,3.47,297.0,0.34,0
India_Chhattisgarh_Raipur_DryJan,2023-01-02,21.25,81.63,0.0,26.8,13.6,82,9.2,0.0,3.29,297.0,0.34,0
India_Chhattisgarh_Raipur_DryJan,2023-01-03,21.25,81.63,0.0,26.8,13.4,87,8.7,0.0,3.16,297.0,0.34,0
India_Chhattisgarh_Raipur_DryJan,2023-01-04,21.25,81.63,0.0,25.0,15.1,93,8.4,0.0,1.96,297.0,0.33,0
India_Chhattisgarh_Raipur_DryJan,2023-01-05,21.25,81.63,0.0,25.5,14.8,90,9.8,0.0,3.11,297.0,0.33,0
India_Kerala_DryFeb,2023-02-01,9.55,76.52,0.0,32.1,22.0,98,10.8,0.0,4.36,2.0,1.38,0
India_Kerala_DryFeb,2023-02-02,9.55,76.52,3.8,30.6,22.3,98,8.0,9.0,2.72,2.0,1.69,0
India_Kerala_DryFeb,2023-02-03,9.55,76.52,1.3,30.8,22.2,100,9.0,5.0,3.6,2.0,1.86,0
India_Kerala_DryFeb,2023-02-04,9.55,76.52,4.6,31.5,22.0,99,9.0,4.0,3.61,2.0,2.37,0
India_Kerala_DryFeb,2023-02-05,9.55,76.52,0.0,31.8,21.9,99,11.4,0.0,4.48,2.0,2.25,0
India_Assam_DryDec,2022-12-01,26.14,91.74,0.0,27.3,15.9,94,10.1,0.0,2.67,55.0,0.64,0
India_Assam_DryDec,2022-12-02,26.14,91.74,0.0,26.7,15.4,97,8.2,0.0,2.56,55.0,0.6,0
India_Assam_DryDec,2022-12-03,26.14,91.74,0.0,26.8,15.9,96,6.5,0.0,2.6,55.0,0.6,0
India_Assam_DryDec,2022-12-04,26.14,91.74,0.0,26.5,15.1,91,10.5,0.0,2.7,55.0,0.59,0
India_Assam_DryDec,2022-12-05,26.14,91.74,0.0,26.5,14.8,93,9.1,0.0,2.6,55.0,0.59,0
India_Bihar_DryJan,2023-01-01,25.59,85.14,0.0,21.6,10.0,99,9.5,0.0,2.03,55.0,1.19,0
India_Bihar_DryJan,2023-01-02,25.59,85.14,0.0,21.1,10.9,99,11.2,0.0,2.01,55.0,1.18,0
India_Bihar_DryJan,2023-01-03,25.59,85.14,0.0,20.1,9.2,99,9.8,0.0,2.02,55.0,1.18,0
India_Bihar_DryJan,2023-01-04,25.59,85.14,0.0,18.5,8.6,98,11.0,0.0,2.0,55.0,1.17,0
India_Bihar_DryJan,2023-01-05,25.59,85.14,0.0,18.5,8.1,97,10.8,0.0,1.95,55.0,1.17,0
India_WB_DryFeb,2023-02-01,22.57,88.36,0.0,24.5,18.5,81,11.1,0.0,1.82,12.0,3.22,0
India_WB_DryFeb,2023-02-02,22.57,88.36,0.0,25.9,15.8,81,16.6,0.0,4.09,12.0,3.47,0
India_WB_DryFeb,2023-02-03,22.57,88.36,0.0,25.9,14.1,93,14.7,0.0,3.46,12.0,3.73,0
India_WB_DryFeb,2023-02-04,22.57,88.36,0.0,26.9,13.3,96,12.5,0.0,3.75,12.0,3.76,0
India_WB_DryFeb,2023-02-05,22.57,88.36,0.0,27.5,14.1,88,9.2,0.0,3.71,12.0,3.75,0
India_Odisha_DryMar,2023-03-01,20.29,85.82,0.0,35.6,19.9,97,16.5,0.0,5.22,54.0,0.19,0
India_Odisha_DryMar,2023-03-02,20.29,85.82,0.0,36.2,21.0,83,20.4,0.0,5.28,54.0,0.19,0
India_Odisha_DryMar,2023-03-03,20.29,85.82,0.0,36.3,20.9,80,15.4,0.0,5.51,54.0,0.19,0
India_Odisha_DryMar,2023-03-04,20.29,85.82,0.0,36.3,20.5,72,15.2,0.0,6.07,54.0,0.19,0
India_Odisha_DryMar,2023-03-05,20.29,85.82,0.0,36.4,20.5,73,14.4,0.0,6.0,54.0,0.19,0
Pakistan_Punjab_Lahore_DryJan,2023-01-01,31.55,74.34,0.0,16.9,6.1,97,9.2,0.0,1.32,219.0,0.4,0
Pakistan_Punjab_Lahore_DryJan,2023-01-02,31.55,74.34,0.0,15.7,3.8,100,7.4,0.0,1.37,219.0,0.37,0
Pakistan_Punjab_Lahore_DryJan,2023-01-03,31.55,74.34,0.0,16.0,3.3,100,10.0,0.0,1.29,219.0,0.36,0
Pakistan_Punjab_Lahore_DryJan,2023-01-04,31.55,74.34,0.0,16.5,5.2,99,9.7,0.0,1.55,219.0,0.34,0
Pakistan_Punjab_Lahore_DryJan,2023-01-05,31.55,74.34,0.0,15.1,1.2,100,6.3,0.0,1.28,219.0,0.34,0
Pakistan_Sind_Hyderabad_DryNov,2022-11-01,25.4,68.37,0.0,35.8,22.2,85,19.7,0.0,5.76,39.0,0.01,0
Pakistan_Sind_Hyderabad_DryNov,2022-11-02,25.4,68.37,0.0,36.2,22.0,94,20.1,0.0,5.59,39.0,0.01,0
Pakistan_Sind_Hyderabad_DryNov,2022-11-03,25.4,68.37,0.0,38.0,22.5,70,21.4,0.0,6.24,39.0,0.01,0
Pakistan_Sind_Hyderabad_DryNov,2022-11-04,25.4,68.37,0.0,38.0,22.0,68,18.8,0.0,6.5,39.0,0.0,0
Pakistan_Sind_Hyderabad_DryNov,2022-11-05,25.4,68.37,0.0,36.9,22.8,53,19.7,0.0,7.22,39.0,0.0,0
Pakistan_Balochistan_Quetta_Dry,2023-02-01,30.19,67.0,0.0,13.6,1.3,79,10.9,0.0,2.64,1672.0,0.0,0
Pakistan_Balochistan_Quetta_Dry,2023-02-02,30.19,67.0,0.0,14.0,2.2,79,8.9,0.0,2.61,1672.0,0.0,0
Pakistan_Balochistan_Quetta_Dry,2023-02-03,30.19,67.0,2.5,13.8,5.1,83,11.5,5.0,2.11,1672.0,0.0,0
Pakistan_Balochistan_Quetta_Dry,2023-02-04,30.19,67.0,0.0,14.1,5.5,89,8.4,0.0,2.5,1672.0,0.0,0
Pakistan_Balochistan_Quetta_Dry,2023-02-05,30.19,67.0,3.2,14.8,3.8,81,15.0,9.0,2.34,1672.0,0.0,0
Pakistan_KPK_Peshawar_DryDec,2022-12-01,34.01,71.57,0.0,22.2,8.0,95,5.1,0.0,1.61,334.0,18.41,0
Pakistan_KPK_Peshawar_DryDec,2022-12-02,34.01,71.57,0.0,21.9,7.8,96,4.1,0.0,1.72,334.0,17.75,0
Pakistan_KPK_Peshawar_DryDec,2022-12-03,34.01,71.57,0.0,21.9,9.6,69,5.2,0.0,1.7,334.0,17.2,0
Pakistan_KPK_Peshawar_DryDec,2022-12-04,34.01,71.57,0.0,22.5,7.8,82,9.2,0.0,1.74,334.0,16.7,0
Pakistan_KPK_Peshawar_DryDec,2022-12-05,34.01,71.57,0.0,20.6,6.1,88,5.5,0.0,1.63,334.0,16.26,0
Pakistan_FATA_DryNov,2022-11-01,33.0,70.5,0.0,27.1,18.0,67,12.7,0.0,3.35,423.0,13.72,0
Pakistan_FATA_DryNov,2022-11-02,33.0,70.5,0.0,28.0,18.3,66,11.6,0.0,3.37,423.0,13.86,0
Pakistan_FATA_DryNov,2022-11-03,33.0,70.5,0.0,28.6,18.2,65,13.7,0.0,3.51,423.0,13.89,0
Pakistan_FATA_DryNov,2022-11-04,33.0,70.5,0.0,28.3,18.1,72,11.6,0.0,3.27,423.0,13.89,0
Pakistan_FATA_DryNov,2022-11-05,33.0,70.5,5.5,25.9,17.5,76,17.9,3.0,2.97,423.0,13.86,0
Bangladesh_Dhaka_DryJan,2023-01-01,23.81,90.41,0.0,23.8,11.9,95,8.7,0.0,2.48,9.0,10.8,0
Bangladesh_Dhaka_DryJan,2023-01-02,23.81,90.41,0.0,24.4,12.4,95,9.3,0.0,2.65,9.0,10.8,0
Bangladesh_Dhaka_DryJan,2023-01-03,23.81,90.41,0.0,23.5,11.9,94,11.0,0.0,2.55,9.0,10.8,0
Bangladesh_Dhaka_DryJan,2023-01-04,23.81,90.41,0.0,23.4,13.2,95,12.2,0.0,2.51,9.0,10.72,0
Bangladesh_Dhaka_DryJan,2023-01-05,23.81,90.41,0.0,22.8,12.3,95,14.8,0.0,2.41,9.0,10.67,0
Bangladesh_Chittagong_DryFeb,2023-02-01,22.34,91.83,0.0,29.1,14.2,99,12.9,0.0,3.92,18.0,188.23,0
Bangladesh_Chittagong_DryFeb,2023-02-02,22.34,91.83,0.0,28.5,17.1,80,16.6,0.0,4.16,18.0,188.23,0
Bangladesh_Chittagong_DryFeb,2023-02-03,22.34,91.83,0.0,26.5,14.2,87,10.8,0.0,3.58,18.0,196.24,0
Bangladesh_Chittagong_DryFeb,2023-02-04,22.34,91.83,0.0,26.5,14.1,97,10.7,0.0,3.59,18.0,202.7,0
Bangladesh_Chittagong_DryFeb,2023-02-05,22.34,91.83,0.0,26.4,14.3,96,11.7,0.0,3.62,18.0,204.12,0
Nepal_Kathmandu_DryJan,2023-01-01,27.7,85.32,0.0,14.9,6.7,92,10.8,0.0,1.67,1289.0,0.03,0
Nepal_Kathmandu_DryJan,2023-01-02,27.7,85.32,0.0,16.0,4.9,95,9.7,0.0,1.99,1289.0,0.03,0
Nepal_Kathmandu_DryJan,2023-01-03,27.7,85.32,0.0,16.3,1.4,100,10.4,0.0,2.12,1289.0,0.02,0
Nepal_Kathmandu_DryJan,2023-01-04,27.7,85.32,0.0,16.9,0.9,100,9.2,0.0,2.12,1289.0,0.03,0
Nepal_Kathmandu_DryJan,2023-01-05,27.7,85.32,0.0,16.7,2.1,82,5.6,0.0,2.19,1289.0,0.03,0
Nepal_Pokhara_DryFeb,2023-02-01,28.21,83.99,0.0,20.2,5.7,80,7.7,0.0,2.62,845.0,0.85,0
Nepal_Pokhara_DryFeb,2023-02-02,28.21,83.99,0.0,18.8,5.4,91,8.7,0.0,2.51,845.0,0.87,0
Nepal_Pokhara_DryFeb,2023-02-03,28.21,83.99,0.0,19.0,9.1,88,6.3,0.0,2.44,845.0,0.81,0
Nepal_Pokhara_DryFeb,2023-02-04,28.21,83.99,0.0,19.1,7.7,89,9.2,0.0,2.52,845.0,0.92,0
Nepal_Pokhara_DryFeb,2023-02-05,28.21,83.99,0.0,17.4,7.8,89,11.8,0.0,2.33,845.0,1.12,0
SriLanka_Colombo_DryAug,2022-08-01,6.93,79.86,31.2,26.8,23.9,94,30.6,20.0,1.61,8.0,148.62,0
SriLanka_Colombo_DryAug,2022-08-02,6.93,79.86,38.3,27.3,24.5,88,30.1,23.0,2.91,8.0,206.01,0
SriLanka_Colombo_DryAug,2022-08-03,6.93,79.86,28.9,26.9,24.5,89,30.1,24.0,2.86,8.0,290.74,0
SriLanka_Colombo_DryAug,2022-08-04,6.93,79.86,21.7,27.8,24.2,90,27.2,18.0,3.88,8.0,323.34,0
SriLanka_Colombo_DryAug,2022-08-05,6.93,79.86,5.9,27.3,25.3,90,24.2,14.0,3.77,8.0,310.89,0
Myanmar_Yangon_DryFeb,2023-02-01,16.87,96.19,0.0,32.6,20.3,96,12.4,0.0,4.23,6.0,0.03,0
Myanmar_Yangon_DryFeb,2023-02-02,16.87,96.19,0.0,33.0,20.9,95,12.5,0.0,4.36,6.0,0.03,0
Myanmar_Yangon_DryFeb,2023-02-03,16.87,96.19,0.0,34.2,21.8,96,14.8,0.0,4.42,6.0,0.03,0
Myanmar_Yangon_DryFeb,2023-02-04,16.87,96.19,0.0,35.0,22.5,91,12.6,0.0,4.8,6.0,0.03,0
Myanmar_Yangon_DryFeb,2023-02-05,16.87,96.19,0.4,34.5,22.9,82,13.7,2.0,4.9,6.0,0.03,0
Thailand_Bangkok_DryMar,2023-03-01,13.75,100.52,0.0,34.8,21.3,74,11.1,0.0,5.39,8.0,0.09,0
Thailand_Bangkok_DryMar,2023-03-02,13.75,100.52,0.0,34.2,23.2,85,16.9,0.0,5.41,8.0,0.06,0
Thailand_Bangkok_DryMar,2023-03-03,13.75,100.52,0.0,33.7,22.0,78,15.9,0.0,5.72,8.0,0.06,0
Thailand_Bangkok_DryMar,2023-03-04,13.75,100.52,0.0,33.2,21.6,76,17.8,0.0,5.83,8.0,0.06,0
Thailand_Bangkok_DryMar,2023-03-05,13.75,100.52,0.0,33.5,21.2,80,16.0,0.0,5.73,8.0,0.06,0
Vietnam_Hanoi_DryJan,2023-01-01,21.03,105.83,0.0,20.2,9.2,91,10.5,0.0,2.61,14.0,1053.39,0
Vietnam_Hanoi_DryJan,2023-01-02,21.03,105.83,0.3,19.0,11.1,96,11.7,3.0,1.43,14.0,1072.99,0
Vietnam_Hanoi_DryJan,2023-01-03,21.03,105.83,0.0,19.5,14.4,86,9.3,0.0,1.77,14.0,1034.14,0
Vietnam_Hanoi_DryJan,2023-01-04,21.03,105.83,0.0,22.0,14.6,84,9.4,0.0,2.42,14.0,965.05,0
Vietnam_Hanoi_DryJan,2023-01-05,21.03,105.83,0.0,21.5,14.1,94,9.2,0.0,1.58,14.0,894.36,0
Indonesia_Jakarta_DryAug,2022-08-01,-6.21,106.85,0.0,33.5,23.6,92,14.2,0.0,4.51,14.0,0.95,0
Indonesia_Jakarta_DryAug,2022-08-02,-6.21,106.85,2.2,32.0,23.3,95,10.4,8.0,3.86,14.0,0.87,0
Indonesia_Jakarta_DryAug,2022-08-03,-6.21,106.85,20.8,31.1,23.5,96,12.2,17.0,3.36,14.0,0.81,0
Indonesia_Jakarta_DryAug,2022-08-04,-6.21,106.85,12.6,30.8,22.1,99,10.9,11.0,3.58,14.0,1.2,0
Indonesia_Jakarta_DryAug,2022-08-05,-6.21,106.85,1.1,29.3,22.3,98,12.1,5.0,3.37,14.0,1.8,0
Indonesia_Surabaya_DryJul,2022-07-01,-7.25,112.75,0.0,30.4,24.1,92,19.7,0.0,4.69,10.0,,0
Indonesia_Surabaya_DryJul,2022-07-02,-7.25,112.75,0.8,30.5,25.3,86,16.1,5.0,3.68,10.0,,0
Indonesia_Surabaya_DryJul,2022-07-03,-7.25,112.75,4.2,29.4,26.4,86,16.4,11.0,3.76,10.0,,0
Indonesia_Surabaya_DryJul,2022-07-04,-7.25,112.75,6.4,28.3,26.3,89,17.1,10.0,3.12,10.0,,0
Indonesia_Surabaya_DryJul,2022-07-05,-7.25,112.75,6.1,29.8,25.5,94,11.1,10.0,3.54,10.0,,0
Philippines_Manila_DryFeb,2023-02-01,14.59,120.98,0.0,31.0,22.9,94,21.1,0.0,4.0,5.0,192.64,0
Philippines_Manila_DryFeb,2023-02-02,14.59,120.98,0.5,31.1,23.8,97,15.9,3.0,3.58,5.0,175.6,0
Philippines_Manila_DryFeb,2023-02-03,14.59,120.98,0.9,31.7,22.8,100,16.2,6.0,4.54,5.0,151.05,0
Philippines_Manila_DryFeb,2023-02-04,14.59,120.98,0.0,30.8,23.1,96,18.4,0.0,4.36,5.0,126.06,0
Philippines_Manila_DryFeb,2023-02-05,14.59,120.98,0.4,30.6,22.5,93,15.2,2.0,3.77,5.0,102.99,0
China_Beijing_DryDec,2022-12-01,39.91,116.4,0.0,-1.2,-8.1,23,19.6,0.0,1.51,47.0,5.01,0
China_Beijing_DryDec,2022-12-02,39.91,116.4,0.0,-2.3,-9.1,56,12.7,0.0,0.83,47.0,4.81,0
China_Beijing_DryDec,2022-12-03,39.91,116.4,0.0,1.7,-7.8,57,24.1,0.0,1.8,47.0,4.81,0
China_Beijing_DryDec,2022-12-04,39.91,116.4,0.0,0.2,-7.7,41,16.6,0.0,1.29,47.0,4.79,0
China_Beijing_DryDec,2022-12-05,39.91,116.4,0.0,3.4,-7.1,38,16.6,0.0,1.41,47.0,4.79,0
China_Xinjiang_DryJun,2022-06-01,43.8,87.61,5.7,20.8,13.8,84,21.9,7.0,2.77,866.0,0.03,0
China_Xinjiang_DryJun,2022-06-02,43.8,87.61,8.8,22.5,13.3,81,25.6,5.0,4.4,866.0,0.03,0
China_Xinjiang_DryJun,2022-06-03,43.8,87.61,0.0,23.2,11.6,72,18.3,0.0,5.52,866.0,0.0,0
China_Xinjiang_DryJun,2022-06-04,43.8,87.61,0.7,24.9,12.6,70,26.9,3.0,5.08,866.0,0.03,0
China_Xinjiang_DryJun,2022-06-05,43.8,87.61,0.1,25.2,12.0,85,13.4,1.0,5.21,866.0,0.0,0
Japan_Tokyo_DryJan,2023-01-01,35.69,139.69,0.0,10.8,-2.2,91,19.1,0.0,1.4,43.0,0.24,0
Japan_Tokyo_DryJan,2023-01-02,35.69,139.69,0.0,8.9,1.1,74,24.5,0.0,1.76,43.0,0.24,0
Japan_Tokyo_DryJan,2023-01-03,35.69,139.69,0.0,8.9,-1.1,70,22.7,0.0,1.83,43.0,0.23,0
Japan_Tokyo_DryJan,2023-01-04,35.69,139.69,0.0,8.6,0.3,70,23.4,0.0,1.75,43.0,0.23,0
Japan_Tokyo_DryJan,2023-01-05,35.69,139.69,0.0,9.3,0.2,67,26.0,0.0,2.16,43.0,0.23,0
SouthKorea_Seoul_DryDec,2022-12-01,37.57,126.98,0.0,-3.5,-9.1,66,11.3,0.0,0.84,37.0,1.44,0
SouthKorea_Seoul_DryDec,2022-12-02,37.57,126.98,0.0,-0.4,-8.1,68,13.0,0.0,1.02,37.0,1.11,0
SouthKorea_Seoul_DryDec,2022-12-03,37.57,126.98,2.4,6.7,-2.3,88,18.3,5.0,1.18,37.0,0.98,0
SouthKorea_Seoul_DryDec,2022-12-04,37.57,126.98,0.0,-2.0,-7.1,51,18.4,0.0,1.34,37.0,0.91,0
SouthKorea_Seoul_DryDec,2022-12-05,37.57,126.98,0.0,-0.2,-7.2,64,12.6,0.0,1.15,37.0,0.86,0
Iran_Tehran_DryAug,2022-08-01,35.69,51.42,0.0,36.0,23.5,52,18.1,0.0,7.17,1166.0,1.2,0
Iran_Tehran_DryAug,2022-08-02,35.69,51.42,0.0,37.3,24.8,38,13.5,0.0,7.54,1166.0,0.53,0
Iran_Tehran_DryAug,2022-08-03,35.69,51.42,0.0,38.3,26.0,30,14.0,0.0,7.53,1166.0,0.26,0
Iran_Tehran_DryAug,2022-08-04,35.69,51.42,0.0,39.2,26.9,26,13.0,0.0,8.51,1166.0,0.16,0
Iran_Tehran_DryAug,2022-08-05,35.69,51.42,0.0,37.1,26.6,30,12.6,0.0,7.42,1166.0,0.09,0
UAE_Dubai_DryJun,2022-06-01,25.2,55.27,0.0,41.8,24.9,88,30.8,0.0,9.34,0.0,2.85,0
UAE_Dubai_DryJun,2022-06-02,25.2,55.27,0.0,38.8,28.0,64,24.5,0.0,8.16,0.0,2.97,0
UAE_Dubai_DryJun,2022-06-03,25.2,55.27,0.0,39.3,25.4,81,26.2,0.0,7.71,0.0,2.97,0
UAE_Dubai_DryJun,2022-06-04,25.2,55.27,0.0,39.5,23.6,77,26.7,0.0,7.47,0.0,2.97,0
UAE_Dubai_DryJun,2022-06-05,25.2,55.27,0.0,40.8,24.1,85,25.5,0.0,7.74,0.0,2.97,0
Iraq_Baghdad_DryJul,2023-07-01,33.32,44.4,0.0,42.8,30.3,31,25.2,0.0,12.13,36.0,0.08,0
Iraq_Baghdad_DryJul,2023-07-02,33.32,44.4,0.0,43.0,28.9,30,30.1,0.0,12.87,36.0,0.08,0
Iraq_Baghdad_DryJul,2023-07-03,33.32,44.4,0.0,42.3,29.2,25,31.9,0.0,12.95,36.0,0.08,0
Iraq_Baghdad_DryJul,2023-07-04,33.32,44.4,0.0,44.7,28.8,35,25.5,0.0,12.7,36.0,0.08,0
Iraq_Baghdad_DryJul,2023-07-05,33.32,44.4,0.0,45.2,30.4,31,28.0,0.0,13.53,36.0,0.08,0
Jordan_Amman_DryAug,2022-08-01,31.96,35.95,0.0,32.0,18.5,65,21.7,0.0,7.75,784.0,3.36,0
Jordan_Amman_DryAug,2022-08-02,31.96,35.95,0.0,33.2,21.3,54,20.0,0.0,8.18,784.0,3.38,0
Jordan_Amman_DryAug,2022-08-03,31.96,35.95,0.0,35.8,21.5,60,17.8,0.0,8.07,784.0,3.38,0
Jordan_Amman_DryAug,2022-08-04,31.96,35.95,0.0,38.3,23.2,51,19.1,0.0,8.2,784.0,3.38,0
Jordan_Amman_DryAug,2022-08-05,31.96,35.95,0.0,37.4,24.9,54,23.4,0.0,9.1,784.0,3.38,0
Kenya_Nairobi_DryJul,2022-07-01,-1.29,36.82,0.1,19.5,10.6,91,9.2,1.0,2.4,1668.0,0.02,0
Kenya_Nairobi_DryJul,2022-07-02,-1.29,36.82,0.0,24.0,11.9,90,10.3,0.0,3.99,1668.0,0.02,0
Kenya_Nairobi_DryJul,2022-07-03,-1.29,36.82,0.0,24.0,10.2,92,13.7,0.0,3.64,1668.0,0.02,0
Kenya_Nairobi_DryJul,2022-07-04,-1.29,36.82,0.0,23.0,8.9,81,13.3,0.0,4.36,1668.0,0.02,0
Kenya_Nairobi_DryJul,2022-07-05,-1.29,36.82,0.0,21.4,10.6,94,12.4,0.0,2.58,1668.0,0.02,0
Egypt_Cairo_DryJun,2022-06-01,30.04,31.23,0.0,34.2,19.7,89,17.3,0.0,7.47,14.0,0.16,0
Egypt_Cairo_DryJun,2022-06-02,30.04,31.23,0.0,34.3,18.9,91,15.1,0.0,7.39,14.0,0.16,0
Egypt_Cairo_DryJun,2022-06-03,30.04,31.23,0.0,35.7,18.9,95,14.8,0.0,7.17,14.0,0.16,0
Egypt_Cairo_DryJun,2022-06-04,30.04,31.23,0.0,37.7,21.9,82,18.5,0.0,7.94,14.0,0.16,0
Egypt_Cairo_DryJun,2022-06-05,30.04,31.23,0.0,37.4,21.8,87,15.0,0.0,7.72,14.0,0.16,0
Libya_Tripoli_DryAug,2022-08-01,32.9,13.18,0.0,31.5,24.1,97,14.2,0.0,5.57,0.0,,0
Libya_Tripoli_DryAug,2022-08-02,32.9,13.18,0.0,31.7,23.9,94,15.5,0.0,5.76,0.0,,0
Libya_Tripoli_DryAug,2022-08-03,32.9,13.18,0.0,31.0,24.0,92,23.1,0.0,6.12,0.0,,0
Libya_Tripoli_DryAug,2022-08-04,32.9,13.18,0.0,31.5,25.4,87,26.0,0.0,6.25,0.0,,0
Libya_Tripoli_DryAug,2022-08-05,32.9,13.18,0.0,32.2,24.6,82,22.4,0.0,6.46,0.0,,0
Morocco_Rabat_DryJul,2023-07-01,34.02,-6.83,0.0,26.4,19.2,98,15.5,0.0,5.19,26.0,0.41,0
Morocco_Rabat_DryJul,2023-07-02,34.02,-6.83,0.0,27.6,21.9,93,16.5,0.0,5.26,26.0,0.42,0
Morocco_Rabat_DryJul,2023-07-03,34.02,-6.83,0.0,27.4,22.2,92,17.0,0.0,5.17,26.0,0.42,0
Morocco_Rabat_DryJul,2023-07-04,34.02,-6.83,0.0,27.4,21.5,96,15.3,0.0,5.13,26.0,0.42,0
Morocco_Rabat_DryJul,2023-07-05,34.02,-6.83,0.0,28.3,21.2,99,16.4,0.0,5.23,26.0,0.42,0
Tanzania_Dodoma_DryJun,2022-06-01,-6.17,35.73,1.3,26.8,15.9,95,25.9,5.0,4.8,1131.0,0.0,0
Tanzania_Dodoma_DryJun,2022-06-02,-6.17,35.73,0.0,26.9,16.2,80,26.2,0.0,5.07,1131.0,0.0,0
Tanzania_Dodoma_DryJun,2022-06-03,-6.17,35.73,0.0,27.5,15.2,70,27.0,0.0,5.52,1131.0,0.0,0
Tanzania_Dodoma_DryJun,2022-06-04,-6.17,35.73,0.0,27.0,14.6,65,25.6,0.0,6.23,1131.0,0.0,0
Tanzania_Dodoma_DryJun,2022-06-05,-6.17,35.73,0.0,28.0,15.5,66,24.4,0.0,5.51,1131.0,0.0,0
Botswana_Gaborone_DryJul,2022-07-01,-24.65,25.91,0.0,18.6,6.2,94,13.0,0.0,2.65,1002.0,1.05,0
Botswana_Gaborone_DryJul,2022-07-02,-24.65,25.91,0.0,19.9,5.4,90,10.7,0.0,2.63,1002.0,0.8,0
Botswana_Gaborone_DryJul,2022-07-03,-24.65,25.91,0.0,21.0,7.7,87,10.2,0.0,2.61,1002.0,0.63,0
Botswana_Gaborone_DryJul,2022-07-04,-24.65,25.91,0.0,21.6,7.4,87,13.0,0.0,2.82,1002.0,0.5,0
Botswana_Gaborone_DryJul,2022-07-05,-24.65,25.91,0.0,22.8,9.1,75,10.9,0.0,2.98,1002.0,0.41,0
Namibia_Windhoek_DryJun,2022-06-01,-22.56,17.08,0.0,19.5,6.1,29,24.9,0.0,5.37,1651.0,0.0,0
Namibia_Windhoek_DryJun,2022-06-02,-22.56,17.08,0.0,20.0,7.3,34,24.0,0.0,5.02,1651.0,0.0,0
Namibia_Windhoek_DryJun,2022-06-03,-22.56,17.08,0.0,19.5,5.4,45,18.6,0.0,4.24,1651.0,0.0,0
Namibia_Windhoek_DryJun,2022-06-04,-22.56,17.08,0.0,19.9,4.8,65,17.9,0.0,3.86,1651.0,0.0,0
Namibia_Windhoek_DryJun,2022-06-05,-22.56,17.08,0.0,20.4,6.2,60,25.3,0.0,4.08,1651.0,0.0,0
UK_London_DryAug,2022-08-01,51.51,-0.12,0.0,25.3,17.0,84,16.7,0.0,3.37,31.0,9.47,0
UK_London_DryAug,2022-08-02,51.51,-0.12,0.2,25.4,17.5,93,25.6,1.0,3.38,31.0,9.12,0
UK_London_DryAug,2022-08-03,51.51,-0.12,0.0,27.0,17.1,96,24.7,0.0,3.88,31.0,8.93,0
UK_London_DryAug,2022-08-04,51.51,-0.12,0.0,24.2,16.8,79,17.7,0.0,4.47,31.0,8.57,0
UK_London_DryAug,2022-08-05,51.51,-0.12,0.0,21.8,13.8,64,18.4,0.0,4.96,31.0,8.23,0
France_Paris_DryJul,2023-07-01,48.86,2.35,2.8,22.6,16.7,92,26.5,8.0,3.66,50.0,1.4,0
France_Paris_DryJul,2023-07-02,48.86,2.35,0.0,23.2,13.8,85,21.6,0.0,5.07,50.0,1.34,0
France_Paris_DryJul,2023-07-03,48.86,2.35,0.3,24.6,14.4,84,21.4,2.0,4.98,50.0,1.33,0
France_Paris_DryJul,2023-07-04,48.86,2.35,6.3,22.3,12.4,90,23.8,7.0,3.3,50.0,1.92,0
France_Paris_DryJul,2023-07-05,48.86,2.35,0.7,21.2,11.6,87,27.2,6.0,4.29,50.0,1.5,0
Germany_Munich_DryAug,2022-08-01,48.14,11.58,2.8,27.5,17.7,91,17.8,2.0,5.22,524.0,2.77,0
Germany_Munich_DryAug,2022-08-02,48.14,11.58,1.8,27.2,15.6,94,16.4,5.0,4.64,524.0,3.58,0
Germany_Munich_DryAug,2022-08-03,48.14,11.58,0.0,30.9,14.2,95,9.7,0.0,5.68,524.0,2.95,0
Germany_Munich_DryAug,2022-08-04,48.14,11.58,0.0,33.5,16.0,90,11.5,0.0,5.89,524.0,2.6,0
Germany_Munich_DryAug,2022-08-05,48.14,11.58,1.7,31.0,19.5,79,16.6,2.0,5.52,524.0,2.39,0
Spain_Madrid_DryJul,2023-07-01,40.42,-3.7,0.0,32.5,17.4,57,20.0,0.0,7.3,667.0,1.53,0
Spain_Madrid_DryJul,2023-07-02,40.42,-3.7,0.3,35.0,20.5,61,30.3,1.0,7.1,667.0,1.52,0
Spain_Madrid_DryJul,2023-07-03,40.42,-3.7,0.0,35.4,20.8,67,27.5,0.0,8.27,667.0,1.52,0
Spain_Madrid_DryJul,2023-07-04,40.42,-3.7,0.0,34.2,20.9,77,15.8,0.0,7.82,667.0,1.52,0
Spain_Madrid_DryJul,2023-07-05,40.42,-3.7,0.1,33.1,18.4,59,16.6,1.0,7.66,667.0,1.52,0
Italy_Rome_DryAug,2022-08-01,41.9,12.48,0.0,34.3,22.3,72,22.2,0.0,6.72,29.0,25.67,0
Italy_Rome_DryAug,2022-08-02,41.9,12.48,0.0,35.4,22.3,80,18.7,0.0,5.73,29.0,25.18,0
Italy_Rome_DryAug,2022-08-03,41.9,12.48,0.0,35.5,22.5,77,20.0,0.0,6.62,29.0,24.29,0
Italy_Rome_DryAug,2022-08-04,41.9,12.48,0.1,35.7,23.3,93,19.1,1.0,6.0,29.0,23.38,0
Italy_Rome_DryAug,2022-08-05,41.9,12.48,0.0,34.8,23.2,95,18.0,0.0,5.93,29.0,22.55,0
Greece_Athens_DryJul,2023-07-01,37.97,23.73,0.0,30.4,22.2,79,17.9,0.0,5.81,87.0,1.75,0
Greece_Athens_DryJul,2023-07-02,37.97,23.73,0.0,31.4,23.4,86,15.5,0.0,5.92,87.0,1.74,0
Greece_Athens_DryJul,2023-07-03,37.97,23.73,0.6,32.4,23.2,80,10.4,5.0,5.69,87.0,1.74,0
Greece_Athens_DryJul,2023-07-04,37.97,23.73,0.8,31.8,22.4,83,8.3,4.0,5.85,87.0,1.74,0
Greece_Athens_DryJul,2023-07-05,37.97,23.73,0.2,34.7,22.6,78,13.8,1.0,6.04,87.0,1.74,0
Turkey_Ankara_DryAug,2022-08-01,39.92,32.85,0.0,33.4,19.9,78,23.2,0.0,6.51,876.0,0.02,0
Turkey_Ankara_DryAug,2022-08-02,39.92,32.85,0.0,32.4,19.5,80,21.6,0.0,6.6,876.0,0.02,0
Turkey_Ankara_DryAug,2022-08-03,39.92,32.85,0.0,32.5,18.6,74,19.9,0.0,6.51,876.0,0.02,0
Turkey_Ankara_DryAug,2022-08-04,39.92,32.85,0.0,34.0,20.4,75,19.6,0.0,6.63,876.0,0.02,0
Turkey_Ankara_DryAug,2022-08-05,39.92,32.85,0.0,33.9,22.1,67,23.2,0.0,6.75,876.0,0.0,0
USA_Arizona_DryJun,2022-06-01,33.45,-112.07,0.0,37.5,21.8,21,17.0,0.0,9.02,335.0,0.81,0
USA_Arizona_DryJun,2022-06-02,33.45,-112.07,0.0,39.2,22.9,20,18.9,0.0,8.48,335.0,0.85,0
USA_Arizona_DryJun,2022-06-03,33.45,-112.07,0.0,39.0,23.0,26,20.1,0.0,9.86,335.0,0.85,0
USA_Arizona_DryJun,2022-06-04,33.45,-112.07,0.0,38.2,22.4,23,15.5,0.0,8.9,335.0,0.85,0
USA_Arizona_DryJun,2022-06-05,33.45,-112.07,0.0,38.6,24.4,32,19.7,0.0,9.06,335.0,0.85,0
USA_Nevada_DryJul,2023-07-01,36.17,-115.14,0.0,41.6,26.8,19,16.2,0.0,8.02,615.0,14.24,0
USA_Nevada_DryJul,2023-07-02,36.17,-115.14,0.0,44.4,27.5,18,10.8,0.0,8.05,615.0,14.6,0
USA_Nevada_DryJul,2023-07-03,36.17,-115.14,0.0,45.0,27.6,17,33.7,0.0,11.37,615.0,14.6,0
USA_Nevada_DryJul,2023-07-04,36.17,-115.14,0.0,39.9,27.4,18,32.4,0.0,12.45,615.0,14.6,0
USA_Nevada_DryJul,2023-07-05,36.17,-115.14,0.0,41.0,24.4,22,22.6,0.0,8.68,615.0,14.6,0
Mexico_Chihuahua_DryJun,2022-06-01,28.64,-106.08,0.0,35.2,22.0,28,23.5,0.0,8.47,1417.0,0.0,0
Mexico_Chihuahua_DryJun,2022-06-02,28.64,-106.08,3.1,34.0,20.2,66,24.2,3.0,6.64,1417.0,0.0,0
Mexico_Chihuahua_DryJun,2022-06-03,28.64,-106.08,3.2,31.6,17.5,84,25.9,1.0,6.11,1417.0,0.06,0
Mexico_Chihuahua_DryJun,2022-06-04,28.64,-106.08,0.0,31.5,18.2,68,18.4,0.0,6.82,1417.0,0.03,0
Mexico_Chihuahua_DryJun,2022-06-05,28.64,-106.08,0.0,36.2,19.1,57,28.5,0.0,9.09,1417.0,0.03,0
Chile_Atacama_DryJun,2022-06-01,-24.5,-69.25,0.0,9.2,-3.2,56,20.3,0.0,2.82,2652.0,0.0,0
Chile_Atacama_DryJun,2022-06-02,-24.5,-69.25,0.0,13.4,-1.4,53,18.4,0.0,3.47,2652.0,0.0,0
Chile_Atacama_DryJun,2022-06-03,-24.5,-69.25,0.0,14.7,2.3,52,17.7,0.0,3.53,2652.0,0.0,0
Chile_Atacama_DryJun,2022-06-04,-24.5,-69.25,0.0,15.0,5.3,72,21.5,0.0,2.86,2652.0,0.0,0
Chile_Atacama_DryJun,2022-06-05,-24.5,-69.25,3.7,11.6,2.7,73,21.6,8.0,2.21,2652.0,0.0,0
Peru_Lima_DryJul,2023-07-01,-12.05,-77.04,0.0,20.8,15.8,91,21.1,0.0,3.02,148.0,37.37,0
Peru_Lima_DryJul,2023-07-02,-12.05,-77.04,0.0,21.2,16.5,90,20.6,0.0,3.21,148.0,36.93,0
Peru_Lima_DryJul,2023-07-03,-12.05,-77.04,0.0,22.0,17.1,84,22.9,0.0,3.41,148.0,36.5,0
Peru_Lima_DryJul,2023-07-04,-12.05,-77.04,0.0,21.7,17.2,86,28.7,0.0,3.3,148.0,36.15,0
Peru_Lima_DryJul,2023-07-05,-12.05,-77.04,0.0,21.5,16.0,95,26.0,0.0,3.08,148.0,35.9,0
Argentina_Mendoza_DryJul,2022-07-01,-32.89,-68.83,4.8,12.1,2.5,82,25.2,6.0,1.7,744.0,2.28,0
Argentina_Mendoza_DryJul,2022-07-02,-32.89,-68.83,0.0,11.2,3.0,71,12.3,0.0,1.78,744.0,1.61,0
Argentina_Mendoza_DryJul,2022-07-03,-32.89,-68.83,0.0,11.8,6.8,49,7.9,0.0,1.24,744.0,1.25,0
Argentina_Mendoza_DryJul,2022-07-04,-32.89,-68.83,0.0,13.9,4.2,63,17.7,0.0,1.98,744.0,1.09,0
Argentina_Mendoza_DryJul,2022-07-05,-32.89,-68.83,0.0,10.9,6.2,68,10.5,0.0,1.76,744.0,1.01,0
Australia_Alice_DryJun,2022-06-01,-23.7,133.88,9.5,16.5,9.6,88,21.2,15.0,1.24,581.0,0.0,0
Australia_Alice_DryJun,2022-06-02,-23.7,133.88,10.3,20.4,12.4,94,21.7,10.0,1.8,581.0,0.0,0
Australia_Alice_DryJun,2022-06-03,-23.7,133.88,0.1,17.4,9.1,96,20.0,1.0,1.9,581.0,0.0,0
Australia_Alice_DryJun,2022-06-04,-23.7,133.88,0.0,18.0,6.2,94,13.7,0.0,2.56,581.0,0.0,0
Australia_Alice_DryJun,2022-06-05,-23.7,133.88,0.0,19.9,9.9,90,16.4,0.0,2.72,581.0,0.0,0
Australia_Perth_DryJan,2023-01-01,-31.95,115.86,0.0,26.0,16.6,75,37.6,0.0,6.67,16.0,0.37,0
Australia_Perth_DryJan,2023-01-02,-31.95,115.86,0.0,32.0,16.2,65,23.5,0.0,9.01,16.0,0.37,0
Australia_Perth_DryJan,2023-01-03,-31.95,115.86,0.0,34.8,17.6,63,25.6,0.0,9.61,16.0,0.37,0
Australia_Perth_DryJan,2023-01-04,-31.95,115.86,0.0,35.8,18.6,62,24.1,0.0,9.53,16.0,0.36,0
Australia_Perth_DryJan,2023-01-05,-31.95,115.86,0.0,36.9,22.5,44,33.9,0.0,10.62,16.0,0.36,0
Russia_Novosibirsk_DryFeb,2023-02-01,55.01,82.93,0.0,-15.0,-23.1,90,12.1,0.0,0.16,111.0,0.31,0
Russia_Novosibirsk_DryFeb,2023-02-02,55.01,82.93,0.0,-18.0,-26.5,83,12.2,0.0,0.15,111.0,0.33,0
Russia_Novosibirsk_DryFeb,2023-02-03,55.01,82.93,0.0,-15.2,-21.7,87,11.4,0.0,0.17,111.0,0.33,0
Russia_Novosibirsk_DryFeb,2023-02-04,55.01,82.93,0.0,-12.4,-22.8,87,12.1,0.0,0.18,111.0,0.33,0
Russia_Novosibirsk_DryFeb,2023-02-05,55.01,82.93,0.0,-11.9,-20.7,90,10.3,0.0,0.18,111.0,0.33,0
Kazakhstan_Astana_DryJan,2023-01-01,51.18,71.45,0.0,-8.6,-13.5,89,20.1,0.0,0.17,360.0,0.44,0
Kazakhstan_Astana_DryJan,2023-01-02,51.18,71.45,0.4,-4.3,-11.2,91,21.0,3.0,0.21,360.0,0.44,0
Kazakhstan_Astana_DryJan,2023-01-03,51.18,71.45,4.5,0.3,-4.6,91,33.9,16.0,0.28,360.0,0.44,0
Kazakhstan_Astana_DryJan,2023-01-04,51.18,71.45,5.2,-1.7,-7.1,90,35.2,16.0,0.32,360.0,0.44,0
Kazakhstan_Astana_DryJan,2023-01-05,51.18,71.45,3.0,0.4,-0.6,98,32.7,12.0,0.21,360.0,0.44,0
Mongolia_Ulaanbaatar_DryJan,2023-01-01,47.91,106.92,0.0,-18.7,-22.5,89,7.4,0.0,0.18,1290.0,0.0,0
Mongolia_Ulaanbaatar_DryJan,2023-01-02,47.91,106.92,0.0,-15.0,-29.2,87,10.9,0.0,0.22,1290.0,0.0,0
Mongolia_Ulaanbaatar_DryJan,2023-01-03,47.91,106.92,0.0,-17.5,-23.3,86,9.1,0.0,0.19,1290.0,0.0,0
Mongolia_Ulaanbaatar_DryJan,2023-01-04,47.91,106.92,0.0,-12.9,-27.6,88,10.5,0.0,0.28,1290.0,0.0,0
Mongolia_Ulaanbaatar_DryJan,2023-01-05,47.91,106.92,0.1,-10.1,-24.0,85,9.4,1.0,0.29,1290.0,0.0,0
SAFE_18.57_73.77_2026-05-15,2026-05-15,18.574,73.768,0.2,36.0,24.9,80,17.7,2.0,6.98,578.0,2.37,0
SAFE_18.57_73.77_2026-05-16,2026-05-16,18.574,73.768,0.0,37.7,23.5,89,18.1,0.0,6.58,578.0,2.34,0
SAFE_18.57_73.77_2026-05-17,2026-05-17,18.574,73.768,0.2,38.1,24.6,90,16.1,2.0,6.68,578.0,2.31,0
SAFE_18.57_73.77_2026-05-18,2026-05-18,18.574,73.768,0.0,39.9,22.6,88,20.0,0.0,6.79,578.0,2.28,0
SAFE_18.57_73.77_2026-05-19,2026-05-19,18.574,73.768,0.5,35.9,24.1,85,15.8,4.0,6.52,578.0,2.28,0
SAFE_18.57_73.77_2026-05-20,2026-05-20,18.574,73.768,2.8,35.2,23.5,89,15.6,3.0,5.9,578.0,2.31,0
SAFE_18.57_73.77_2026-05-21,2026-05-21,18.574,73.768,0.7,37.2,24.0,88,17.6,2.0,6.31,578.0,2.5,0
SAFE_18.57_73.77_2026-05-22,2026-05-22,18.574,73.768,9.5,36.2,25.3,85,17.6,7.0,4.91,578.0,2.75,0
SAFE_18.60_73.74_2026-05-15,2026-05-15,18.597,73.738,0.2,36.0,24.9,80,17.7,2.0,6.98,577.0,1.0,0
SAFE_18.60_73.74_2026-05-16,2026-05-16,18.597,73.738,0.0,37.7,23.5,89,18.1,0.0,6.58,577.0,1.0,0
SAFE_18.60_73.74_2026-05-17,2026-05-17,18.597,73.738,0.2,38.1,24.6,90,16.1,2.0,6.68,577.0,0.97,0
SAFE_18.60_73.74_2026-05-18,2026-05-18,18.597,73.738,0.0,39.9,22.6,88,20.0,0.0,6.79,577.0,0.97,0
SAFE_18.60_73.74_2026-05-19,2026-05-19,18.597,73.738,0.5,35.9,24.1,85,15.8,4.0,6.52,577.0,0.97,0
SAFE_18.60_73.74_2026-05-20,2026-05-20,18.597,73.738,2.8,35.2,23.5,89,15.6,3.0,5.9,577.0,0.97,0
SAFE_18.60_73.74_2026-05-21,2026-05-21,18.597,73.738,0.7,37.2,24.0,88,17.6,2.0,6.31,577.0,1.0,0
SAFE_18.60_73.74_2026-05-22,2026-05-22,18.597,73.738,9.5,36.2,25.3,85,17.6,7.0,4.91,577.0,1.19,0
SAFE_26.91_75.79_2026-05-15,2026-05-15,26.912,75.787,0.3,38.8,26.5,58,16.2,2.0,7.54,431.0,0.91,0
SAFE_26.91_75.79_2026-05-16,2026-05-16,26.912,75.787,0.0,40.2,27.9,42,13.4,0.0,7.53,431.0,0.91,0
SAFE_26.91_75.79_2026-05-17,2026-05-17,26.912,75.787,0.0,41.7,28.8,41,17.3,0.0,8.27,431.0,0.91,0
SAFE_26.91_75.79_2026-05-18,2026-05-18,26.912,75.787,0.0,42.6,30.8,33,16.4,0.0,9.47,431.0,0.91,0
SAFE_26.91_75.79_2026-05-19,2026-05-19,26.912,75.787,0.0,42.7,31.6,23,16.3,0.0,9.11,431.0,0.91,0
SAFE_26.91_75.79_2026-05-20,2026-05-20,26.912,75.787,0.0,40.9,31.5,32,14.6,0.0,9.31,431.0,0.91,0
SAFE_26.91_75.79_2026-05-21,2026-05-21,26.912,75.787,0.0,40.7,31.6,30,18.2,0.0,10.17,431.0,0.91,0
SAFE_26.91_75.79_2026-05-22,2026-05-22,26.912,75.787,0.0,40.5,31.0,29,17.6,0.0,9.78,431.0,0.91,0
SAFE_23.03_72.58_2026-05-15,2026-05-15,23.033,72.585,0.0,40.0,28.0,77,13.6,0.0,7.85,52.0,1.4,0
SAFE_23.03_72.58_2026-05-16,2026-05-16,23.033,72.585,0.0,41.0,28.8,74,10.7,0.0,7.8,52.0,1.44,0
SAFE_23.03_72.58_2026-05-17,2026-05-17,23.033,72.585,0.0,42.0,30.2,63,12.5,0.0,8.2,52.0,1.4,0
SAFE_23.03_72.58_2026-05-18,2026-05-18,23.033,72.585,0.0,43.0,31.2,38,14.7,0.0,9.53,52.0,1.4,0
SAFE_23.03_72.58_2026-05-19,2026-05-19,23.033,72.585,0.0,42.2,29.0,58,13.8,0.0,8.62,52.0,1.4,0
SAFE_23.03_72.58_2026-05-20,2026-05-20,23.033,72.585,0.0,42.1,28.6,70,14.6,0.0,7.85,52.0,1.4,0
SAFE_23.03_72.58_2026-05-21,2026-05-21,23.033,72.585,0.0,41.0,28.9,70,12.1,0.0,7.54,52.0,1.44,0
SAFE_23.03_72.58_2026-05-22,2026-05-22,23.033,72.585,0.0,41.8,29.5,62,14.5,0.0,7.91,52.0,1.4,0
SAFE_23.26_77.41_2026-05-15,2026-05-15,23.259,77.412,0.0,41.0,30.8,29,17.4,0.0,9.25,497.0,0.31,0
SAFE_23.26_77.41_2026-05-16,2026-05-16,23.259,77.412,0.0,41.4,29.9,28,18.1,0.0,9.55,497.0,0.31,0
SAFE_23.26_77.41_2026-05-17,2026-05-17,23.259,77.412,0.0,41.9,30.0,35,15.3,0.0,8.74,497.0,0.31,0
SAFE_23.26_77.41_2026-05-18,2026-05-18,23.259,77.412,0.0,42.6,31.1,28,14.1,0.0,8.37,497.0,0.31,0
SAFE_23.26_77.41_2026-05-19,2026-05-19,23.259,77.412,0.0,43.0,31.8,26,17.7,0.0,8.52,497.0,0.31,0
SAFE_23.26_77.41_2026-05-20,2026-05-20,23.259,77.412,0.0,42.3,31.9,23,19.8,0.0,10.53,497.0,0.31,0
SAFE_23.26_77.41_2026-05-21,2026-05-21,23.259,77.412,0.0,41.3,31.1,32,18.2,0.0,10.09,497.0,0.31,0
SAFE_23.26_77.41_2026-05-22,2026-05-22,23.259,77.412,0.0,41.7,30.5,25,16.7,0.0,9.88,497.0,0.31,0
SAFE_21.14_79.09_2026-05-15,2026-05-15,21.145,79.089,0.0,42.5,31.6,50,20.4,0.0,8.47,307.0,1.34,0
SAFE_21.14_79.09_2026-05-16,2026-05-16,21.145,79.089,0.0,42.8,30.6,48,14.0,0.0,7.82,307.0,1.34,0
SAFE_21.14_79.09_2026-05-17,2026-05-17,21.145,79.089,0.0,43.0,29.5,60,12.5,0.0,7.48,307.0,1.34,0
SAFE_21.14_79.09_2026-05-18,2026-05-18,21.145,79.089,0.0,43.8,31.8,49,16.0,0.0,8.62,307.0,1.34,0
SAFE_21.14_79.09_2026-05-19,2026-05-19,21.145,79.089,0.0,44.5,32.5,46,14.5,0.0,8.5,307.0,1.34,0
SAFE_21.14_79.09_2026-05-20,2026-05-20,21.145,79.089,0.0,44.8,31.9,41,17.2,0.0,8.64,307.0,1.34,0
SAFE_21.14_79.09_2026-05-21,2026-05-21,21.145,79.089,0.0,44.0,34.0,27,16.3,0.0,9.26,307.0,1.34,0
SAFE_21.14_79.09_2026-05-22,2026-05-22,21.145,79.089,0.0,44.3,33.7,27,16.1,0.0,9.45,307.0,1.34,0
SAFE_22.72_75.86_2026-05-15,2026-05-15,22.719,75.857,0.0,40.5,28.8,37,18.0,0.0,9.98,555.0,0.59,0
SAFE_22.72_75.86_2026-05-16,2026-05-16,22.719,75.857,0.0,39.1,26.6,59,16.2,0.0,8.89,555.0,0.59,0
SAFE_22.72_75.86_2026-05-17,2026-05-17,22.719,75.857,0.0,41.4,28.5,34,12.6,0.0,8.34,555.0,0.59,0
SAFE_22.72_75.86_2026-05-18,2026-05-18,22.719,75.857,0.0,42.2,30.1,36,21.3,0.0,8.44,555.0,0.59,0
SAFE_22.72_75.86_2026-05-19,2026-05-19,22.719,75.857,0.0,42.0,30.1,30,17.7,0.0,9.63,555.0,0.59,0
SAFE_22.72_75.86_2026-05-20,2026-05-20,22.719,75.857,0.0,40.0,28.4,47,16.6,0.0,9.02,555.0,0.59,0
SAFE_22.72_75.86_2026-05-21,2026-05-21,22.719,75.857,0.0,39.8,27.8,56,14.7,0.0,8.89,555.0,0.59,0
SAFE_22.72_75.86_2026-05-22,2026-05-22,22.719,75.857,0.0,40.3,29.0,42,16.7,0.0,9.28,555.0,0.59,0
SAFE_17.39_78.49_2026-05-15,2026-05-15,17.385,78.486,0.2,37.4,27.5,68,9.8,2.0,6.06,508.0,9.35,0
SAFE_17.39_78.49_2026-05-16,2026-05-16,17.385,78.486,1.0,37.7,29.4,63,14.1,2.0,6.21,508.0,9.4,0
SAFE_17.39_78.49_2026-05-17,2026-05-17,17.385,78.486,0.4,36.5,27.6,68,12.1,2.0,6.03,508.0,9.47,0
SAFE_17.39_78.49_2026-05-18,2026-05-18,17.385,78.486,0.6,36.7,27.8,68,13.2,3.0,6.25,508.0,9.45,0
SAFE_17.39_78.49_2026-05-19,2026-05-19,17.385,78.486,0.3,37.9,28.0,71,11.3,2.0,6.67,508.0,9.38,0
SAFE_17.39_78.49_2026-05-20,2026-05-20,17.385,78.486,0.3,38.5,28.1,66,12.4,2.0,7.35,508.0,9.28,0
SAFE_17.39_78.49_2026-05-21,2026-05-21,17.385,78.486,0.0,40.0,29.3,56,13.4,0.0,7.45,508.0,9.16,0
SAFE_17.39_78.49_2026-05-22,2026-05-22,17.385,78.486,0.0,40.3,29.6,59,21.5,0.0,8.22,508.0,9.19,0
SAFE_12.97_77.59_2026-05-15,2026-05-15,12.971,77.594,0.4,31.0,22.5,89,14.1,1.0,4.04,916.0,0.63,0
SAFE_12.97_77.59_2026-05-16,2026-05-16,12.971,77.594,4.0,33.2,23.5,80,13.2,9.0,4.17,916.0,0.63,0
SAFE_12.97_77.59_2026-05-17,2026-05-17,12.971,77.594,0.0,34.0,22.6,90,13.9,0.0,5.28,916.0,0.63,0
SAFE_12.97_77.59_2026-05-18,2026-05-18,12.971,77.594,31.0,33.2,22.5,96,14.9,7.0,3.98,916.0,0.63,0
SAFE_12.97_77.59_2026-05-19,2026-05-19,12.971,77.594,2.9,29.0,21.4,98,15.4,7.0,4.3,916.0,1.31,0
SAFE_12.97_77.59_2026-05-20,2026-05-20,12.971,77.594,5.7,30.0,21.9,90,14.7,5.0,4.45,916.0,1.44,0
SAFE_12.97_77.59_2026-05-21,2026-05-21,12.971,77.594,0.2,32.0,22.1,96,13.2,2.0,5.24,916.0,1.59,0
SAFE_12.97_77.59_2026-05-22,2026-05-22,12.971,77.594,11.4,31.9,21.9,94,13.2,6.0,3.76,916.0,1.72,0
SAFE_28.53_77.21_2026-05-15,2026-05-15,28.527,77.211,0.0,39.6,28.6,49,18.6,0.0,7.74,229.0,1.22,0
SAFE_28.53_77.21_2026-05-16,2026-05-16,28.527,77.211,0.0,40.0,28.5,46,17.0,0.0,7.88,229.0,1.09,0
SAFE_28.53_77.21_2026-05-17,2026-05-17,28.527,77.211,0.1,40.8,29.5,39,21.4,1.0,9.03,229.0,1.09,0
SAFE_28.53_77.21_2026-05-18,2026-05-18,28.527,77.211,0.0,42.8,29.2,43,18.6,0.0,9.15,229.0,1.09,0
SAFE_28.53_77.21_2026-05-19,2026-05-19,28.527,77.211,0.0,44.0,30.6,30,16.6,0.0,9.39,229.0,1.09,0
SAFE_28.53_77.21_2026-05-20,2026-05-20,28.527,77.211,0.0,43.2,31.4,28,14.3,0.0,8.64,229.0,1.06,0
SAFE_28.53_77.21_2026-05-21,2026-05-21,28.527,77.211,0.0,42.2,32.8,34,21.3,0.0,10.33,229.0,1.06,0
SAFE_28.53_77.21_2026-05-22,2026-05-22,28.527,77.211,0.0,42.2,31.4,30,15.4,0.0,9.18,229.0,1.06,0
SAFE_30.73_76.78_2026-05-15,2026-05-15,30.733,76.779,0.7,35.1,23.6,68,17.3,1.0,6.3,345.0,0.16,0
SAFE_30.73_76.78_2026-05-16,2026-05-16,30.733,76.779,0.1,35.8,24.2,53,17.7,1.0,6.9,345.0,0.16,0
SAFE_30.73_76.78_2026-05-17,2026-05-17,30.733,76.779,0.0,37.8,25.2,48,19.6,0.0,8.12,345.0,0.16,0
SAFE_30.73_76.78_2026-05-18,2026-05-18,30.733,76.779,0.0,39.8,26.4,47,16.9,0.0,8.22,345.0,0.16,0
SAFE_30.73_76.78_2026-05-19,2026-05-19,30.733,76.779,0.0,40.8,30.0,44,14.3,0.0,7.79,345.0,0.16,0
SAFE_30.73_76.78_2026-05-20,2026-05-20,30.733,76.779,0.0,41.8,26.0,47,9.5,0.0,7.05,345.0,0.16,0
SAFE_30.73_76.78_2026-05-21,2026-05-21,30.733,76.779,0.0,41.3,25.5,54,16.3,0.0,7.24,345.0,0.16,0
SAFE_30.73_76.78_2026-05-22,2026-05-22,30.733,76.779,0.2,39.3,28.2,43,19.1,1.0,7.38,345.0,0.16,0
SAFE_26.85_80.95_2026-05-15,2026-05-15,26.847,80.947,5.0,36.4,26.6,91,15.1,3.0,4.92,118.0,19.46,0
SAFE_26.85_80.95_2026-05-16,2026-05-16,26.847,80.947,0.0,39.7,27.4,81,14.3,0.0,6.6,118.0,20.38,0
SAFE_26.85_80.95_2026-05-17,2026-05-17,26.847,80.947,0.0,40.9,28.6,53,20.7,0.0,8.38,118.0,20.09,0
SAFE_26.85_80.95_2026-05-18,2026-05-18,26.847,80.947,0.0,42.0,30.6,41,14.8,0.0,8.05,118.0,18.91,0
SAFE_26.85_80.95_2026-05-19,2026-05-19,26.847,80.947,0.0,41.8,30.2,61,12.5,0.0,6.82,118.0,18.72,0
SAFE_26.85_80.95_2026-05-20,2026-05-20,26.847,80.947,0.0,42.8,30.0,70,15.1,0.0,7.03,118.0,18.59,0
SAFE_26.85_80.95_2026-05-21,2026-05-21,26.847,80.947,0.0,42.8,31.5,61,15.0,0.0,8.2,118.0,18.45,0
SAFE_26.85_80.95_2026-05-22,2026-05-22,26.847,80.947,0.0,41.9,29.2,60,13.1,0.0,7.46,118.0,18.36,0
SAFE_25.61_85.14_2026-05-15,2026-05-15,25.614,85.144,0.0,35.8,25.9,87,10.7,0.0,5.34,55.0,3046.89,0
SAFE_25.61_85.14_2026-05-16,2026-05-16,25.614,85.144,0.0,37.0,27.1,90,8.3,0.0,5.53,55.0,3046.89,0
SAFE_25.61_85.14_2026-05-17,2026-05-17,25.614,85.144,0.0,39.4,27.3,94,17.3,0.0,6.33,55.0,3082.19,0
SAFE_25.61_85.14_2026-05-18,2026-05-18,25.614,85.144,0.0,37.8,27.4,92,17.1,0.0,5.84,55.0,3075.1,0
SAFE_25.61_85.14_2026-05-19,2026-05-19,25.614,85.144,0.0,34.8,27.2,90,18.2,0.0,5.51,55.0,3053.92,0
SAFE_25.61_85.14_2026-05-20,2026-05-20,25.614,85.144,0.5,35.9,28.1,87,11.3,4.0,5.31,55.0,3018.95,0
SAFE_25.61_85.14_2026-05-21,2026-05-21,25.614,85.144,0.0,38.3,28.9,86,16.9,0.0,6.09,55.0,2970.67,0
SAFE_25.61_85.14_2026-05-22,2026-05-22,25.614,85.144,0.0,38.2,28.0,88,12.1,0.0,5.84,55.0,2923.15,0
SAFE_26.92_70.90_2026-05-15,2026-05-15,26.92,70.9,0.0,38.5,27.5,63,16.3,0.0,7.24,240.0,0.03,0
SAFE_26.92_70.90_2026-05-16,2026-05-16,26.92,70.9,0.0,40.8,28.6,66,14.0,0.0,7.28,240.0,0.03,0
SAFE_26.92_70.90_2026-05-17,2026-05-17,26.92,70.9,0.0,42.5,30.0,52,16.4,0.0,9.52,240.0,0.03,0
SAFE_26.92_70.90_2026-05-18,2026-05-18,26.92,70.9,0.0,41.8,28.9,33,19.9,0.0,11.04,240.0,0.03,0
SAFE_26.92_70.90_2026-05-19,2026-05-19,26.92,70.9,0.0,41.3,26.1,68,19.3,0.0,8.86,240.0,0.03,0
SAFE_26.92_70.90_2026-05-20,2026-05-20,26.92,70.9,0.0,42.0,28.5,61,21.0,0.0,9.87,240.0,0.03,0
SAFE_26.92_70.90_2026-05-21,2026-05-21,26.92,70.9,0.0,39.7,27.4,57,21.7,0.0,9.54,240.0,0.03,0
SAFE_26.92_70.90_2026-05-22,2026-05-22,26.92,70.9,0.0,41.4,27.4,64,16.3,0.0,7.95,240.0,0.03,0
SAFE_27.50_72.00_2026-05-15,2026-05-15,27.5,72.0,0.0,39.2,27.1,62,13.2,0.0,7.11,182.0,0.0,0
SAFE_27.50_72.00_2026-05-16,2026-05-16,27.5,72.0,0.0,41.0,25.8,58,12.0,0.0,6.77,182.0,0.0,0
SAFE_27.50_72.00_2026-05-17,2026-05-17,27.5,72.0,0.0,43.4,30.2,37,15.2,0.0,8.83,182.0,0.0,0
SAFE_27.50_72.00_2026-05-18,2026-05-18,27.5,72.0,0.0,44.2,31.0,23,21.1,0.0,11.46,182.0,0.0,0
SAFE_27.50_72.00_2026-05-19,2026-05-19,27.5,72.0,0.0,42.7,27.8,47,16.4,0.0,9.3,182.0,0.0,0
SAFE_27.50_72.00_2026-05-20,2026-05-20,27.5,72.0,0.0,42.5,31.4,51,21.1,0.0,9.95,182.0,0.0,0
SAFE_27.50_72.00_2026-05-21,2026-05-21,27.5,72.0,0.0,41.2,29.1,38,21.5,0.0,9.48,182.0,0.0,0
SAFE_27.50_72.00_2026-05-22,2026-05-22,27.5,72.0,0.0,42.0,30.4,43,12.6,0.0,7.34,182.0,0.0,0
SAFE_25.75_71.39_2026-05-15,2026-05-15,25.747,71.394,0.0,38.8,26.7,69,16.9,0.0,7.81,201.0,0.12,0
SAFE_25.75_71.39_2026-05-16,2026-05-16,25.747,71.394,0.0,40.3,28.1,66,16.3,0.0,7.69,201.0,0.12,0
SAFE_25.75_71.39_2026-05-17,2026-05-17,25.747,71.394,0.0,42.5,29.5,53,18.2,0.0,9.61,201.0,0.12,0
SAFE_25.75_71.39_2026-05-18,2026-05-18,25.747,71.394,0.0,42.0,28.8,34,19.8,0.0,11.01,201.0,0.12,0
SAFE_25.75_71.39_2026-05-19,2026-05-19,25.747,71.394,0.0,41.4,25.5,71,20.9,0.0,9.29,201.0,0.12,0
SAFE_25.75_71.39_2026-05-20,2026-05-20,25.747,71.394,0.0,42.0,27.5,75,21.3,0.0,9.85,201.0,0.12,0
SAFE_25.75_71.39_2026-05-21,2026-05-21,25.747,71.394,0.0,41.1,26.9,62,22.4,0.0,10.34,201.0,0.12,0
SAFE_25.75_71.39_2026-05-22,2026-05-22,25.747,71.394,0.0,41.2,26.2,74,18.0,0.0,8.71,201.0,0.12,0
SAFE_-1.29_36.82_2026-05-15,2026-05-15,-1.286,36.817,0.7,23.3,16.0,90,9.8,4.0,4.03,1671.0,14.7,0
SAFE_-1.29_36.82_2026-05-16,2026-05-16,-1.286,36.817,1.7,24.4,15.9,95,13.1,8.0,4.06,1671.0,11.19,0
SAFE_-1.29_36.82_2026-05-17,2026-05-17,-1.286,36.817,1.6,23.4,15.4,97,9.3,8.0,4.13,1671.0,6.41,0
SAFE_-1.29_36.82_2026-05-18,2026-05-18,-1.286,36.817,0.7,23.6,15.7,95,9.5,6.0,3.94,1671.0,5.25,0
SAFE_-1.29_36.82_2026-05-19,2026-05-19,-1.286,36.817,0.0,24.4,14.3,95,10.0,0.0,4.51,1671.0,4.37,0
SAFE_-1.29_36.82_2026-05-20,2026-05-20,-1.286,36.817,0.0,24.5,14.6,98,9.3,0.0,4.41,1671.0,2.4,0
SAFE_-1.29_36.82_2026-05-21,2026-05-21,-1.286,36.817,0.7,24.8,16.0,92,9.4,5.0,3.8,1671.0,1.25,0
SAFE_-1.29_36.82_2026-05-22,2026-05-22,-1.286,36.817,0.1,25.1,14.9,96,11.7,1.0,4.37,1671.0,1.78,0
SAFE_24.69_46.72_2026-05-15,2026-05-15,24.688,46.722,0.0,39.1,27.7,18,14.2,0.0,8.41,611.0,0.66,0
SAFE_24.69_46.72_2026-05-16,2026-05-16,24.688,46.722,0.0,41.7,28.7,17,17.9,0.0,8.9,611.0,0.66,0
SAFE_24.69_46.72_2026-05-17,2026-05-17,24.688,46.722,0.0,35.1,24.9,13,14.2,0.0,8.47,611.0,0.66,0
SAFE_24.69_46.72_2026-05-18,2026-05-18,24.688,46.722,0.0,36.2,24.0,19,9.4,0.0,7.09,611.0,0.66,0
SAFE_24.69_46.72_2026-05-19,2026-05-19,24.688,46.722,0.0,42.0,28.2,18,15.7,0.0,8.72,611.0,0.66,0
SAFE_24.69_46.72_2026-05-20,2026-05-20,24.688,46.722,0.0,39.3,30.5,20,11.3,0.0,7.84,611.0,0.66,0
SAFE_24.69_46.72_2026-05-21,2026-05-21,24.688,46.722,0.0,42.7,28.4,16,15.5,0.0,8.27,611.0,0.66,0
SAFE_24.69_46.72_2026-05-22,2026-05-22,24.688,46.722,0.0,38.9,28.2,20,13.1,0.0,8.51,611.0,0.66,0
SAFE_30.04_31.24_2026-05-15,2026-05-15,30.044,31.236,0.0,33.0,21.2,56,17.0,0.0,7.66,23.0,0.16,0
SAFE_30.04_31.24_2026-05-16,2026-05-16,30.044,31.236,0.0,32.8,17.9,80,10.6,0.0,6.14,23.0,0.16,0
SAFE_30.04_31.24_2026-05-17,2026-05-17,30.044,31.236,0.0,41.3,22.9,54,19.8,0.0,8.18,23.0,0.16,0
SAFE_30.04_31.24_2026-05-18,2026-05-18,30.044,31.236,0.0,39.7,25.2,45,15.8,0.0,8.58,23.0,0.16,0
SAFE_30.04_31.24_2026-05-19,2026-05-19,30.044,31.236,0.0,37.0,22.4,55,16.7,0.0,8.06,23.0,0.16,0
SAFE_30.04_31.24_2026-05-20,2026-05-20,30.044,31.236,0.0,30.5,21.0,56,18.3,0.0,7.19,23.0,0.16,0
SAFE_30.04_31.24_2026-05-21,2026-05-21,30.044,31.236,0.0,29.1,17.8,75,13.9,0.0,6.02,23.0,0.16,0
SAFE_30.04_31.24_2026-05-22,2026-05-22,30.044,31.236,0.0,30.5,17.8,76,15.5,0.0,6.38,23.0,0.16,0
SAFE_33.45_-112.07_2026-05-15,2026-05-15,33.448,-112.073,0.0,36.2,22.8,23,11.8,0.0,7.21,335.0,8.16,0
SAFE_33.45_-112.07_2026-05-16,2026-05-16,33.448,-112.073,0.0,36.2,23.4,26,19.2,0.0,8.75,335.0,8.16,0
SAFE_33.45_-112.07_2026-05-17,2026-05-17,33.448,-112.073,0.0,34.4,22.5,30,18.8,0.0,8.17,335.0,8.16,0
SAFE_33.45_-112.07_2026-05-18,2026-05-18,33.448,-112.073,0.0,29.6,19.6,54,11.6,0.0,6.65,335.0,8.12,0
SAFE_33.45_-112.07_2026-05-19,2026-05-19,33.448,-112.073,0.0,32.1,20.3,24,10.5,0.0,6.69,335.0,8.16,0
SAFE_33.45_-112.07_2026-05-20,2026-05-20,33.448,-112.073,0.0,33.8,21.0,15,10.9,0.0,6.99,335.0,8.18,0
SAFE_33.45_-112.07_2026-05-21,2026-05-21,33.448,-112.073,0.0,34.5,20.5,18,12.3,0.0,7.39,335.0,8.18,0
SAFE_33.45_-112.07_2026-05-22,2026-05-22,33.448,-112.073,0.0,35.4,21.4,28,16.6,0.0,7.79,335.0,8.18,0
SAFE_40.42_-3.70_2026-05-15,2026-05-15,40.416,-3.703,2.2,16.2,9.7,62,17.6,3.0,4.15,651.0,1.78,0
SAFE_40.42_-3.70_2026-05-16,2026-05-16,40.416,-3.703,0.0,19.5,6.5,75,10.1,0.0,4.91,651.0,1.81,0
SAFE_40.42_-3.70_2026-05-17,2026-05-17,40.416,-3.703,0.8,22.9,8.9,75,12.5,4.0,4.9,651.0,1.72,0
SAFE_40.42_-3.70_2026-05-18,2026-05-18,40.416,-3.703,0.0,23.4,10.3,84,14.9,0.0,5.6,651.0,1.72,0
SAFE_40.42_-3.70_2026-05-19,2026-05-19,40.416,-3.703,0.0,26.4,12.5,71,11.3,0.0,5.94,651.0,1.69,0
SAFE_40.42_-3.70_2026-05-20,2026-05-20,40.416,-3.703,0.0,29.8,14.6,72,9.5,0.0,6.03,651.0,1.65,0
SAFE_40.42_-3.70_2026-05-21,2026-05-21,40.416,-3.703,0.0,31.8,16.7,60,11.8,0.0,6.95,651.0,1.65,0
SAFE_40.42_-3.70_2026-05-22,2026-05-22,40.416,-3.703,0.0,32.4,18.1,43,13.4,0.0,7.34,651.0,1.65,0
SAFE_39.92_32.85_2026-05-15,2026-05-15,39.92,32.854,4.2,17.0,9.4,96,12.1,13.0,3.72,865.0,4.97,0
SAFE_39.92_32.85_2026-05-16,2026-05-16,39.92,32.854,0.0,20.4,6.7,90,10.8,0.0,5.1,865.0,4.66,0
SAFE_39.92_32.85_2026-05-17,2026-05-17,39.92,32.854,5.3,19.9,11.5,91,17.5,13.0,4.11,865.0,3.97,0
SAFE_39.92_32.85_2026-05-18,2026-05-18,39.92,32.854,0.9,16.9,8.5,90,16.9,7.0,3.67,865.0,4.66,0
SAFE_39.92_32.85_2026-05-19,2026-05-19,39.92,32.854,1.0,19.2,8.6,88,6.7,6.0,4.04,865.0,4.25,0
SAFE_39.92_32.85_2026-05-20,2026-05-20,39.92,32.854,16.9,16.3,11.4,93,11.6,10.0,2.47,865.0,3.41,0
SAFE_39.92_32.85_2026-05-21,2026-05-21,39.92,32.854,13.4,18.0,9.5,95,15.5,11.0,3.53,865.0,5.37,0
SAFE_39.92_32.85_2026-05-22,2026-05-22,39.92,32.854,1.3,18.5,9.3,100,10.2,4.0,3.75,865.0,5.9,0
SAFE_-12.05_-77.04_2026-05-15,2026-05-15,-12.046,-77.043,0.0,25.0,20.0,87,15.9,0.0,3.66,139.0,82.37,0
SAFE_-12.05_-77.04_2026-05-16,2026-05-16,-12.046,-77.043,0.0,23.8,19.6,88,14.0,0.0,3.36,139.0,81.04,0
SAFE_-12.05_-77.04_2026-05-17,2026-05-17,-12.046,-77.043,0.0,23.8,19.4,89,15.0,0.0,3.11,139.0,79.72,0
SAFE_-12.05_-77.04_2026-05-18,2026-05-18,-12.046,-77.043,0.2,23.6,20.0,88,17.2,2.0,3.02,139.0,78.43,0
SAFE_-12.05_-77.04_2026-05-19,2026-05-19,-12.046,-77.043,0.0,23.0,19.4,82,19.0,0.0,3.44,139.0,77.16,0
SAFE_-12.05_-77.04_2026-05-20,2026-05-20,-12.046,-77.043,0.0,24.0,18.3,85,18.1,0.0,3.61,139.0,76.09,0
SAFE_-12.05_-77.04_2026-05-21,2026-05-21,-12.046,-77.043,0.0,23.3,18.6,83,16.1,0.0,3.55,139.0,75.03,0
SAFE_-12.05_-77.04_2026-05-22,2026-05-22,-12.046,-77.043,0.0,23.2,18.8,82,15.5,0.0,3.43,139.0,74.16,0
SAFE_-34.60_-58.38_2026-05-15,2026-05-15,-34.603,-58.381,0.0,16.1,7.4,87,10.3,0.0,1.94,16.0,20.93,0
SAFE_-34.60_-58.38_2026-05-16,2026-05-16,-34.603,-58.381,0.3,13.7,9.9,91,16.6,3.0,0.92,16.0,20.48,0
SAFE_-34.60_-58.38_2026-05-17,2026-05-17,-34.603,-58.381,0.5,13.5,7.8,83,14.9,3.0,1.9,16.0,20.48,0
SAFE_-34.60_-58.38_2026-05-18,2026-05-18,-34.603,-58.381,0.0,15.8,4.7,79,10.5,0.0,2.12,16.0,20.48,0
SAFE_-34.60_-58.38_2026-05-19,2026-05-19,-34.603,-58.381,0.0,17.2,5.9,81,11.7,0.0,2.29,16.0,20.23,0
SAFE_-34.60_-58.38_2026-05-20,2026-05-20,-34.603,-58.381,0.0,14.2,7.1,86,14.6,0.0,1.61,16.0,19.8,0
SAFE_-34.60_-58.38_2026-05-21,2026-05-21,-34.603,-58.381,0.0,12.2,5.8,78,9.8,0.0,1.7,16.0,19.7,0
SAFE_-34.60_-58.38_2026-05-22,2026-05-22,-34.603,-58.381,0.3,11.6,6.1,79,8.2,3.0,1.07,16.0,19.61,0
SAFE_51.05_-114.06_2026-05-15,2026-05-15,51.047,-114.058,1.1,14.2,6.8,55,17.8,7.0,4.14,1050.0,203.64,0
SAFE_51.05_-114.06_2026-05-16,2026-05-16,51.047,-114.058,10.4,8.6,1.9,99,16.8,18.0,1.15,1050.0,183.08,0
SAFE_51.05_-114.06_2026-05-17,2026-05-17,51.047,-114.058,1.1,10.1,0.6,85,20.2,5.0,3.01,1050.0,189.11,0
SAFE_51.05_-114.06_2026-05-18,2026-05-18,51.047,-114.058,1.8,11.6,0.2,97,15.0,3.0,3.23,1050.0,175.6,0
SAFE_51.05_-114.06_2026-05-19,2026-05-19,51.047,-114.058,2.2,15.0,4.0,83,12.8,9.0,3.61,1050.0,161.55,0
SAFE_51.05_-114.06_2026-05-20,2026-05-20,51.047,-114.058,3.6,11.4,4.2,88,20.8,11.0,3.37,1050.0,160.06,0
SAFE_51.05_-114.06_2026-05-21,2026-05-21,51.047,-114.058,1.4,16.1,4.4,80,12.1,2.0,4.36,1050.0,146.57,0
SAFE_51.05_-114.06_2026-05-22,2026-05-22,51.047,-114.058,0.2,17.8,4.8,76,9.6,2.0,4.11,1050.0,136.72,0
SAFE_-26.20_28.05_2026-05-15,2026-05-15,-26.204,28.047,0.0,20.1,8.6,92,6.1,0.0,2.88,1749.0,0.0,0
SAFE_-26.20_28.05_2026-05-16,2026-05-16,-26.204,28.047,0.0,19.1,8.9,83,10.9,0.0,3.01,1749.0,0.0,0
SAFE_-26.20_28.05_2026-05-17,2026-05-17,-26.204,28.047,0.1,18.2,7.4,91,9.1,1.0,2.28,1749.0,0.0,0
SAFE_-26.20_28.05_2026-05-18,2026-05-18,-26.204,28.047,0.0,18.1,9.6,81,9.9,0.0,2.56,1749.0,0.0,0
SAFE_-26.20_28.05_2026-05-19,2026-05-19,-26.204,28.047,1.8,15.5,9.9,84,8.4,7.0,1.84,1749.0,0.0,0
SAFE_-26.20_28.05_2026-05-20,2026-05-20,-26.204,28.047,0.0,16.6,7.2,87,12.0,0.0,2.78,1749.0,0.0,0
SAFE_-26.20_28.05_2026-05-21,2026-05-21,-26.204,28.047,0.0,15.5,6.9,87,10.3,0.0,2.04,1749.0,0.0,0
SAFE_-26.20_28.05_2026-05-22,2026-05-22,-26.204,28.047,0.2,14.8,7.1,97,10.6,2.0,1.87,1749.0,0.03,0
SAFE_22.57_88.36_2026-05-15,2026-05-15,22.572,88.363,1.0,35.6,27.9,89,14.1,4.0,5.68,12.0,3.03,0
SAFE_22.57_88.36_2026-05-16,2026-05-16,22.572,88.363,0.4,35.2,27.9,90,15.7,3.0,5.51,12.0,2.25,0
SAFE_22.57_88.36_2026-05-17,2026-05-17,22.572,88.363,4.8,35.7,28.2,88,14.8,2.0,5.6,12.0,1.78,0
SAFE_22.57_88.36_2026-05-18,2026-05-18,22.572,88.363,6.5,37.2,29.0,91,15.3,2.0,5.53,12.0,2.31,0
SAFE_22.57_88.36_2026-05-19,2026-05-19,22.572,88.363,0.3,36.0,28.7,93,17.6,2.0,5.2,12.0,3.81,0
SAFE_22.57_88.36_2026-05-20,2026-05-20,22.572,88.363,0.0,36.7,28.5,95,10.8,0.0,5.33,12.0,2.85,0
SAFE_22.57_88.36_2026-05-21,2026-05-21,22.572,88.363,0.0,36.3,28.5,94,12.6,0.0,5.26,12.0,1.56,0
SAFE_22.57_88.36_2026-05-22,2026-05-22,22.572,88.363,0.0,36.2,29.5,95,13.6,0.0,5.33,12.0,3.41,0
SAFE_23.81_90.41_2026-05-15,2026-05-15,23.81,90.412,0.5,32.7,26.0,93,13.5,4.0,4.9,11.0,23.6,0
SAFE_23.81_90.41_2026-05-16,2026-05-16,23.81,90.412,3.3,33.4,25.1,94,13.9,10.0,4.51,11.0,24.7,0
SAFE_23.81_90.41_2026-05-17,2026-05-17,23.81,90.412,0.2,33.3,24.9,93,16.2,1.0,4.76,11.0,26.29,0
SAFE_23.81_90.41_2026-05-18,2026-05-18,23.81,90.412,2.5,33.0,24.7,96,17.0,7.0,4.5,11.0,25.12,0
SAFE_23.81_90.41_2026-05-19,2026-05-19,23.81,90.412,0.9,33.2,26.0,95,12.6,3.0,4.73,11.0,26.42,0
SAFE_23.81_90.41_2026-05-20,2026-05-20,23.81,90.412,1.7,33.9,26.4,97,9.9,10.0,5.11,11.0,22.33,0
SAFE_23.81_90.41_2026-05-21,2026-05-21,23.81,90.412,2.9,32.1,27.6,92,12.2,8.0,2.97,11.0,20.78,0
SAFE_23.81_90.41_2026-05-22,2026-05-22,23.81,90.412,5.5,33.0,27.2,93,11.5,12.0,4.14,11.0,25.36,0
SAFE_6.52_3.38_2026-05-15,2026-05-15,6.524,3.379,6.3,28.6,25.6,93,13.3,10.0,2.09,11.0,112.5,0
SAFE_6.52_3.38_2026-05-16,2026-05-16,6.524,3.379,1.7,31.8,26.0,93,13.7,5.0,3.58,11.0,109.92,0
SAFE_6.52_3.38_2026-05-17,2026-05-17,6.524,3.379,13.6,30.2,26.4,90,18.9,12.0,3.58,11.0,119.23,0
SAFE_6.52_3.38_2026-05-18,2026-05-18,6.524,3.379,5.1,30.1,24.6,94,12.6,7.0,2.84,11.0,131.43,0
SAFE_6.52_3.38_2026-05-19,2026-05-19,6.524,3.379,8.1,30.0,26.0,89,9.3,13.0,2.99,11.0,154.96,0
SAFE_6.52_3.38_2026-05-20,2026-05-20,6.524,3.379,3.2,30.0,26.1,93,13.3,10.0,4.15,11.0,173.98,0
SAFE_6.52_3.38_2026-05-21,2026-05-21,6.524,3.379,11.4,30.8,25.7,94,14.2,17.0,4.54,11.0,160.81,0
SAFE_6.52_3.38_2026-05-22,2026-05-22,6.524,3.379,9.0,28.8,24.1,98,12.9,19.0,3.55,11.0,161.55,0
SAFE_52.37_4.89_2026-05-15,2026-05-15,52.37,4.895,3.3,10.8,5.9,91,17.7,15.0,2.25,8.0,0.25,0
SAFE_52.37_4.89_2026-05-16,2026-05-16,52.37,4.895,1.1,12.2,5.8,86,18.0,7.0,3.08,8.0,0.28,0
SAFE_52.37_4.89_2026-05-17,2026-05-17,52.37,4.895,13.8,14.1,7.9,95,16.2,18.0,2.17,8.0,0.25,0
SAFE_52.37_4.89_2026-05-18,2026-05-18,52.37,4.895,5.8,14.5,9.0,99,13.7,13.0,2.83,8.0,0.34,0
SAFE_52.37_4.89_2026-05-19,2026-05-19,52.37,4.895,5.0,15.9,7.7,93,22.2,8.0,1.83,8.0,0.41,0
SAFE_52.37_4.89_2026-05-20,2026-05-20,52.37,4.895,2.4,16.5,12.0,95,22.8,11.0,3.18,8.0,0.37,0
SAFE_52.37_4.89_2026-05-21,2026-05-21,52.37,4.895,0.0,18.5,12.6,94,14.5,0.0,3.6,8.0,0.37,0
SAFE_52.37_4.89_2026-05-22,2026-05-22,52.37,4.895,0.0,24.0,13.3,89,10.1,0.0,4.86,8.0,0.25,0
SAFE_52.23_21.01_2026-05-15,2026-05-15,52.229,21.012,2.2,20.6,8.5,96,16.4,3.0,3.48,116.0,132.05,0
SAFE_52.23_21.01_2026-05-16,2026-05-16,52.229,21.012,4.5,13.6,7.7,100,9.9,9.0,1.47,116.0,207.93,0
SAFE_52.23_21.01_2026-05-17,2026-05-17,52.229,21.012,1.0,14.4,8.9,94,19.2,7.0,1.87,116.0,270.64,0
SAFE_52.23_21.01_2026-05-18,2026-05-18,52.229,21.012,0.9,18.8,7.9,98,10.4,4.0,3.55,116.0,327.1,0
SAFE_52.23_21.01_2026-05-19,2026-05-19,52.229,21.012,0.3,16.5,10.1,98,10.3,3.0,2.24,116.0,388.94,0
SAFE_52.23_21.01_2026-05-20,2026-05-20,52.229,21.012,0.0,21.5,8.9,97,8.4,0.0,4.48,116.0,461.38,0
SAFE_52.23_21.01_2026-05-21,2026-05-21,52.229,21.012,1.5,22.7,13.2,92,16.4,7.0,4.41,116.0,542.25,0
SAFE_52.23_21.01_2026-05-22,2026-05-22,52.229,21.012,0.0,22.2,11.0,98,14.8,0.0,4.82,116.0,614.18,0
SAFE_41.88_-87.63_2026-05-15,2026-05-15,41.878,-87.63,0.8,22.8,11.8,63,21.1,2.0,5.09,241.0,29.13,0
SAFE_41.88_-87.63_2026-05-16,2026-05-16,41.878,-87.63,3.3,28.5,16.7,90,19.5,3.0,5.41,241.0,28.72,0
SAFE_41.88_-87.63_2026-05-17,2026-05-17,41.878,-87.63,0.2,30.2,18.8,87,26.0,2.0,5.77,241.0,37.28,0
SAFE_41.88_-87.63_2026-05-18,2026-05-18,41.878,-87.63,3.6,26.4,20.7,83,24.7,6.0,4.38,241.0,89.36,0
SAFE_41.88_-87.63_2026-05-19,2026-05-19,41.878,-87.63,0.8,26.6,17.3,88,24.5,5.0,4.21,241.0,122.31,0
SAFE_41.88_-87.63_2026-05-20,2026-05-20,41.878,-87.63,0.0,16.6,9.6,75,19.7,0.0,3.94,241.0,78.62,0
SAFE_41.88_-87.63_2026-05-21,2026-05-21,41.878,-87.63,0.4,13.5,9.4,83,19.1,2.0,3.64,241.0,45.67,0
SAFE_41.88_-87.63_2026-05-22,2026-05-22,41.878,-87.63,0.0,17.5,11.0,84,19.5,0.0,3.77,241.0,30.41,0
SAFE_29.76_-95.37_2026-05-15,2026-05-15,29.76,-95.369,0.0,31.1,21.0,92,17.1,0.0,5.69,17.0,35.31,0
SAFE_29.76_-95.37_2026-05-16,2026-05-16,29.76,-95.369,1.1,31.2,23.0,87,20.2,7.0,5.17,17.0,27.91,0
SAFE_29.76_-95.37_2026-05-17,2026-05-17,29.76,-95.369,5.3,30.1,24.4,97,22.6,20.0,3.63,17.0,23.1,0
SAFE_29.76_-95.37_2026-05-18,2026-05-18,29.76,-95.369,12.6,30.2,21.7,96,23.6,13.0,4.45,17.0,20.48,0
SAFE_29.76_-95.37_2026-05-19,2026-05-19,29.76,-95.369,33.6,29.6,22.1,98,25.8,23.0,3.72,17.0,23.89,0
SAFE_29.76_-95.37_2026-05-20,2026-05-20,29.76,-95.369,60.2,26.4,19.9,97,12.5,19.0,2.57,17.0,45.88,0
SAFE_29.76_-95.37_2026-05-21,2026-05-21,29.76,-95.369,8.2,27.1,21.2,98,10.9,12.0,2.57,17.0,60.94,0
SAFE_29.76_-95.37_2026-05-22,2026-05-22,29.76,-95.369,2.2,30.1,20.1,99,14.4,8.0,4.51,17.0,67.39,0
SAFE_48.86_2.35_2026-05-15,2026-05-15,48.857,2.347,2.7,12.9,4.8,92,17.3,8.0,2.69,38.0,3.32,0
SAFE_48.86_2.35_2026-05-16,2026-05-16,48.857,2.347,0.6,14.6,5.7,98,13.3,6.0,3.15,38.0,3.25,0
SAFE_48.86_2.35_2026-05-17,2026-05-17,48.857,2.347,9.5,15.8,10.4,93,11.4,21.0,2.02,38.0,2.91,0
SAFE_48.86_2.35_2026-05-18,2026-05-18,48.857,2.347,2.7,15.0,8.2,96,14.8,8.0,2.77,38.0,3.41,0
SAFE_48.86_2.35_2026-05-19,2026-05-19,48.857,2.347,4.5,17.4,10.3,91,20.6,7.0,2.07,38.0,3.06,0
SAFE_48.86_2.35_2026-05-20,2026-05-20,48.857,2.347,2.8,19.4,12.9,87,19.0,11.0,3.3,38.0,3.0,0
SAFE_48.86_2.35_2026-05-21,2026-05-21,48.857,2.347,0.0,23.4,10.9,99,8.3,0.0,4.44,38.0,2.94,0
SAFE_48.86_2.35_2026-05-22,2026-05-22,48.857,2.347,0.0,26.2,13.1,90,5.9,0.0,5.15,38.0,2.78,0
SAFE_-37.81_144.96_2026-05-15,2026-05-15,-37.814,144.963,0.0,21.4,10.3,88,12.4,0.0,2.05,19.0,5.41,0
SAFE_-37.81_144.96_2026-05-16,2026-05-16,-37.814,144.963,0.0,22.3,14.9,75,17.1,0.0,2.64,19.0,5.12,0
SAFE_-37.81_144.96_2026-05-17,2026-05-17,-37.814,144.963,20.5,17.6,13.6,98,13.9,20.0,1.0,19.0,5.65,0
SAFE_-37.81_144.96_2026-05-18,2026-05-18,-37.814,144.963,0.9,16.6,12.5,100,11.4,7.0,1.14,19.0,53.58,0
SAFE_-37.81_144.96_2026-05-19,2026-05-19,-37.814,144.963,1.1,15.2,10.3,100,14.7,7.0,1.2,19.0,40.02,0
SAFE_-37.81_144.96_2026-05-20,2026-05-20,-37.814,144.963,1.0,16.0,10.2,93,13.9,7.0,1.41,19.0,27.38,0
SAFE_-37.81_144.96_2026-05-21,2026-05-21,-37.814,144.963,0.0,14.5,8.6,94,7.3,0.0,1.02,19.0,21.7,0
SAFE_-37.81_144.96_2026-05-22,2026-05-22,-37.814,144.963,0.0,15.4,6.1,100,6.9,0.0,1.28,19.0,14.14,0
SAFE_23.13_113.26_2026-05-15,2026-05-15,23.129,113.264,27.8,31.1,23.1,98,11.8,18.0,3.66,21.0,3.66,0
SAFE_23.13_113.26_2026-05-16,2026-05-16,23.129,113.264,0.8,29.5,23.6,97,15.0,5.0,4.16,21.0,16.02,0
SAFE_23.13_113.26_2026-05-17,2026-05-17,23.129,113.264,1.7,27.5,23.1,86,17.6,7.0,3.42,21.0,18.54,0
SAFE_23.13_113.26_2026-05-18,2026-05-18,23.129,113.264,5.8,28.5,23.5,96,19.1,13.0,3.08,21.0,5.15,0
SAFE_23.13_113.26_2026-05-19,2026-05-19,23.129,113.264,25.9,25.4,23.6,97,17.3,19.0,0.98,21.0,4.25,0
SAFE_23.13_113.26_2026-05-20,2026-05-20,23.129,113.264,37.1,27.1,24.1,97,13.6,23.0,1.56,21.0,13.22,0
SAFE_23.13_113.26_2026-05-21,2026-05-21,23.129,113.264,35.0,29.5,24.1,98,12.5,24.0,2.34,21.0,22.55,0
SAFE_23.13_113.26_2026-05-22,2026-05-22,23.129,113.264,5.3,31.4,24.8,99,14.1,13.0,3.94,21.0,16.14,0
SAFE_18.55_73.94_2026-05-15,2026-05-15,18.551,73.94,0.0,36.9,25.9,66,17.5,0.0,7.7,566.0,0.16,0
SAFE_18.55_73.94_2026-05-16,2026-05-16,18.551,73.94,0.0,38.9,24.0,86,17.8,0.0,6.95,566.0,0.16,0
SAFE_18.55_73.94_2026-05-17,2026-05-17,18.551,73.94,0.3,39.5,25.6,84,19.9,1.0,7.26,566.0,0.16,0
SAFE_18.55_73.94_2026-05-18,2026-05-18,18.551,73.94,0.0,40.0,25.5,69,21.8,0.0,7.2,566.0,0.16,0
SAFE_18.55_73.94_2026-05-19,2026-05-19,18.551,73.94,0.7,37.0,25.4,77,17.8,3.0,7.13,566.0,0.16,0
SAFE_18.55_73.94_2026-05-20,2026-05-20,18.551,73.94,1.2,36.4,24.4,83,17.2,3.0,6.3,566.0,0.22,0
SAFE_18.55_73.94_2026-05-21,2026-05-21,18.551,73.94,0.9,38.0,24.5,84,20.1,2.0,6.65,566.0,0.22,0
SAFE_18.55_73.94_2026-05-22,2026-05-22,18.551,73.94,4.1,37.1,25.9,83,14.1,5.0,5.38,566.0,0.16,0
SAFE_28.70_77.10_2026-05-15,2026-05-15,28.7,77.1,0.0,39.5,27.2,64,18.2,0.0,7.36,223.0,4.75,0
SAFE_28.70_77.10_2026-05-16,2026-05-16,28.7,77.1,0.0,40.0,27.2,51,17.4,0.0,7.65,223.0,3.84,0
SAFE_28.70_77.10_2026-05-17,2026-05-17,28.7,77.1,0.0,41.0,28.4,42,20.9,0.0,8.51,223.0,3.81,0
SAFE_28.70_77.10_2026-05-18,2026-05-18,28.7,77.1,0.0,43.1,28.5,46,17.7,0.0,8.66,223.0,3.81,0
SAFE_28.70_77.10_2026-05-19,2026-05-19,28.7,77.1,0.0,44.3,29.9,34,17.5,0.0,9.34,223.0,3.81,0
SAFE_28.70_77.10_2026-05-20,2026-05-20,28.7,77.1,0.0,43.7,30.9,28,12.5,0.0,8.47,223.0,3.79,0
SAFE_28.70_77.10_2026-05-21,2026-05-21,28.7,77.1,0.0,42.7,32.5,33,19.3,0.0,10.1,223.0,3.79,0
SAFE_28.70_77.10_2026-05-22,2026-05-22,28.7,77.1,0.0,42.2,30.6,28,20.5,0.0,8.89,223.0,3.79,0
SAFE_27.00_71.50_2026-05-15,2026-05-15,27.0,71.5,0.0,38.8,28.5,46,15.4,0.0,7.85,204.0,0.0,0
SAFE_27.00_71.50_2026-05-16,2026-05-16,27.0,71.5,0.0,40.8,27.9,57,13.4,0.0,7.4,204.0,0.0,0
SAFE_27.00_71.50_2026-05-17,2026-05-17,27.0,71.5,0.0,43.0,30.0,45,15.1,0.0,9.35,204.0,0.0,0
SAFE_27.00_71.50_2026-05-18,2026-05-18,27.0,71.5,0.0,43.0,29.9,23,20.1,0.0,11.12,204.0,0.0,0
SAFE_27.00_71.50_2026-05-19,2026-05-19,27.0,71.5,0.0,41.8,26.4,60,16.4,0.0,8.94,204.0,0.0,0
SAFE_27.00_71.50_2026-05-20,2026-05-20,27.0,71.5,0.0,42.2,29.4,58,21.1,0.0,9.96,204.0,0.0,0
SAFE_27.00_71.50_2026-05-21,2026-05-21,27.0,71.5,0.0,40.5,27.8,47,20.7,0.0,9.78,204.0,0.0,0
SAFE_27.00_71.50_2026-05-22,2026-05-22,27.0,71.5,0.0,41.5,28.2,54,14.2,0.0,7.95,204.0,0.0,0
