event_name,date,latitude,longitude,rainfall_mm,temp_max_c,temp_min_c,humidity_pct,wind_speed_kmh,precipitation_hours,evapotranspiration_mm,elevation_m,river_discharge_m3s,flood_occurred,month,year,rainfall_category,season,humidity_risk,low_elevation,high_discharge,log_rainfall_mm,log_river_discharge_m3s,log_elevation_m,rain_humidity_index,precip_efficiency,temp_range_c,flood_risk_score
Kerala_Flood_2018,2018-08-15,9.5,76.5,126.4,23.9,22.8,100,27.1,24.0,0.63,0.0,15.37,1,8,2018,4,2,3,1,0,4.847331743138063,2.7954503913830435,0.0,126.4,5.266666666666667,1.0999999999999979,0.7103
Kerala_Flood_2018,2018-08-16,9.5,76.5,83.4,25.7,22.6,100,20.4,24.0,1.22,0.0,17.11,1,8,2018,4,2,3,1,0,4.4355674016019115,2.896464271895322,0.0,83.4,3.475,3.099999999999998,0.6558
Kerala_Flood_2018,2018-08-17,9.5,76.5,51.4,25.9,22.6,100,19.9,24.0,1.8,0.0,15.75,1,8,2018,3,2,3,1,0,3.9589065913269965,2.8183982582710754,0.0,51.4,2.1416666666666666,3.299999999999997,0.6152
Kerala_Flood_2018,2018-08-18,9.5,76.5,51.1,26.2,23.0,100,19.7,24.0,1.96,0.0,14.45,1,8,2018,3,2,3,1,0,3.9531649487593215,2.7376090033437546,0.0,51.1,2.129166666666667,3.1999999999999993,0.6148
Kerala_Flood_2018,2018-08-19,9.5,76.5,37.1,26.5,23.0,100,20.4,24.0,2.3,0.0,13.39,1,8,2018,3,2,3,1,0,3.6402142821326553,2.6665335208992764,0.0,37.1,1.5458333333333334,3.5,0.5971
Kerala_Flood_2018,2018-08-20,9.5,76.5,11.2,28.6,23.0,100,17.7,19.0,3.01,0.0,12.43,1,8,2018,2,2,3,1,0,2.501435951739211,2.5974910105351463,0.0,11.2,0.5894736842105263,5.600000000000001,0.5226
Kerala_Flood_2019,2019-08-08,9.55,76.52,65.4,25.4,23.2,100,16.5,24.0,1.09,2.0,27.91,1,8,2019,3,2,3,1,0,4.1956970564823886,3.364187556028255,1.0986122886681098,65.4,2.725,2.1999999999999993,0.633
Kerala_Flood_2019,2019-08-09,9.55,76.52,52.7,26.2,23.2,100,13.1,23.0,1.34,2.0,30.33,1,8,2019,3,2,3,1,0,3.983413001514819,3.4445761049641,1.0986122886681098,52.7,2.2913043478260873,3.0,0.6085
Kerala_Flood_2019,2019-08-10,9.55,76.52,51.1,25.4,22.5,100,12.5,24.0,1.02,2.0,28.85,1,8,2019,3,2,3,1,0,3.9531649487593215,3.396184839838611,1.0986122886681098,51.1,2.129166666666667,2.8999999999999986,0.6148
Kerala_Flood_2019,2019-08-11,9.55,76.52,19.3,28.4,22.9,100,18.2,19.0,2.84,2.0,25.98,1,8,2019,2,2,3,1,0,3.0106208860477417,3.2950958507796098,1.0986122886681098,19.3,1.0157894736842106,5.5,0.5328
Kerala_Flood_2019,2019-08-12,9.55,76.52,29.4,26.3,22.6,100,15.6,24.0,1.68,2.0,27.77,1,8,2019,3,2,3,1,0,3.414442608412176,3.3593331775634567,1.0986122886681098,29.4,1.2249999999999999,3.6999999999999993,0.5873
Patna_Bihar_2019,2019-09-28,25.59,85.14,103.9,25.5,23.3,98,19.1,24.0,0.91,55.0,21.59,1,9,2019,4,2,3,1,0,4.653007515402251,3.1175073304799117,4.02535169073515,101.822,4.329166666666667,2.1999999999999993,0.6755
Patna_Bihar_2019,2019-09-29,25.59,85.14,81.6,25.2,23.0,98,19.1,24.0,0.7,55.0,33.83,1,9,2019,4,2,3,1,0,4.414009680526933,3.5504790843779097,4.02535169073515,79.96799999999999,3.4,2.1999999999999993,0.6472
Patna_Bihar_2019,2019-09-30,25.59,85.14,6.0,27.4,23.4,99,14.8,13.0,1.97,55.0,25.79,1,9,2019,2,2,3,1,0,1.9459101490553132,3.2880286835565173,4.02535169073515,5.94,0.46153846153846156,4.0,0.462
Patna_Bihar_2019,2019-10-01,25.59,85.14,1.0,29.0,23.4,97,8.3,10.0,3.06,55.0,18.95,1,10,2019,1,3,3,1,0,0.6931471805599453,2.9932291433358724,4.02535169073515,0.97,0.1,5.600000000000001,0.426
Patna_Bihar_2019,2019-10-02,25.59,85.14,0.2,30.5,23.7,95,9.9,2.0,3.48,55.0,15.98,1,10,2019,1,3,3,1,0,0.18232155679395465,2.8320361808832013,4.02535169073515,0.19,0.1,6.800000000000001,0.3537
Patna_Bihar_2023,2023-09-01,25.61,85.13,0.3,34.5,26.9,91,16.6,1.0,4.75,54.0,24489.63,1,9,2023,1,2,3,1,1,0.262364264467491,10.106045874400964,4.007333185232471,0.273,0.3,7.600000000000001,0.4178
Patna_Bihar_2023,2023-09-02,25.61,85.13,16.8,33.3,27.5,93,13.7,5.0,3.25,54.0,23066.47,1,9,2023,2,2,3,1,1,2.8791984572980396,10.046178678920816,4.007333185232471,15.624,3.3600000000000003,5.799999999999997,0.4719
Patna_Bihar_2023,2023-09-03,25.61,85.13,10.1,35.0,27.1,97,14.8,8.0,4.45,54.0,21726.01,1,9,2023,2,2,3,1,1,2.4069451083182885,9.986311465991959,4.007333185232471,9.796999999999999,1.2625,7.899999999999999,0.4932
Patna_Bihar_2023,2023-09-04,25.61,85.13,19.1,31.6,26.2,98,16.9,9.0,2.8,54.0,20416.38,1,9,2023,2,2,3,1,1,3.0007198150650303,9.92414177790403,4.007333185232471,18.718000000000004,2.1222222222222222,5.400000000000002,0.5108
Patna_Bihar_2023,2023-09-05,25.61,85.13,2.6,32.2,26.5,97,15.0,7.0,3.09,54.0,19274.24,1,9,2023,1,2,3,1,1,1.2809338454620642,9.866576649715881,4.007333185232471,2.5220000000000002,0.37142857142857144,5.700000000000003,0.4672
Assam_Brahmaputra_2022,2022-06-17,26.14,91.74,55.2,26.6,22.8,99,8.7,20.0,1.6,55.0,7.71,1,6,2022,3,2,3,1,0,4.028916756899646,2.1644717908644115,4.02535169073515,54.648,2.7600000000000002,3.8000000000000007,0.5826
Assam_Brahmaputra_2022,2022-06-18,26.14,91.74,14.2,28.5,22.4,99,7.4,15.0,3.3,55.0,6.74,1,6,2022,2,2,3,1,0,2.7212954278522306,2.046401687601636,4.02535169073515,14.058,0.9466666666666667,6.100000000000001,0.489
Assam_Brahmaputra_2022,2022-06-19,26.14,91.74,13.2,29.7,23.1,100,6.4,15.0,3.54,55.0,8.29,1,6,2022,2,2,3,1,0,2.653241964607215,2.2289385528257473,4.02535169073515,13.2,0.88,6.599999999999998,0.49
Assam_Brahmaputra_2022,2022-06-20,26.14,91.74,6.7,28.4,23.5,98,8.1,15.0,3.03,55.0,6.13,1,6,2022,2,2,3,1,0,2.0412203288596382,1.9643112344262046,4.02535169073515,6.566,0.44666666666666666,4.899999999999999,0.4772
Assam_Brahmaputra_2022,2022-06-21,26.14,91.74,3.7,29.9,23.5,97,7.6,10.0,3.39,55.0,5.34,1,6,2022,1,2,3,1,0,1.547562508716013,1.8468787684491346,4.02535169073515,3.5890000000000004,0.37,6.399999999999999,0.4294
Assam_Floods_2023,2023-07-01,26.2,91.75,23.4,31.0,24.9,98,10.6,11.0,2.98,45.0,32582.67,1,7,2023,2,2,3,1,1,3.1945831322991562,10.391566521606942,3.828641396489095,22.932,2.127272727272727,6.100000000000001,0.5737
Assam_Floods_2023,2023-07-02,26.2,91.75,22.3,30.2,25.0,98,8.5,10.0,2.84,45.0,32733.06,1,7,2023,2,2,3,1,1,3.1484533605716547,10.396171405020707,3.828641396489095,21.854,2.23,5.199999999999999,0.5645
Assam_Floods_2023,2023-07-03,26.2,91.75,23.6,29.9,25.3,99,10.4,16.0,1.57,45.0,33112.11,1,7,2023,2,2,3,1,1,3.202746442938317,10.407684555456697,3.828641396489095,23.364,1.475,4.599999999999998,0.6197
Assam_Floods_2023,2023-07-04,26.2,91.75,6.3,31.5,25.5,100,13.0,11.0,3.61,45.0,34196.94,1,7,2023,2,2,3,1,1,1.9878743481543455,10.439920687318432,3.828641396489095,6.3,0.5727272727272728,6.0,0.562
Assam_Floods_2023,2023-07-05,26.2,91.75,36.3,32.7,25.8,100,8.2,17.0,4.25,45.0,36727.23,1,7,2023,3,2,3,1,1,3.6189933266497696,10.511300948161683,3.828641396489095,36.3,2.135294117647059,6.900000000000002,0.6585
Mumbai_2005,2005-07-26,19.07,72.88,69.6,26.3,25.5,94,27.8,24.0,1.05,9.0,8.64,1,7,2005,3,2,3,1,0,4.257030144499196,2.265921108622454,2.302585092994046,65.42399999999999,2.9,0.8000000000000007,0.6242
Mumbai_2005,2005-07-27,19.07,72.88,59.4,26.4,25.5,94,24.8,24.0,1.23,9.0,10.94,1,7,2005,3,2,3,1,0,4.100989104940769,2.479894107964456,2.302585092994046,55.83599999999999,2.475,0.8999999999999986,0.6113
Mumbai_2005,2005-07-28,19.07,72.88,45.0,26.9,25.3,94,25.4,24.0,1.77,9.0,9.19,1,7,2005,3,2,3,1,0,3.828641396489095,2.321406847234633,2.302585092994046,42.3,1.875,1.5999999999999979,0.593
Mumbai_2005,2005-07-29,19.07,72.88,32.7,25.6,25.0,94,26.9,24.0,1.39,9.0,9.12,1,7,2005,3,2,3,1,0,3.517497837358316,2.3145136638593193,2.302585092994046,30.738000000000003,1.3625,0.6000000000000014,0.5774
Mumbai_2005,2005-07-30,19.07,72.88,42.2,27.1,25.4,93,28.1,24.0,2.61,9.0,9.45,1,7,2005,3,2,3,1,0,3.765840495250065,2.34660197841082,2.302585092994046,39.246,1.7583333333333335,1.7000000000000028,0.5872
Mumbai_2019,2019-07-01,19.08,72.87,36.6,26.8,25.4,96,15.5,24.0,1.22,9.0,8.46,1,7,2019,3,2,3,1,0,3.6270040503958487,2.247072383063787,2.302585092994046,35.136,1.5250000000000001,1.4000000000000021,0.587
Mumbai_2019,2019-07-02,19.08,72.87,26.3,28.1,25.6,94,18.8,23.0,2.24,9.0,7.22,1,7,2019,3,2,3,1,0,3.3068867021909143,2.1065702090680882,2.302585092994046,24.722,1.1434782608695653,2.5,0.561
Mumbai_2019,2019-07-03,19.08,72.87,15.2,27.4,25.6,95,17.8,24.0,1.54,9.0,5.75,1,7,2019,2,2,3,1,0,2.785011242238338,1.9095425048844386,2.302585092994046,14.44,0.6333333333333333,1.7999999999999972,0.5575
Mumbai_2019,2019-07-04,19.08,72.87,21.5,27.7,26.0,94,21.5,24.0,2.33,9.0,5.5,1,7,2019,2,2,3,1,0,3.1135153092103742,1.8718021769015913,2.302585092994046,20.21,0.8958333333333334,1.6999999999999993,0.5632
Mumbai_2019,2019-07-05,19.08,72.87,15.9,27.8,25.8,95,24.6,24.0,2.3,9.0,5.44,1,7,2019,2,2,3,1,0,2.8273136219290276,1.8625285401162623,2.302585092994046,15.105,0.6625,2.0,0.5584
Chennai_2015,2015-11-01,13.08,80.27,18.8,29.9,24.4,96,14.0,24.0,2.05,10.0,,1,11,2015,2,3,3,1,0,2.9856819377004897,0.0,2.3978952727983707,18.048000000000002,0.7833333333333333,5.5,0.5643
Chennai_2015,2015-11-02,13.08,80.27,5.8,28.5,23.9,97,10.5,10.0,2.08,10.0,,1,11,2015,2,3,3,1,0,1.916922612182061,0.0,2.3978952727983707,5.626,0.58,4.600000000000001,0.4335
Chennai_2015,2015-11-03,13.08,80.27,10.3,30.3,24.0,96,10.5,12.0,3.37,10.0,,1,11,2015,2,3,3,1,0,2.424802725718295,0.0,2.3978952727983707,9.888,0.8583333333333334,6.300000000000001,0.4535
Chennai_2015,2015-11-04,13.08,80.27,6.9,30.6,24.9,96,13.3,15.0,3.67,10.0,,1,11,2015,2,3,3,1,0,2.066862759472976,0.0,2.3978952727983707,6.6240000000000006,0.46,5.700000000000003,0.4742
Chennai_2015,2015-11-05,13.08,80.27,2.7,29.5,24.1,96,11.4,10.0,3.43,10.0,,1,11,2015,1,3,3,1,0,1.308332819650179,0.0,2.3978952727983707,2.5920000000000005,0.27,5.399999999999999,0.4272
Odisha_Cyclone_2021,2021-10-25,20.29,85.82,0.0,30.6,20.5,96,8.7,0.0,4.16,54.0,5.4,1,10,2021,0,3,3,1,0,0.0,1.8562979903656263,4.007333185232471,0.0,0.0,10.100000000000001,0.3391
Odisha_Cyclone_2021,2021-10-26,20.29,85.82,0.1,30.0,22.1,96,15.2,1.0,3.81,54.0,4.97,1,10,2021,1,3,3,1,0,0.09531017980432487,1.7867469274045107,4.007333185232471,0.09600000000000002,0.1,7.899999999999999,0.3476
Odisha_Cyclone_2021,2021-10-27,20.29,85.82,0.1,30.6,23.1,94,21.9,1.0,4.03,54.0,4.6,1,10,2021,1,3,3,1,0,0.09531017980432487,1.7227665977411035,4.007333185232471,0.094,0.1,7.5,0.343
Odisha_Cyclone_2021,2021-10-28,20.29,85.82,0.0,30.2,23.5,96,22.0,0.0,3.6,54.0,4.27,1,10,2021,0,3,3,1,0,0.0,1.6620303625532709,4.007333185232471,0.0,0.0,6.699999999999999,0.3391
Odisha_Cyclone_2021,2021-10-29,20.29,85.82,8.2,29.1,23.3,98,17.8,15.0,2.07,54.0,3.97,1,10,2021,2,3,3,1,0,2.2192034840549946,1.6034198401085376,4.007333185232471,8.036,0.5466666666666666,5.800000000000001,0.4791
Odisha_Floods_2023,2023-08-15,20.1,85.7,8.2,33.2,26.5,93,14.5,7.0,4.07,10.0,1.48,1,8,2023,2,2,3,1,0,2.2192034840549946,0.9082585601768908,2.3978952727983707,7.6259999999999994,1.1714285714285713,6.700000000000003,0.4023
Odisha_Floods_2023,2023-08-16,20.1,85.7,14.2,32.5,26.3,93,12.1,6.0,3.38,10.0,1.42,1,8,2023,2,2,3,1,0,2.7212954278522306,0.883767540168595,2.3978952727983707,13.206,2.3666666666666667,6.199999999999999,0.4016
Odisha_Floods_2023,2023-08-17,20.1,85.7,17.7,28.6,26.2,97,11.6,16.0,1.67,10.0,1.37,1,8,2023,2,2,3,1,0,2.928523523860541,0.8628899551470398,2.3978952727983707,17.168999999999997,1.10625,2.400000000000002,0.4986
Odisha_Floods_2023,2023-08-18,20.1,85.7,18.0,28.5,25.1,97,13.0,16.0,1.45,10.0,1.4,1,8,2023,2,2,3,1,0,2.9444389791664403,0.8754687373538999,2.3978952727983707,17.46,1.125,3.3999999999999986,0.4989
Odisha_Floods_2023,2023-08-19,20.1,85.7,1.3,31.5,25.0,97,19.2,9.0,4.65,10.0,1.38,1,8,2023,1,2,3,1,0,0.832909122935104,0.8671004876833833,2.3978952727983707,1.2610000000000001,0.14444444444444446,6.5,0.4194
Uttarakhand_2021,2021-10-17,30.07,79.4,2.1,19.1,8.4,87,7.0,8.0,2.06,2419.0,59.39,1,10,2021,1,3,3,0,0,1.1314021114911006,4.10082352831981,7.791522819150732,1.8270000000000002,0.2625,10.700000000000001,0.3132
Uttarakhand_2021,2021-10-18,30.07,79.4,125.9,11.1,9.5,100,6.0,24.0,0.36,2419.0,116.76,1,10,2021,4,3,3,0,0,4.843399374720342,4.7686486549805664,7.791522819150732,125.9,5.245833333333334,1.5999999999999996,0.6336
Uttarakhand_2021,2021-10-19,30.07,79.4,94.5,12.1,8.6,99,8.3,18.0,0.64,2419.0,111.2,1,10,2021,4,3,3,0,0,4.5591262474866845,4.720282993088596,7.791522819150732,93.555,5.25,3.5,0.5415
Uttarakhand_2021,2021-10-20,30.07,79.4,0.4,17.5,8.3,100,8.3,2.0,2.7,2419.0,120.62,1,10,2021,1,3,3,0,0,0.33647223662121295,4.800901429691963,7.791522819150732,0.4,0.2,9.2,0.2912
Uttarakhand_2021,2021-10-21,30.07,79.4,0.1,17.7,6.5,100,5.8,1.0,2.85,2419.0,114.35,1,10,2021,1,3,3,0,0,0.09531017980432487,4.747970984619762,7.791522819150732,0.1,0.1,11.2,0.2824
Uttarakhand_2022,2022-10-18,30.1,79.45,0.3,20.0,10.3,89,6.6,1.0,2.92,1600.0,101.33,1,10,2022,1,3,3,0,0,0.262364264467491,4.628202885098664,7.3783837129967145,0.267,0.3,9.7,0.2832
Uttarakhand_2022,2022-10-19,30.1,79.45,0.9,18.4,8.9,87,7.1,4.0,2.8,1600.0,97.17,1,10,2022,1,3,3,0,0,0.6418538861723948,4.58670066970443,7.3783837129967145,0.7829999999999999,0.225,9.499999999999998,0.3044
Uttarakhand_2022,2022-10-20,30.1,79.45,0.3,18.6,8.2,83,7.6,3.0,2.85,1600.0,93.19,1,10,2022,1,3,3,0,0,0.262364264467491,4.545314018834726,7.3783837129967145,0.249,0.09999999999999999,10.400000000000002,0.2861
Uttarakhand_2022,2022-10-21,30.1,79.45,0.0,20.7,8.0,80,8.0,0.0,3.21,1600.0,89.57,1,10,2022,0,3,2,0,0,0.0,4.506123032386857,7.3783837129967145,0.0,0.0,12.7,0.2538
Uttarakhand_2022,2022-10-22,30.1,79.45,0.1,19.8,7.9,74,10.0,1.0,3.26,1600.0,86.3,1,10,2022,1,3,2,0,0,0.09531017980432487,4.469350462845557,7.3783837129967145,0.07400000000000001,0.1,11.9,0.2484
Sikkim_Flash_2023,2023-10-03,27.33,88.61,13.7,21.8,16.1,98,5.4,14.0,1.72,1551.0,2.58,1,10,2023,2,3,3,0,0,2.6878474937846906,1.275362800412609,7.347299700743164,13.425999999999998,0.9785714285714285,5.699999999999999,0.4305
Sikkim_Flash_2023,2023-10-04,27.33,88.61,27.7,18.5,15.3,100,5.1,23.0,0.81,1551.0,2.85,1,10,2023,3,3,3,0,0,3.3568971227655755,1.3480731482996928,7.347299700743164,27.7,1.2043478260869565,3.1999999999999993,0.5278
Sikkim_Flash_2023,2023-10-05,27.33,88.61,3.2,20.9,15.9,100,7.1,11.0,2.08,1551.0,3.4,1,10,2023,1,3,3,0,0,1.4350845252893227,1.4816045409242156,7.347299700743164,3.2,0.29090909090909095,4.999999999999998,0.3967
Sikkim_Flash_2023,2023-10-06,27.33,88.61,9.2,21.2,15.2,99,5.8,11.0,2.18,1551.0,3.45,1,10,2023,2,3,3,0,0,2.322387720290225,1.4929040961781488,7.347299700743164,9.107999999999999,0.8363636363636363,6.0,0.4021
Sikkim_Flash_2023,2023-10-07,27.33,88.61,28.6,22.0,15.1,100,6.6,17.0,3.06,1551.0,3.12,1,10,2023,3,3,3,0,0,3.3877743613300146,1.415853163361435,7.347299700743164,28.6,1.6823529411764706,6.9,0.479
Rajasthan_2022,2022-08-11,26.92,75.79,2.0,30.0,25.9,83,34.6,11.0,4.0,438.0,0.95,1,8,2022,1,2,3,0,0,1.0986122886681098,0.6678293725756554,6.0844994130751715,1.66,0.18181818181818182,4.100000000000001,0.3913
Rajasthan_2022,2022-08-12,26.92,75.79,5.4,29.0,24.5,94,24.3,16.0,3.46,438.0,0.97,1,8,2022,2,2,3,0,0,1.8562979903656263,0.6780335427498971,6.0844994130751715,5.0760000000000005,0.3375,4.5,0.4626
Rajasthan_2022,2022-08-13,26.92,75.79,10.5,30.2,23.6,99,17.1,20.0,3.72,438.0,2.21,1,8,2022,2,2,3,0,0,2.4423470353692043,1.1662709371419244,6.0844994130751715,10.395,0.525,6.599999999999998,0.5139
Rajasthan_2022,2022-08-14,26.92,75.79,2.9,30.6,24.3,94,15.8,9.0,3.09,438.0,1.53,1,8,2022,1,2,3,0,0,1.3609765531356006,0.9282193027394289,6.0844994130751715,2.7259999999999995,0.3222222222222222,6.300000000000001,0.4011
Rajasthan_2022,2022-08-15,26.92,75.79,5.9,29.7,23.6,97,18.6,15.0,3.49,438.0,1.88,1,8,2022,2,2,3,0,0,1.9315214116032138,1.0577902941478545,6.0844994130751715,5.723000000000001,0.39333333333333337,6.099999999999998,0.4618
Jammu_2023,2023-07-08,32.73,74.87,29.7,27.8,24.0,97,14.8,14.0,1.89,360.0,0.85,1,7,2023,3,2,3,0,0,3.4242626545931514,0.6151856390902334,5.8888779583328805,28.809,2.1214285714285714,3.8000000000000007,0.4861
Jammu_2023,2023-07-09,32.73,74.87,0.0,31.0,22.9,99,14.8,0.0,4.25,360.0,1.03,1,7,2023,0,2,3,0,0,0.0,0.708035793053696,5.8888779583328805,0.0,0.0,8.100000000000001,0.3363
Jammu_2023,2023-07-10,32.73,74.87,1.6,31.5,22.8,95,9.3,3.0,4.91,360.0,0.69,1,7,2023,1,2,3,0,0,0.9555114450274363,0.5247285289349821,5.8888779583328805,1.52,0.5333333333333333,8.7,0.3542
Jammu_2023,2023-07-11,32.73,74.87,0.0,33.9,24.0,97,10.1,0.0,4.97,360.0,0.56,1,7,2023,0,2,3,0,0,0.0,0.44468582126144574,5.8888779583328805,0.0,0.0,9.899999999999999,0.3317
Jammu_2023,2023-07-12,32.73,74.87,2.7,33.2,24.1,90,18.5,2.0,5.08,360.0,0.58,1,7,2023,1,2,3,0,0,1.308332819650179,0.4574248470388754,5.8888779583328805,2.43,1.35,9.100000000000001,0.3357
Himachal_Pradesh_2023,2023-08-14,31.1,77.17,51.0,18.9,16.7,100,7.0,24.0,1.01,1940.0,1.65,1,8,2023,3,2,3,0,0,3.9512437185814275,0.9745596399981308,7.57095858316901,51.0,2.125,2.1999999999999993,0.5534
Himachal_Pradesh_2023,2023-08-15,31.1,77.17,1.2,22.7,15.6,100,12.4,8.0,3.8,1940.0,1.7,1,8,2023,1,2,3,0,0,0.7884573603642702,0.9932517730102833,7.57095858316901,1.2,0.15,7.1,0.3569
Himachal_Pradesh_2023,2023-08-16,31.1,77.17,0.9,23.0,14.4,100,14.3,7.0,4.08,1940.0,1.78,1,8,2023,1,2,3,0,0,0.6418538861723948,1.0224509277025458,7.57095858316901,0.9,0.1285714285714286,8.6,0.3482
Himachal_Pradesh_2023,2023-08-17,31.1,77.17,2.1,22.5,14.9,100,16.3,8.0,3.9,1940.0,1.85,1,8,2023,1,2,3,0,0,1.1314021114911006,1.0473189942805592,7.57095858316901,2.1,0.2625,7.6,0.3581
Himachal_Pradesh_2023,2023-08-18,31.1,77.17,4.4,23.8,14.8,100,9.3,6.0,4.01,1940.0,1.77,1,8,2023,1,2,3,0,0,1.6863989535702288,1.0188473201992472,7.57095858316901,4.4,0.7333333333333334,9.0,0.3443
Gujarat_Morbi_2022,2022-10-29,22.81,70.83,0.0,35.2,22.4,57,10.8,0.0,5.33,47.0,0.21,1,10,2022,0,3,1,1,0,0.0,0.19062035960864973,3.871201010907891,0.0,0.0,12.800000000000004,0.2497
Gujarat_Morbi_2022,2022-10-30,22.81,70.83,0.0,35.2,22.6,59,10.0,0.0,5.19,47.0,0.21,1,10,2022,0,3,1,1,0,0.0,0.19062035960864973,3.871201010907891,0.0,0.0,12.600000000000001,0.2543
Gujarat_Morbi_2022,2022-10-31,22.81,70.83,0.0,34.8,22.0,57,15.5,0.0,5.72,47.0,0.21,1,10,2022,0,3,1,1,0,0.0,0.19062035960864973,3.871201010907891,0.0,0.0,12.799999999999997,0.2497
Gujarat_Morbi_2022,2022-11-01,22.81,70.83,0.0,34.5,22.5,48,12.2,0.0,5.22,47.0,0.21,1,11,2022,0,3,1,1,0,0.0,0.19062035960864973,3.871201010907891,0.0,0.0,12.0,0.229
Gujarat_Morbi_2022,2022-11-02,22.81,70.83,0.0,34.8,22.0,60,12.7,0.0,5.3,47.0,0.2,1,11,2022,0,3,1,1,0,0.0,0.18232155679395465,3.871201010907891,0.0,0.0,12.799999999999997,0.2566
Gujarat_Floods_2023,2023-09-03,23.02,72.57,0.5,34.3,26.7,76,13.0,4.0,5.53,53.0,1.26,1,9,2023,1,2,2,1,0,0.4054651081081644,0.8153648132841945,3.9889840465642745,0.38,0.125,7.599999999999998,0.3271
Gujarat_Floods_2023,2023-09-04,23.02,72.57,0.0,34.5,26.4,73,12.2,0.0,5.63,53.0,1.23,1,9,2023,0,2,2,1,0,0.0,0.8020015854720274,3.9889840465642745,0.0,0.0,8.100000000000001,0.2863
Gujarat_Floods_2023,2023-09-05,23.02,72.57,0.0,35.8,26.1,80,15.1,0.0,6.07,53.0,1.2,1,9,2023,0,2,2,1,0,0.0,0.7884573603642702,3.9889840465642745,0.0,0.0,9.699999999999996,0.3024
Gujarat_Floods_2023,2023-09-06,23.02,72.57,1.8,36.7,26.8,89,21.0,4.0,6.49,53.0,1.19,1,9,2023,1,2,3,1,0,1.0296194171811581,0.7839015438284094,3.9889840465642745,1.602,0.45,9.900000000000002,0.3587
Gujarat_Floods_2023,2023-09-07,23.02,72.57,5.6,36.0,25.7,95,18.3,7.0,4.85,53.0,1.26,1,9,2023,2,2,3,1,0,1.8870696490323797,0.8153648132841945,3.9889840465642745,5.32,0.7999999999999999,10.3,0.4023
West_Bengal_2021,2021-07-27,22.57,88.36,25.3,31.6,26.5,94,15.5,20.0,2.78,12.0,38.17,1,7,2021,3,2,3,1,0,3.269568939183719,3.66791114767774,2.5649493574615367,23.782000000000004,1.2650000000000001,5.100000000000001,0.5347
West_Bengal_2021,2021-07-28,22.57,88.36,52.7,29.9,25.6,96,20.9,19.0,1.99,12.0,52.7,1,7,2021,3,2,3,1,0,3.983413001514819,3.983413001514819,2.5649493574615367,50.592000000000006,2.7736842105263158,4.299999999999997,0.5658
West_Bengal_2021,2021-07-29,22.57,88.36,70.2,29.3,25.8,96,24.5,20.0,1.83,12.0,118.67,1,7,2021,3,2,3,1,0,4.26549281841793,4.784737954585425,2.5649493574615367,67.39200000000001,3.5100000000000002,3.5,0.5965
West_Bengal_2021,2021-07-30,22.57,88.36,34.5,29.5,25.7,95,22.4,15.0,2.34,12.0,101.8,1,7,2021,3,2,3,1,0,3.56953269648137,4.632785353021065,2.5649493574615367,32.775,2.3,3.8000000000000007,0.5072
West_Bengal_2021,2021-07-31,22.57,88.36,0.6,31.1,26.7,90,17.1,5.0,3.88,12.0,69.96,1,7,2021,1,2,3,1,0,0.4700036292457356,4.262116338001324,2.5649493574615367,0.54,0.12,4.400000000000002,0.3693
Andhra_Krishna_2022,2022-09-19,16.51,80.62,6.4,29.0,25.8,91,13.5,14.0,1.91,26.0,46.21,1,9,2022,2,2,3,1,0,2.0014800002101243,3.8546057345581954,3.295836866004329,5.824,0.4571428571428572,3.1999999999999993,0.4534
Andhra_Krishna_2022,2022-09-20,16.51,80.62,0.8,30.4,24.6,92,18.1,4.0,3.03,26.0,45.24,1,9,2022,1,2,3,1,0,0.5877866649021191,3.833845224364122,3.295836866004329,0.7360000000000001,0.2,5.799999999999997,0.3653
Andhra_Krishna_2022,2022-09-21,16.51,80.62,0.1,32.5,25.0,90,13.8,1.0,4.9,26.0,43.77,1,9,2022,1,2,3,1,0,0.09531017980432487,3.8015382722528743,3.295836866004329,0.09,0.1,7.5,0.3348
Andhra_Krishna_2022,2022-09-22,16.51,80.62,4.7,30.9,25.5,94,16.9,10.0,2.63,26.0,41.85,1,9,2022,1,2,3,1,0,1.7404661748405046,3.7577056450437887,3.295836866004329,4.418,0.47000000000000003,5.399999999999999,0.4248
Andhra_Krishna_2022,2022-09-23,16.51,80.62,0.6,32.0,24.6,95,15.5,2.0,4.48,26.0,40.3,1,9,2022,1,2,3,1,0,0.4700036292457356,3.720862499966987,3.295836866004329,0.57,0.3,7.399999999999999,0.3552
Telangana_2022,2022-10-12,17.38,78.49,11.8,29.1,21.6,99,10.5,16.0,3.63,491.0,44.92,1,10,2022,2,3,3,0,0,2.5494451709255714,3.826900752011311,6.198478716492308,11.682,0.7375,7.5,0.4806
Telangana_2022,2022-10-13,17.38,78.49,3.8,29.0,21.0,99,8.0,10.0,3.76,491.0,53.7,1,10,2022,1,3,3,0,0,1.5686159179138452,4.001863709427935,6.198478716492308,3.762,0.38,8.0,0.4205
Telangana_2022,2022-10-14,17.38,78.49,2.0,28.0,21.0,99,12.6,9.0,2.5,491.0,48.43,1,10,2022,1,3,3,0,0,1.0986122886681098,3.9005575273188677,6.198478716492308,1.98,0.2222222222222222,7.0,0.4099
Telangana_2022,2022-10-15,17.38,78.49,5.0,26.8,20.9,99,15.5,15.0,2.67,491.0,61.23,1,10,2022,1,3,3,0,0,1.791759469228055,4.130837198581126,6.198478716492308,4.95,0.3333333333333333,5.900000000000002,0.4637
Telangana_2022,2022-10-16,17.38,78.49,6.0,26.7,20.9,99,15.3,11.0,2.2,491.0,64.46,1,10,2022,2,3,3,0,0,1.9459101490553132,4.181439269073034,6.198478716492308,5.94,0.5454545454545454,5.800000000000001,0.4317
Punjab_Floods_2023,2023-07-14,30.9,75.85,0.8,33.1,25.8,96,11.8,5.0,4.4,250.0,13.16,1,7,2023,1,2,3,0,0,0.5877866649021191,2.6504210882655737,5.5254529391317835,0.7680000000000001,0.16,7.300000000000001,0.3756
Punjab_Floods_2023,2023-07-15,30.9,75.85,3.1,33.8,25.7,99,13.2,4.0,4.67,250.0,12.4,1,7,2023,1,2,3,0,0,1.410986973710262,2.5952547069568657,5.5254529391317835,3.0690000000000004,0.775,8.099999999999998,0.3771
Punjab_Floods_2023,2023-07-16,30.9,75.85,21.2,32.0,25.8,96,15.9,17.0,3.39,250.0,11.85,1,7,2023,2,2,3,0,0,3.100092288878234,2.553343811341229,5.5254529391317835,20.351999999999997,1.2470588235294118,6.199999999999999,0.5015
Punjab_Floods_2023,2023-07-17,30.9,75.85,4.7,33.5,26.0,98,10.2,5.0,4.27,250.0,10.94,1,7,2023,1,2,3,0,0,1.7404661748405046,2.479894107964456,5.5254529391317835,4.606,0.9400000000000001,7.5,0.3852
Punjab_Floods_2023,2023-07-18,30.9,75.85,0.9,32.0,26.5,98,15.0,7.0,3.98,250.0,9.62,1,7,2023,1,2,3,0,0,0.6418538861723948,2.362739015813793,5.5254529391317835,0.882,0.1285714285714286,5.5,0.397
Manipur_2023,2023-08-26,24.82,93.95,12.9,26.6,21.8,99,9.6,15.0,2.29,781.0,15.41,1,8,2023,2,2,3,0,0,2.631888840136646,2.7978909051019993,6.661854740545311,12.771,0.86,4.800000000000001,0.4644
Manipur_2023,2023-08-27,24.82,93.95,0.7,28.6,21.2,100,12.6,6.0,4.53,781.0,22.33,1,8,2023,1,2,3,0,0,0.5306282510621704,3.1497400860333387,6.661854740545311,0.7,0.11666666666666665,7.400000000000002,0.3763
Manipur_2023,2023-08-28,24.82,93.95,0.3,28.5,20.6,100,13.1,2.0,4.21,781.0,20.88,1,8,2023,1,2,3,0,0,0.262364264467491,3.0855729775537806,6.661854740545311,0.3,0.15,7.899999999999999,0.3424
Manipur_2023,2023-08-29,24.82,93.95,0.0,29.9,20.0,99,9.0,0.0,4.91,781.0,20.43,1,8,2023,0,2,3,0,0,0.0,3.064791809485486,6.661854740545311,0.0,0.0,9.899999999999999,0.3231
Manipur_2023,2023-08-30,24.82,93.95,15.3,30.1,20.7,98,7.7,11.0,4.56,781.0,18.95,1,8,2023,2,2,3,0,0,2.791165107812717,2.9932291433358724,6.661854740545311,14.994000000000002,1.3909090909090909,9.400000000000002,0.4319
Tripura_2024,2024-08-20,23.83,91.28,20.0,28.0,25.0,97,17.4,24.0,1.5,12.0,20.38,1,8,2024,2,2,3,1,0,3.044522437723423,3.062455905596899,2.5649493574615367,19.4,0.8333333333333334,3.0,0.5682
Tripura_2024,2024-08-21,23.83,91.28,40.3,27.2,24.5,98,20.6,24.0,1.31,12.0,20.68,1,8,2024,3,2,3,1,0,3.720862499966987,3.0763901765714454,2.5649493574615367,39.494,1.6791666666666665,2.6999999999999993,0.5962
Tripura_2024,2024-08-22,23.83,91.28,18.9,28.8,24.9,98,15.7,21.0,1.7,12.0,21.44,1,8,2024,2,2,3,1,0,2.990719731730447,3.110845080654496,2.5649493574615367,18.522,0.8999999999999999,3.900000000000002,0.5441
Tripura_2024,2024-08-23,23.83,91.28,9.3,30.9,25.2,96,17.2,14.0,2.55,12.0,20.09,1,8,2024,2,2,3,1,0,2.33214389523559,3.0487989944906833,2.5649493574615367,8.928,0.6642857142857144,5.699999999999999,0.469
Tripura_2024,2024-08-24,23.83,91.28,7.7,31.5,24.6,96,16.1,13.0,4.11,12.0,20.93,1,8,2024,2,2,3,1,0,2.163323025660538,3.0878555624297968,2.5649493574615367,7.392,0.5923076923076923,6.899999999999999,0.4586
Pakistan_Sindh_2022,2022-08-25,27.53,68.47,10.4,29.1,25.1,98,16.3,17.0,1.92,54.0,1.9,1,8,2022,2,2,3,1,0,2.4336133554004498,1.0647107369924282,4.007333185232471,10.192,0.611764705882353,4.0,0.4986
Pakistan_Sindh_2022,2022-08-26,27.53,68.47,2.6,31.1,24.3,97,16.6,4.0,3.19,54.0,1.58,1,8,2022,1,2,3,1,0,1.2809338454620642,0.9477893989335261,4.007333185232471,2.5220000000000002,0.65,6.800000000000001,0.378
Pakistan_Sindh_2022,2022-08-27,27.53,68.47,0.4,31.4,25.0,95,10.1,1.0,4.12,54.0,1.39,1,8,2022,1,2,3,1,0,0.33647223662121295,0.8712933659434193,4.007333185232471,0.38,0.4,6.399999999999999,0.3456
Pakistan_Sindh_2022,2022-08-28,27.53,68.47,0.0,32.8,25.5,90,9.0,0.0,4.67,54.0,1.12,1,8,2022,0,2,3,1,0,0.0,0.7514160886839212,4.007333185232471,0.0,0.0,7.299999999999997,0.3253
Pakistan_Sindh_2022,2022-08-29,27.53,68.47,0.2,33.3,26.1,89,10.5,2.0,4.67,54.0,0.92,1,8,2022,1,2,3,1,0,0.18232155679395465,0.6523251860396903,4.007333185232471,0.17800000000000002,0.1,7.199999999999996,0.3399
Pakistan_Balochistan_2022,2022-08-20,29.01,66.97,13.6,23.4,19.5,87,7.3,10.0,2.85,1549.0,3.19,1,8,2022,2,2,3,0,0,2.681021528714291,1.4327007339340463,7.346010209913293,11.832,1.3599999999999999,3.8999999999999986,0.3718
Pakistan_Balochistan_2022,2022-08-21,29.01,66.97,36.6,22.2,19.3,99,5.0,19.0,1.41,1549.0,0.85,1,8,2022,3,2,3,0,0,3.6270040503958487,0.6151856390902334,7.346010209913293,36.234,1.9263157894736842,2.8999999999999986,0.5035
Pakistan_Balochistan_2022,2022-08-22,29.01,66.97,0.5,26.2,18.9,100,5.4,2.0,5.04,1549.0,11.36,1,8,2022,1,2,3,0,0,0.4054651081081644,2.514465452029545,7.346010209913293,0.5,0.25,7.300000000000001,0.3184
Pakistan_Balochistan_2022,2022-08-23,29.01,66.97,0.3,24.6,19.1,86,7.9,1.0,3.57,1549.0,2.28,1,8,2022,1,2,3,0,0,0.262364264467491,1.1878434223960523,7.346010209913293,0.258,0.3,5.5,0.2776
Pakistan_Balochistan_2022,2022-08-24,29.01,66.97,26.4,24.3,19.3,93,7.1,19.0,2.54,1549.0,0.67,1,8,2022,3,2,3,0,0,3.3105430133940246,0.5128236264286639,7.346010209913293,24.552,1.3894736842105262,5.0,0.4768
Bangladesh_Sylhet_2022,2022-06-16,24.9,91.87,71.0,25.8,23.5,99,15.5,24.0,1.02,22.0,6.21,1,6,2022,3,2,3,1,0,4.276666119016055,1.9754689512968577,3.1354942159291497,70.29,2.9583333333333335,2.3000000000000007,0.6371
Bangladesh_Sylhet_2022,2022-06-17,24.9,91.87,64.8,26.1,24.1,97,23.7,24.0,0.93,22.0,6.78,1,6,2022,3,2,3,1,0,4.186619838331271,2.0515563381903004,3.1354942159291497,62.855999999999995,2.6999999999999997,2.0,0.6246
Bangladesh_Sylhet_2022,2022-06-18,24.9,91.87,69.4,26.2,23.7,98,16.3,24.0,1.07,22.0,7.38,1,6,2022,3,2,3,1,0,4.254193263163997,2.1258479144939915,3.1354942159291497,68.012,2.891666666666667,2.5,0.6327
Bangladesh_Sylhet_2022,2022-06-19,24.9,91.87,44.1,28.5,23.4,99,17.9,24.0,2.04,22.0,7.15,1,6,2022,3,2,3,1,0,3.8088822465086327,2.0980179272527715,3.1354942159291497,43.659000000000006,1.8375000000000001,5.100000000000001,0.6029
Bangladesh_Sylhet_2022,2022-06-20,24.9,91.87,39.4,29.1,23.5,98,12.6,24.0,2.41,22.0,6.96,1,6,2022,3,2,3,1,0,3.6988297849671046,2.0744289998562917,3.1354942159291497,38.611999999999995,1.6416666666666666,5.600000000000001,0.5947
Bangladesh_Floods_2023,2023-08-06,24.0,90.5,47.8,29.8,25.5,99,18.9,24.0,2.24,4.0,2.89,1,8,2023,3,2,3,1,0,3.8877303128591016,1.358409157630355,1.6094379124341003,47.321999999999996,1.9916666666666665,4.300000000000001,0.6082
Bangladesh_Floods_2023,2023-08-07,24.0,90.5,48.9,28.0,25.5,98,14.2,24.0,1.01,4.0,4.01,1,8,2023,3,2,3,1,0,3.910021002757473,1.6114359150967734,1.6094379124341003,47.922,2.0375,2.5,0.6073
Bangladesh_Floods_2023,2023-08-08,24.0,90.5,47.6,30.0,25.4,98,15.4,22.0,1.74,4.0,6.14,1,8,2023,3,2,3,1,0,3.883623530906448,1.965712776351493,1.6094379124341003,46.648,2.1636363636363636,4.600000000000001,0.589
Bangladesh_Floods_2023,2023-08-09,24.0,90.5,1.5,32.7,25.2,97,15.5,8.0,4.2,4.0,5.24,1,8,2023,1,2,3,1,0,0.9162907318741551,1.8309801823813363,1.6094379124341003,1.455,0.1875,7.5000000000000036,0.4116
Bangladesh_Floods_2023,2023-08-10,24.0,90.5,4.7,32.8,25.5,98,12.8,8.0,3.94,4.0,3.54,1,8,2023,1,2,3,1,0,1.7404661748405046,1.5129270120532565,1.6094379124341003,4.606,0.5875,7.299999999999997,0.4179
Nigeria_Anambra_2022,2022-10-04,6.21,6.69,1.9,31.0,22.3,99,10.5,6.0,4.15,47.0,27226.01,1,10,2022,1,3,3,1,1,1.0647107369924282,10.211964774277021,3.871201010907891,1.881,0.31666666666666665,8.7,0.4892
Nigeria_Anambra_2022,2022-10-05,6.21,6.69,5.2,31.0,22.9,98,12.7,7.0,3.99,47.0,26545.04,1,10,2022,2,3,3,1,1,1.824549292051046,10.186635863003366,3.871201010907891,5.096,0.7428571428571429,8.100000000000001,0.4972
Nigeria_Anambra_2022,2022-10-06,6.21,6.69,14.5,28.6,23.0,98,14.3,16.0,2.24,47.0,25526.02,1,10,2022,2,3,3,1,1,2.740840023925201,10.147492778001514,3.871201010907891,14.21,0.90625,5.600000000000001,0.5806
Nigeria_Anambra_2022,2022-10-07,6.21,6.69,15.9,26.9,22.5,98,14.3,17.0,1.74,47.0,24602.66,1,10,2022,2,3,3,1,1,2.8273136219290276,10.11065049134154,3.871201010907891,15.582,0.9352941176470588,4.399999999999999,0.5876
Nigeria_Anambra_2022,2022-10-08,6.21,6.69,13.7,31.0,23.0,98,8.0,13.0,3.27,47.0,24098.05,1,10,2022,2,3,3,1,1,2.6878474937846906,10.089927699614657,3.871201010907891,13.425999999999998,1.0538461538461539,8.0,0.5498
Germany_Ahr_2021,2021-07-14,50.54,6.95,59.9,17.0,14.6,100,17.7,21.0,0.64,405.0,246.17,1,7,2021,3,2,3,0,0,4.109233174715851,5.510076358995608,6.0063531596017325,59.9,2.8523809523809525,2.4000000000000004,0.589
Germany_Ahr_2021,2021-07-15,50.54,6.95,2.2,20.1,11.8,100,14.3,9.0,2.04,405.0,126.64,1,7,2021,1,2,3,0,0,1.1631508098056809,4.849213801410043,6.0063531596017325,2.2,0.24444444444444446,8.3,0.4154
Germany_Ahr_2021,2021-07-16,50.54,6.95,7.3,16.9,14.4,100,18.9,15.0,1.57,405.0,64.01,1,7,2021,2,2,3,0,0,2.1162555148025524,4.174541104216377,6.0063531596017325,7.3,0.48666666666666664,2.4999999999999982,0.4717
Germany_Ahr_2021,2021-07-17,50.54,6.95,0.0,22.0,13.7,99,18.7,0.0,3.15,405.0,40.59,1,7,2021,0,2,3,0,0,0.0,3.7278597537548204,6.0063531596017325,0.0,0.0,8.3,0.335
Germany_Ahr_2021,2021-07-18,50.54,6.95,0.0,22.5,13.8,100,18.3,0.0,4.45,405.0,29.76,1,7,2021,0,2,3,0,0,0.0,3.4262151446374434,6.0063531596017325,0.0,0.0,8.7,0.3373
China_Henan_2021,2021-07-20,34.75,113.65,134.6,25.8,23.0,98,22.8,24.0,0.73,105.0,64.16,1,7,2021,4,2,3,0,0,4.909709375506295,4.176845783733844,4.663439094112067,131.908,5.608333333333333,2.8000000000000007,0.713
China_Henan_2021,2021-07-21,34.75,113.65,101.3,27.3,23.3,98,17.4,24.0,1.42,105.0,51.84,1,7,2021,4,2,3,0,0,4.627909672957581,3.9672684796541247,4.663439094112067,99.274,4.220833333333333,4.0,0.6707
China_Henan_2021,2021-07-22,34.75,113.65,10.7,29.2,22.6,98,18.6,17.0,2.67,105.0,18.45,1,7,2021,2,2,3,0,0,2.4595888418037104,2.9678470700644555,4.663439094112067,10.485999999999999,0.6294117647058823,6.599999999999998,0.4974
China_Henan_2021,2021-07-23,34.75,113.65,13.1,28.4,21.8,95,13.0,15.0,2.91,105.0,11.19,1,7,2021,2,2,3,0,0,2.6461747973841225,2.5006159434931803,4.663439094112067,12.445,0.8733333333333333,6.599999999999998,0.4768
China_Henan_2021,2021-07-24,34.75,113.65,5.2,30.6,22.6,97,8.4,12.0,3.94,105.0,6.62,1,7,2021,2,2,3,0,0,1.824549292051046,2.030776369698555,4.663439094112067,5.0440000000000005,0.43333333333333335,8.0,0.4464
China_Guangdong_2022,2022-06-12,23.13,113.26,39.2,29.5,24.5,99,17.8,18.0,2.25,21.0,25.3,1,6,2022,3,2,3,1,0,3.6938669956249757,3.269568939183719,3.091042453358316,38.808,2.177777777777778,5.0,0.5468
China_Guangdong_2022,2022-06-13,23.13,113.26,23.0,30.8,24.5,99,21.0,19.0,2.79,21.0,27.38,1,6,2022,2,2,3,1,0,3.1780538303479458,3.3456846717318967,3.091042453358316,22.77,1.2105263157894737,6.300000000000001,0.5346
China_Guangdong_2022,2022-06-14,23.13,113.26,44.2,26.9,24.0,98,18.4,24.0,1.31,21.0,29.34,1,6,2022,3,2,3,1,0,3.8110970868381857,3.4124669739203863,3.091042453358316,43.316,1.8416666666666668,2.8999999999999986,0.6009
China_Guangdong_2022,2022-06-15,23.13,113.26,39.1,30.8,23.4,96,13.7,21.0,2.97,21.0,29.76,1,6,2022,3,2,3,1,0,3.6913763343125234,3.4262151446374434,3.091042453358316,37.536,1.861904761904762,7.400000000000002,0.5648
China_Guangdong_2022,2022-06-16,23.13,113.26,33.2,30.8,23.4,98,19.8,22.0,3.47,21.0,25.73,1,6,2022,3,2,3,1,0,3.5322256440685598,3.2857865301508276,3.091042453358316,32.536,1.5090909090909093,7.400000000000002,0.5703
USA_Kentucky_2022,2022-07-28,37.33,-83.17,17.9,29.9,20.9,100,17.8,9.0,4.27,447.0,0.97,1,7,2022,2,2,3,0,0,2.9391619220655967,0.6780335427498971,6.104793232414985,17.9,1.9888888888888887,9.0,0.4336
USA_Kentucky_2022,2022-07-29,37.33,-83.17,8.2,25.9,21.5,100,10.7,13.0,2.27,447.0,1.08,1,7,2022,2,2,3,0,0,2.2192034840549946,0.7323678937132266,6.104793232414985,8.2,0.6307692307692307,4.399999999999999,0.4546
USA_Kentucky_2022,2022-07-30,37.33,-83.17,0.0,27.2,18.7,93,10.4,0.0,4.29,447.0,1.08,1,7,2022,0,2,3,0,0,0.0,0.7323678937132266,6.104793232414985,0.0,0.0,8.5,0.3198
USA_Kentucky_2022,2022-07-31,37.33,-83.17,15.9,24.5,18.7,97,14.3,13.0,2.06,447.0,1.2,1,7,2022,2,2,3,0,0,2.8273136219290276,0.7884573603642702,6.104793232414985,15.423,1.2230769230769232,5.800000000000001,0.4575
USA_Kentucky_2022,2022-08-01,37.33,-83.17,3.0,29.4,20.3,98,17.7,10.0,4.31,447.0,1.2,1,8,2022,1,2,3,0,0,1.3862943611198906,0.7884573603642702,6.104793232414985,2.94,0.3,9.099999999999998,0.4184
USA_Vermont_2023,2023-07-10,44.26,-72.58,77.4,20.6,18.2,100,14.9,24.0,0.61,164.0,0.67,1,7,2023,4,2,3,0,0,4.361823927356363,0.5128236264286639,5.10594547390058,77.4,3.225,2.400000000000002,0.643
USA_Vermont_2023,2023-07-11,44.26,-72.58,3.4,27.9,17.1,100,8.9,8.0,4.21,164.0,1.31,1,7,2023,1,2,3,0,0,1.4816045409242156,0.8372475245337022,5.10594547390058,3.4,0.425,10.799999999999997,0.4158
USA_Vermont_2023,2023-07-12,44.26,-72.58,2.2,26.4,16.3,100,12.6,6.0,4.1,164.0,1.33,1,7,2023,1,2,3,0,0,1.1631508098056809,0.8458682675776092,5.10594547390058,2.2,0.3666666666666667,10.099999999999998,0.3976
USA_Vermont_2023,2023-07-13,44.26,-72.58,8.2,27.8,16.0,100,21.1,9.0,3.46,164.0,1.28,1,7,2023,2,2,3,0,0,2.2192034840549946,0.8241754429663494,5.10594547390058,8.2,0.911111111111111,11.8,0.4302
USA_Vermont_2023,2023-07-14,44.26,-72.58,3.8,26.6,14.9,100,10.6,6.0,4.27,164.0,1.26,1,7,2023,1,2,3,0,0,1.5686159179138452,0.8153648132841945,5.10594547390058,3.8,0.6333333333333333,11.700000000000001,0.3996
Australia_NSW_2022,2022-02-26,-30.33,153.12,13.4,24.7,19.9,100,17.2,20.0,2.04,11.0,,1,2,2022,2,0,3,1,0,2.667228206581955,0.0,2.4849066497880004,13.4,0.67,4.800000000000001,0.5333
Australia_NSW_2022,2022-02-27,-30.33,153.12,99.8,22.0,19.8,100,15.7,24.0,0.52,11.0,,1,2,2022,4,0,3,1,0,4.613138355637268,0.0,2.4849066497880004,99.8,4.158333333333333,2.1999999999999993,0.6762
Australia_NSW_2022,2022-02-28,-30.33,153.12,200.6,21.5,19.7,100,20.8,24.0,0.4,11.0,,1,2,2022,5,0,3,1,0,5.306285536197214,0.0,2.4849066497880004,200.6,8.358333333333333,1.8000000000000007,0.804
Australia_NSW_2022,2022-03-01,-30.33,153.12,31.2,24.1,20.2,100,13.3,24.0,2.0,11.0,,1,3,2022,3,1,3,1,0,3.4719664525503626,0.0,2.4849066497880004,31.2,1.3,3.900000000000002,0.5892
Australia_NSW_2022,2022-03-02,-30.33,153.12,8.7,24.5,20.0,100,22.4,10.0,2.99,11.0,,1,3,2022,2,1,3,1,0,2.272125885509337,0.0,2.4849066497880004,8.7,0.8699999999999999,4.5,0.444
Australia_QLD_2022,2022-02-26,-27.47,153.02,166.5,22.5,20.2,96,20.2,24.0,0.69,14.0,5860.38,1,2,2022,5,0,3,1,1,5.120983351265121,8.676140349727037,2.70805020110221,159.84,6.9375,2.3000000000000007,0.771
Australia_QLD_2022,2022-02-27,-27.47,153.02,113.0,23.0,20.7,99,25.7,24.0,1.1,14.0,7260.06,1,2,2022,4,0,3,1,1,4.736198448394496,8.890281102670716,2.70805020110221,111.87,4.708333333333333,2.3000000000000007,0.7147
Australia_QLD_2022,2022-02-28,-27.47,153.02,5.8,27.8,19.5,99,13.3,10.0,3.39,14.0,4818.48,1,2,2022,2,0,3,1,1,1.916922612182061,8.480421317407341,2.70805020110221,5.741999999999999,0.58,8.3,0.454
Australia_QLD_2022,2022-03-01,-27.47,153.02,7.2,28.5,21.1,99,12.5,10.0,4.0,14.0,2836.92,1,3,2022,2,1,3,1,1,2.1041341542702074,7.950826668457276,2.70805020110221,7.128000000000001,0.72,7.399999999999999,0.4492
Australia_QLD_2022,2022-03-02,-27.47,153.02,1.9,30.2,20.4,99,15.1,5.0,4.45,14.0,1797.87,1,3,2022,1,1,3,1,1,1.0647107369924282,7.4949139689715,2.70805020110221,1.881,0.38,9.8,0.3973
Indonesia_Sumatra_2022,2022-10-30,-2.1,104.75,9.4,30.4,23.1,98,9.2,14.0,3.52,8.0,4.69,1,10,2022,2,3,3,1,0,2.341805806147327,1.7387102481382397,2.1972245773362196,9.212,0.6714285714285715,7.299999999999997,0.4738
Indonesia_Sumatra_2022,2022-10-31,-2.1,104.75,19.7,29.4,23.0,99,9.6,11.0,2.6,8.0,4.64,1,10,2022,2,3,3,1,0,3.0301337002713233,1.7298840655099674,2.1972245773362196,19.503,1.7909090909090908,6.399999999999999,0.4641
Indonesia_Sumatra_2022,2022-11-01,-2.1,104.75,11.2,29.4,23.4,97,10.1,9.0,3.73,8.0,5.19,1,11,2022,2,3,3,1,0,2.501435951739211,1.8229350866965048,2.1972245773362196,10.863999999999999,1.2444444444444445,6.0,0.4321
Indonesia_Sumatra_2022,2022-11-02,-2.1,104.75,4.0,31.1,23.8,98,8.2,5.0,4.31,8.0,4.92,1,11,2022,1,3,3,1,0,1.6094379124341003,1.7783364488959144,2.1972245773362196,3.92,0.8,7.300000000000001,0.3919
Indonesia_Sumatra_2022,2022-11-03,-2.1,104.75,21.8,30.6,23.5,100,13.3,13.0,3.62,8.0,4.68,1,11,2022,2,3,3,1,0,3.126760535960395,1.7369512327330598,2.1972245773362196,21.8,1.676923076923077,7.100000000000001,0.4857
Brazil_Petropolis_2022,2022-02-15,-22.51,-43.18,6.5,24.7,18.5,99,10.8,11.0,3.99,846.0,1.89,1,2,2022,2,0,3,0,0,2.0149030205422647,1.0612565021243408,6.741700694652055,6.435,0.5909090909090909,6.199999999999999,0.4209
Brazil_Petropolis_2022,2022-02-16,-22.51,-43.18,6.0,23.4,16.3,99,7.8,11.0,4.09,846.0,1.86,1,2,2022,2,0,3,0,0,1.9459101490553132,1.0508216248317612,6.741700694652055,5.94,0.5454545454545454,7.099999999999998,0.4203
Brazil_Petropolis_2022,2022-02-17,-22.51,-43.18,15.1,25.6,16.3,97,7.1,8.0,4.43,846.0,1.82,1,2,2022,2,0,3,0,0,2.7788192719904172,1.0367368849500223,6.741700694652055,14.647,1.8875,9.3,0.4022
Brazil_Petropolis_2022,2022-02-18,-22.51,-43.18,27.6,20.7,17.6,100,5.2,24.0,1.46,846.0,7.13,1,2,2022,3,0,3,0,0,3.353406717825807,2.0955609235597192,6.741700694652055,27.6,1.1500000000000001,3.099999999999998,0.5583
Brazil_Petropolis_2022,2022-02-19,-22.51,-43.18,24.9,22.2,16.5,99,7.6,16.0,2.73,846.0,4.56,1,2,2022,2,0,3,0,0,3.254242968705492,1.715598108262491,6.741700694652055,24.651,1.55625,5.699999999999999,0.4859
South_Africa_KZN_2022,2022-04-11,-29.85,31.0,100.7,20.7,17.2,94,24.2,24.0,0.6,81.0,246.74,1,4,2022,4,1,3,1,0,4.622027303054514,5.512379809126054,4.406719247264253,94.65800000000002,4.195833333333334,3.5,0.6622
South_Africa_KZN_2022,2022-04-12,-29.85,31.0,21.6,26.1,19.0,95,34.0,13.0,3.18,81.0,132.97,1,4,2022,2,1,3,1,0,3.1179499062782403,4.8976158942888945,4.406719247264253,20.52,1.6615384615384616,7.100000000000001,0.4721
South_Africa_KZN_2022,2022-04-13,-29.85,31.0,12.2,25.2,16.6,93,23.7,5.0,2.29,81.0,59.26,1,4,2022,2,1,3,1,0,2.580216829592325,4.098668533702155,4.406719247264253,11.345999999999998,2.44,8.599999999999998,0.3887
South_Africa_KZN_2022,2022-04-14,-29.85,31.0,0.0,25.8,17.5,95,10.7,0.0,3.31,81.0,33.91,1,4,2022,0,1,3,1,0,0.0,3.5527733211169448,4.406719247264253,0.0,0.0,8.3,0.3361
South_Africa_KZN_2022,2022-04-15,-29.85,31.0,0.3,25.1,17.5,95,35.3,2.0,3.12,81.0,25.3,1,4,2022,1,1,3,1,0,0.262364264467491,3.269568939183719,4.406719247264253,0.285,0.15,7.600000000000001,0.3531
Philippines_2022,2022-09-26,14.1,121.56,12.1,25.6,21.4,100,13.0,19.0,2.74,468.0,2.48,1,9,2022,2,2,3,0,0,2.5726122302071057,1.247032293786383,6.150602768446279,12.1,0.6368421052631579,4.200000000000003,0.5089
Philippines_2022,2022-09-27,14.1,121.56,30.1,24.9,21.9,100,12.8,23.0,2.35,468.0,3.11,1,9,2022,3,2,3,0,0,3.4372078191851885,1.413423028508143,6.150602768446279,30.1,1.308695652173913,3.0,0.5651
Philippines_2022,2022-09-28,14.1,121.56,12.0,26.1,20.8,99,5.9,10.0,2.33,468.0,3.22,1,9,2022,2,2,3,0,0,2.5649493574615367,1.4398351280479207,6.150602768446279,11.88,1.2,5.300000000000001,0.4315
Philippines_2022,2022-09-29,14.1,121.56,11.2,26.9,20.5,100,8.5,14.0,3.08,468.0,3.13,1,9,2022,2,2,3,0,0,2.501435951739211,1.4182774069729414,6.150602768446279,11.2,0.7999999999999999,6.399999999999999,0.4661
Philippines_2022,2022-09-30,14.1,121.56,15.6,24.9,20.5,100,10.5,17.0,2.47,468.0,2.99,1,9,2022,2,2,3,0,0,2.8094026953624978,1.3837912309017721,6.150602768446279,15.6,0.9176470588235294,4.399999999999999,0.4967
Nepal_Koshi_2023,2023-10-04,26.91,87.17,15.3,28.3,23.7,94,7.7,15.0,1.65,291.0,486.53,1,10,2023,2,3,3,0,0,2.791165107812717,6.189351827006027,5.676753802268282,14.382,1.02,4.600000000000001,0.473
Nepal_Koshi_2023,2023-10-05,26.91,87.17,1.3,29.3,22.4,96,13.6,10.0,2.81,291.0,484.29,1,10,2023,1,3,3,0,0,0.832909122935104,6.184746650388029,5.676753802268282,1.2480000000000002,0.13,6.900000000000002,0.4182
Nepal_Koshi_2023,2023-10-06,26.91,87.17,6.6,28.9,23.6,93,5.8,10.0,3.14,291.0,471.06,1,10,2023,2,3,3,0,0,2.028148247292285,6.157106096150733,5.676753802268282,6.138,0.6599999999999999,5.299999999999997,0.418
Nepal_Koshi_2023,2023-10-07,26.91,87.17,1.4,28.6,24.0,94,5.0,3.0,2.43,291.0,458.2,1,10,2023,1,3,3,0,0,0.8754687373538999,6.129485845005356,5.676753802268282,1.3159999999999998,0.4666666666666666,4.600000000000001,0.3553
Nepal_Koshi_2023,2023-10-08,26.91,87.17,5.7,29.1,23.3,96,7.0,13.0,3.24,291.0,444.66,1,10,2023,2,3,3,0,0,1.9021075263969205,6.099556329458823,5.676753802268282,5.472,0.43846153846153846,5.800000000000001,0.4487
Afghanistan_2024,2024-05-10,33.0,68.5,3.1,18.9,10.1,86,21.3,2.0,4.47,2303.0,0.08,1,5,2024,1,1,3,0,0,1.410986973710262,0.07696104113612832,7.742402021815782,2.6660000000000004,1.55,8.799999999999999,0.2657
Afghanistan_2024,2024-05-11,33.0,68.5,0.1,19.1,8.0,95,36.8,1.0,5.32,2303.0,0.06,1,5,2024,1,1,3,0,0,0.09531017980432487,0.05826890812397577,7.742402021815782,0.095,0.1,11.100000000000001,0.2742
Afghanistan_2024,2024-05-12,33.0,68.5,0.0,18.6,7.8,59,18.8,0.0,5.33,2303.0,0.05,1,5,2024,0,1,1,0,0,0.0,0.048790164169432,7.742402021815782,0.0,0.0,10.8,0.183
Afghanistan_2024,2024-05-13,33.0,68.5,0.0,19.0,10.1,65,15.7,0.0,5.29,2303.0,0.03,1,5,2024,0,1,2,0,0,0.0,0.0295588022415444,7.742402021815782,0.0,0.0,8.9,0.1968
Afghanistan_2024,2024-05-14,33.0,68.5,0.0,21.5,11.1,60,15.2,0.0,5.78,2303.0,0.02,1,5,2024,0,1,1,0,0,0.0,0.019802627296179712,7.742402021815782,0.0,0.0,10.4,0.1853
Canada_BC_2021,2021-11-14,49.1,-121.95,91.8,11.7,6.3,100,10.0,24.0,0.17,148.0,6.78,1,11,2021,4,3,3,0,0,4.530446639792155,2.0515563381903004,5.003946305945459,91.8,3.8249999999999997,5.3999999999999995,0.6617
Canada_BC_2021,2021-11-15,49.1,-121.95,48.4,13.0,3.2,100,24.6,22.0,0.26,148.0,9.57,1,11,2021,3,3,3,0,0,3.899950424193877,2.3580197998821464,5.003946305945459,48.4,2.1999999999999997,9.8,0.5901
Canada_BC_2021,2021-11-16,49.1,-121.95,8.3,5.9,-0.4,92,13.8,13.0,0.6,148.0,5.9,1,11,2021,2,3,3,0,0,2.2300144001592104,1.9315214116032138,5.003946305945459,7.636,0.6384615384615385,6.300000000000001,0.4458
Canada_BC_2021,2021-11-17,49.1,-121.95,0.0,7.0,-1.0,88,8.6,0.0,0.74,148.0,4.31,1,11,2021,0,3,3,0,0,0.0,1.6695918352538475,5.003946305945459,0.0,0.0,8.0,0.3178
Canada_BC_2021,2021-11-18,49.1,-121.95,9.3,4.2,1.9,100,8.4,14.0,0.38,148.0,3.73,1,11,2021,2,3,3,0,0,2.33214389523559,1.5539252025038417,5.003946305945459,9.3,0.6642857142857144,2.3000000000000003,0.4738
Italy_Emilia_2023,2023-05-16,44.49,11.34,52.7,13.9,12.1,92,22.2,22.0,0.88,78.0,57.61,1,5,2023,3,1,3,1,0,3.983413001514819,4.070905330488338,4.3694478524670215,48.48400000000001,2.3954545454545455,1.8000000000000007,0.5795
Italy_Emilia_2023,2023-05-17,44.49,11.34,42.9,16.3,11.8,94,18.3,19.0,1.38,78.0,56.15,1,5,2023,3,1,3,1,0,3.7819143200811256,4.04567939024082,4.3694478524670215,40.326,2.2578947368421054,4.5,0.5467
Italy_Emilia_2023,2023-05-18,44.49,11.34,0.3,17.6,11.6,95,12.1,2.0,2.57,78.0,37.28,1,5,2023,1,1,3,1,0,0.262364264467491,3.6449275665847534,4.3694478524670215,0.285,0.15,6.000000000000002,0.3532
Italy_Emilia_2023,2023-05-19,44.49,11.34,6.1,15.1,11.1,98,16.6,15.0,0.99,78.0,31.36,1,5,2023,2,1,3,1,0,1.9600947840472698,3.4769230921902907,4.3694478524670215,5.978,0.4066666666666666,4.0,0.4758
Italy_Emilia_2023,2023-05-20,44.49,11.34,4.9,16.8,12.2,98,18.4,17.0,1.25,78.0,28.44,1,5,2023,1,1,3,1,0,1.7749523509116738,3.3823542938606757,4.3694478524670215,4.8020000000000005,0.2882352941176471,4.600000000000001,0.4909
Rajasthan_Thar_Desert,2023-12-01,26.92,70.9,0.0,25.0,14.7,93,23.9,0.0,3.14,240.0,0.05,0,12,2023,0,0,3,0,0,0.0,0.048790164169432,5.484796933490655,0.0,0.0,10.3,0.3263
Rajasthan_Thar_Desert,2023-12-02,26.92,70.9,0.0,24.5,13.6,88,20.5,0.0,3.06,240.0,0.05,0,12,2023,0,0,3,0,0,0.0,0.048790164169432,5.484796933490655,0.0,0.0,10.9,0.3148
Rajasthan_Thar_Desert,2023-12-03,26.92,70.9,0.0,24.5,13.2,90,18.4,0.0,3.19,240.0,0.04,0,12,2023,0,0,3,0,0,0.0,0.039220713153281295,5.484796933490655,0.0,0.0,11.3,0.3194
Rajasthan_Thar_Desert,2023-12-04,26.92,70.9,0.0,24.0,12.0,85,15.6,0.0,3.08,240.0,0.04,0,12,2023,0,0,3,0,0,0.0,0.039220713153281295,5.484796933490655,0.0,0.0,12.0,0.3079
Rajasthan_Thar_Desert,2023-12-05,26.92,70.9,0.0,23.6,12.2,80,14.2,0.0,3.29,240.0,0.04,0,12,2023,0,0,2,0,0,0.0,0.039220713153281295,5.484796933490655,0.0,0.0,11.400000000000002,0.2964
Ladakh_Highland,2023-03-01,34.16,77.58,0.0,-1.6,-5.5,61,8.6,0.0,2.2,3467.0,0.03,0,3,2023,0,1,2,0,0,0.0,0.0295588022415444,8.151333337900432,0.0,0.0,3.9,0.1508
Ladakh_Highland,2023-03-02,34.16,77.58,0.3,-1.0,-4.6,66,9.8,3.0,2.03,3467.0,0.03,0,3,2023,1,1,2,0,0,0.262364264467491,0.0295588022415444,8.151333337900432,0.198,0.09999999999999999,3.5999999999999996,0.1877
Ladakh_Highland,2023-03-03,34.16,77.58,1.2,-0.3,-4.2,66,9.0,9.0,2.38,3467.0,0.03,0,3,2023,1,1,2,0,0,0.7884573603642702,0.0295588022415444,8.151333337900432,0.792,0.13333333333333333,3.9000000000000004,0.2389
Ladakh_Highland,2023-03-04,34.16,77.58,0.2,-0.7,-4.2,65,8.2,2.0,2.23,3467.0,0.03,0,3,2023,1,1,2,0,0,0.18232155679395465,0.0295588022415444,8.151333337900432,0.13,0.1,3.5,0.177
Ladakh_Highland,2023-03-05,34.16,77.58,0.1,-1.3,-5.5,65,8.8,1.0,2.29,3467.0,0.03,0,3,2023,1,1,2,0,0,0.09531017980432487,0.0295588022415444,8.151333337900432,0.065,0.1,4.2,0.1685
Deccan_Plateau_Dry,2023-01-10,17.38,76.5,0.0,30.1,13.3,66,11.1,0.0,4.56,445.0,0.08,0,1,2023,0,0,2,0,0,0.0,0.07696104113612832,6.100318952020064,0.0,0.0,16.8,0.2578
Deccan_Plateau_Dry,2023-01-11,17.38,76.5,0.0,29.4,14.0,70,11.1,0.0,4.12,445.0,0.05,0,1,2023,0,0,2,0,0,0.0,0.048790164169432,6.100318952020064,0.0,0.0,15.399999999999999,0.267
Deccan_Plateau_Dry,2023-01-12,17.38,76.5,0.0,29.5,13.7,77,10.9,0.0,4.14,445.0,0.03,0,1,2023,0,0,2,0,0,0.0,0.0295588022415444,6.100318952020064,0.0,0.0,15.8,0.2831
Deccan_Plateau_Dry,2023-01-13,17.38,76.5,0.0,29.5,14.4,73,11.1,0.0,4.12,445.0,0.02,0,1,2023,0,0,2,0,0,0.0,0.019802627296179712,6.100318952020064,0.0,0.0,15.1,0.2739
Deccan_Plateau_Dry,2023-01-14,17.38,76.5,0.0,29.8,14.9,76,9.7,0.0,4.2,445.0,0.02,0,1,2023,0,0,2,0,0,0.0,0.019802627296179712,6.100318952020064,0.0,0.0,14.9,0.2808
Himachal_Dry_Winter,2023-01-01,31.1,77.17,0.0,8.1,-1.4,92,5.5,0.0,1.06,1940.0,0.23,0,1,2023,0,0,3,0,0,0.0,0.20701416938432615,7.57095858316901,0.0,0.0,9.5,0.2703
Himachal_Dry_Winter,2023-01-02,31.1,77.17,0.1,8.6,-2.1,97,7.4,1.0,1.48,1940.0,0.23,0,1,2023,1,0,3,0,0,0.09531017980432487,0.20701416938432615,7.57095858316901,0.09700000000000002,0.1,10.7,0.2903
Himachal_Dry_Winter,2023-01-03,31.1,77.17,0.2,8.2,-2.7,96,6.9,2.0,1.53,1940.0,0.23,0,1,2023,1,0,3,0,0,0.18232155679395465,0.20701416938432615,7.57095858316901,0.19200000000000003,0.1,10.899999999999999,0.2964
Himachal_Dry_Winter,2023-01-04,31.1,77.17,0.0,10.1,-3.3,88,9.2,0.0,1.83,1940.0,0.23,0,1,2023,0,0,3,0,0,0.0,0.20701416938432615,7.57095858316901,0.0,0.0,13.399999999999999,0.2611
Himachal_Dry_Winter,2023-01-05,31.1,77.17,0.0,12.1,-3.6,77,6.5,0.0,1.99,1940.0,0.23,0,1,2023,0,0,2,0,0,0.0,0.20701416938432615,7.57095858316901,0.0,0.0,15.7,0.2359
Gujarat_Coast_Dry,2023-02-01,22.3,68.97,0.0,25.3,17.2,72,29.8,0.0,5.24,13.0,0.05,0,2,2023,0,0,2,1,0,0.0,0.048790164169432,2.6390573296152584,0.0,0.0,8.100000000000001,0.2852
Gujarat_Coast_Dry,2023-02-02,22.3,68.97,0.0,25.0,16.5,76,19.0,0.0,4.96,13.0,0.05,0,2,2023,0,0,2,1,0,0.0,0.048790164169432,2.6390573296152584,0.0,0.0,8.5,0.2944
Gujarat_Coast_Dry,2023-02-03,22.3,68.97,0.0,26.5,15.4,81,15.9,0.0,4.88,13.0,0.05,0,2,2023,0,0,3,1,0,0.0,0.048790164169432,2.6390573296152584,0.0,0.0,11.1,0.3059
Gujarat_Coast_Dry,2023-02-04,22.3,68.97,0.0,27.1,17.5,87,16.7,0.0,4.44,13.0,0.05,0,2,2023,0,0,3,1,0,0.0,0.048790164169432,2.6390573296152584,0.0,0.0,9.600000000000001,0.3197
Gujarat_Coast_Dry,2023-02-05,22.3,68.97,0.0,23.5,18.2,94,17.3,0.0,3.36,13.0,0.05,0,2,2023,0,0,3,1,0,0.0,0.048790164169432,2.6390573296152584,0.0,0.0,5.300000000000001,0.3358
Andhra_Dry_Season,2023-01-15,15.83,78.04,0.0,31.5,16.6,83,12.8,0.0,4.68,286.0,2.5,0,1,2023,0,0,3,0,0,0.0,1.252762968495368,5.659482215759621,0.0,0.0,14.899999999999999,0.3019
Andhra_Dry_Season,2023-01-16,15.83,78.04,0.0,31.3,15.9,88,11.6,0.0,4.66,286.0,2.21,0,1,2023,0,0,3,0,0,0.0,1.1662709371419244,5.659482215759621,0.0,0.0,15.4,0.3134
Andhra_Dry_Season,2023-01-17,15.83,78.04,0.0,31.2,16.2,97,11.7,0.0,4.76,286.0,2.03,0,1,2023,0,0,3,0,0,0.0,1.1085626195212777,5.659482215759621,0.0,0.0,15.0,0.3341
Andhra_Dry_Season,2023-01-18,15.83,78.04,0.0,31.4,16.9,93,11.5,0.0,4.73,286.0,1.9,0,1,2023,0,0,3,0,0,0.0,1.0647107369924282,5.659482215759621,0.0,0.0,14.5,0.3249
Andhra_Dry_Season,2023-01-19,15.83,78.04,0.0,30.5,16.5,94,14.3,0.0,4.66,286.0,1.82,0,1,2023,0,0,3,0,0,0.0,1.0367368849500223,5.659482215759621,0.0,0.0,14.0,0.3272
Punjab_Dry_Season,2023-11-01,30.9,75.85,0.0,29.6,15.9,94,9.0,0.0,2.95,250.0,1.62,0,11,2023,0,3,3,0,0,0.0,0.9631743177730056,5.5254529391317835,0.0,0.0,13.700000000000001,0.3283
Punjab_Dry_Season,2023-11-02,30.9,75.85,0.0,29.6,16.2,94,12.6,0.0,3.08,250.0,1.62,0,11,2023,0,3,3,0,0,0.0,0.9631743177730056,5.5254529391317835,0.0,0.0,13.400000000000002,0.3283
Punjab_Dry_Season,2023-11-03,30.9,75.85,0.1,28.6,16.6,94,10.7,1.0,2.77,250.0,1.59,0,11,2023,1,3,3,0,0,0.09531017980432487,0.9516578757114464,5.5254529391317835,0.094,0.1,12.0,0.3368
Punjab_Dry_Season,2023-11-04,30.9,75.85,0.0,29.5,14.3,87,11.5,0.0,3.15,250.0,1.57,0,11,2023,0,3,3,0,0,0.0,0.9439058989071284,5.5254529391317835,0.0,0.0,15.2,0.3122
Punjab_Dry_Season,2023-11-05,30.9,75.85,0.0,29.4,15.3,95,10.9,0.0,3.17,250.0,1.56,0,11,2023,0,3,3,0,0,0.0,0.9400072584914712,5.5254529391317835,0.0,0.0,14.099999999999998,0.3306
UP_Agra_Dry,2023-04-01,27.17,78.0,0.0,27.4,16.0,98,10.8,0.0,4.39,172.0,247.31,0,4,2023,0,1,3,0,0,0.0,5.514677965565414,5.153291594497779,0.0,0.0,11.399999999999999,0.3408
UP_Agra_Dry,2023-04-02,27.17,78.0,0.0,29.9,16.3,94,20.2,0.0,4.84,172.0,265.69,0,4,2023,0,1,3,0,0,0.0,5.586086935171916,5.153291594497779,0.0,0.0,13.599999999999998,0.3317
UP_Agra_Dry,2023-04-03,27.17,78.0,0.0,32.8,16.9,90,18.1,0.0,5.72,172.0,263.24,0,4,2023,0,1,3,0,0,0.0,5.576857781082534,5.153291594497779,0.0,0.0,15.899999999999999,0.3225
UP_Agra_Dry,2023-04-04,27.17,78.0,0.0,30.1,18.0,77,15.3,0.0,5.36,172.0,259.02,0,4,2023,0,1,2,0,0,0.0,5.560758551134023,5.153291594497779,0.0,0.0,12.100000000000001,0.2926
UP_Agra_Dry,2023-04-05,27.17,78.0,0.0,32.4,17.2,75,15.3,0.0,6.08,172.0,254.27,0,4,2023,0,1,2,0,0,0.0,5.542321808529576,5.153291594497779,0.0,0.0,15.2,0.2879
Tamil_Nadu_Interior_Dry,2023-04-01,11.0,78.0,5.0,37.3,25.0,84,13.7,4.0,6.24,173.0,0.03,0,4,2023,1,1,3,0,0,1.791759469228055,0.0295588022415444,5.159055299214529,4.2,1.25,12.299999999999997,0.3474
Tamil_Nadu_Interior_Dry,2023-04-02,11.0,78.0,3.6,36.8,25.0,91,16.0,4.0,5.31,173.0,0.03,0,4,2023,1,1,3,0,0,1.5260563034950492,0.0295588022415444,5.159055299214529,3.2760000000000002,0.9,11.799999999999997,0.3617
Tamil_Nadu_Interior_Dry,2023-04-03,11.0,78.0,3.9,37.0,23.8,95,19.1,3.0,6.03,173.0,0.03,0,4,2023,1,1,3,0,0,1.589235205116581,0.0295588022415444,5.159055299214529,3.705,1.3,13.2,0.363
Tamil_Nadu_Interior_Dry,2023-04-04,11.0,78.0,0.5,35.7,24.2,89,18.0,1.0,5.48,173.0,0.03,0,4,2023,1,1,3,0,0,0.4054651081081644,0.0295588022415444,5.159055299214529,0.445,0.5,11.500000000000004,0.3282
Tamil_Nadu_Interior_Dry,2023-04-05,11.0,78.0,0.0,36.8,24.5,82,15.1,0.0,6.49,173.0,0.03,0,4,2023,0,1,3,0,0,0.0,0.0295588022415444,5.159055299214529,0.0,0.0,12.299999999999997,0.3032
Jharkhand_Dry,2023-03-01,23.61,85.28,0.0,32.4,17.1,62,17.8,0.0,5.18,411.0,0.0,0,3,2023,0,1,2,0,0,0.0,0.0,6.021023349349527,0.0,0.0,15.299999999999997,0.2497
Jharkhand_Dry,2023-03-02,23.61,85.28,0.0,32.2,16.1,64,16.6,0.0,5.28,411.0,0.0,0,3,2023,0,1,2,0,0,0.0,0.0,6.021023349349527,0.0,0.0,16.1,0.2543
Jharkhand_Dry,2023-03-03,23.61,85.28,0.0,32.3,17.4,55,18.9,0.0,6.14,411.0,0.0,0,3,2023,0,1,1,0,0,0.0,0.0,6.021023349349527,0.0,0.0,14.899999999999999,0.2336
Jharkhand_Dry,2023-03-04,23.61,85.28,0.0,32.3,18.8,47,20.6,0.0,6.46,411.0,0.0,0,3,2023,0,1,1,0,0,0.0,0.0,6.021023349349527,0.0,0.0,13.499999999999996,0.2152
Jharkhand_Dry,2023-03-05,23.61,85.28,0.0,32.5,19.2,61,21.2,0.0,6.37,411.0,0.0,0,3,2023,0,1,2,0,0,0.0,0.0,6.021023349349527,0.0,0.0,13.3,0.2474
Sahara_Algeria,2023-06-01,25.0,3.0,0.0,36.4,23.7,27,18.5,0.0,8.86,409.0,0.0,0,6,2023,0,2,0,0,0,0.0,0.0,6.016157159698354,0.0,0.0,12.7,0.1693
Sahara_Algeria,2023-06-02,25.0,3.0,0.0,39.8,23.0,23,26.0,0.0,10.09,409.0,0.0,0,6,2023,0,2,0,0,0,0.0,0.0,6.016157159698354,0.0,0.0,16.799999999999997,0.1601
Sahara_Algeria,2023-06-03,25.0,3.0,0.0,38.0,23.8,17,23.8,0.0,9.95,409.0,0.0,0,6,2023,0,2,0,0,0,0.0,0.0,6.016157159698354,0.0,0.0,14.2,0.1463
Sahara_Algeria,2023-06-04,25.0,3.0,0.0,38.5,23.5,25,23.1,0.0,9.87,409.0,0.0,0,6,2023,0,2,0,0,0,0.0,0.0,6.016157159698354,0.0,0.0,15.0,0.1647
Sahara_Algeria,2023-06-05,25.0,3.0,0.0,39.2,24.2,22,16.2,0.0,9.01,409.0,0.0,0,6,2023,0,2,0,0,0,0.0,0.0,6.016157159698354,0.0,0.0,15.000000000000004,0.1578
Arabian_Desert_Saudi,2023-07-01,24.68,46.72,0.0,44.5,28.4,17,14.5,0.0,8.52,603.0,0.72,0,7,2023,0,2,0,0,0,0.0,0.5423242908253617,6.403574197934815,0.0,0.0,16.1,0.1402
Arabian_Desert_Saudi,2023-07-02,24.68,46.72,0.0,44.0,29.9,16,34.0,0.0,10.02,603.0,0.7,0,7,2023,0,2,0,0,0,0.0,0.5306282510621704,6.403574197934815,0.0,0.0,14.100000000000001,0.1379
Arabian_Desert_Saudi,2023-07-03,24.68,46.72,0.0,43.0,29.1,20,20.2,0.0,9.59,603.0,0.7,0,7,2023,0,2,0,0,0,0.0,0.5306282510621704,6.403574197934815,0.0,0.0,13.899999999999999,0.147
Arabian_Desert_Saudi,2023-07-04,24.68,46.72,0.0,42.7,28.9,20,24.4,0.0,9.74,603.0,0.7,0,7,2023,0,2,0,0,0,0.0,0.5306282510621704,6.403574197934815,0.0,0.0,13.800000000000004,0.147
Arabian_Desert_Saudi,2023-07-05,24.68,46.72,0.0,42.3,28.5,18,28.5,0.0,11.82,603.0,0.7,0,7,2023,0,2,0,0,0,0.0,0.5306282510621704,6.403574197934815,0.0,0.0,13.799999999999997,0.1425
Atacama_Chile,2023-09-01,-24.5,-69.25,0.0,18.5,4.1,22,20.5,0.0,5.27,2652.0,0.0,0,9,2023,0,2,0,0,0,0.0,0.0,7.88344635413774,0.0,0.0,14.4,0.0869
Atacama_Chile,2023-09-02,-24.5,-69.25,0.0,17.1,5.7,25,26.1,0.0,5.38,2652.0,0.0,0,9,2023,0,2,0,0,0,0.0,0.0,7.88344635413774,0.0,0.0,11.400000000000002,0.0938
Atacama_Chile,2023-09-03,-24.5,-69.25,0.0,13.2,3.3,35,27.8,0.0,4.58,2652.0,0.0,0,9,2023,0,2,0,0,0,0.0,0.0,7.88344635413774,0.0,0.0,9.899999999999999,0.1168
Atacama_Chile,2023-09-04,-24.5,-69.25,0.0,17.5,-0.4,38,22.3,0.0,5.05,2652.0,0.0,0,9,2023,0,2,0,0,0,0.0,0.0,7.88344635413774,0.0,0.0,17.9,0.1237
Atacama_Chile,2023-09-05,-24.5,-69.25,0.0,20.8,4.7,15,19.6,0.0,5.87,2652.0,0.0,0,9,2023,0,2,0,0,0,0.0,0.0,7.88344635413774,0.0,0.0,16.1,0.0708
Gobi_Mongolia,2023-05-01,43.0,103.0,0.0,25.2,11.1,26,41.4,0.0,7.04,1247.0,0.0,0,5,2023,0,1,0,0,0,0.0,0.0,7.129297548929373,0.0,0.0,14.1,0.1405
Gobi_Mongolia,2023-05-02,43.0,103.0,0.0,24.6,9.7,32,25.1,0.0,6.09,1247.0,0.0,0,5,2023,0,1,0,0,0,0.0,0.0,7.129297548929373,0.0,0.0,14.900000000000002,0.1543
Gobi_Mongolia,2023-05-03,43.0,103.0,1.4,23.2,11.8,38,27.5,2.0,6.08,1247.0,0.0,0,5,2023,1,1,0,0,0,0.8754687373538999,0.0,7.129297548929373,0.5319999999999999,0.7,11.399999999999999,0.1865
Gobi_Mongolia,2023-05-04,43.0,103.0,0.0,21.0,10.1,36,36.1,0.0,6.67,1247.0,0.0,0,5,2023,0,1,0,0,0,0.0,0.0,7.129297548929373,0.0,0.0,10.9,0.1635
Gobi_Mongolia,2023-05-05,43.0,103.0,0.0,20.1,6.8,63,28.5,0.0,5.54,1247.0,0.0,0,5,2023,0,1,2,0,0,0.0,0.0,7.129297548929373,0.0,0.0,13.3,0.2256
Namib_Namibia,2023-08-01,-23.5,15.0,0.0,29.0,13.4,19,29.9,0.0,7.38,386.0,0.0,0,8,2023,0,2,0,0,0,0.0,0.0,5.958424693029782,0.0,0.0,15.6,0.1516
Namib_Namibia,2023-08-02,-23.5,15.0,0.0,32.3,16.6,13,31.4,0.0,8.49,386.0,0.0,0,8,2023,0,2,0,0,0,0.0,0.0,5.958424693029782,0.0,0.0,15.699999999999996,0.1378
Namib_Namibia,2023-08-03,-23.5,15.0,0.0,30.8,13.1,61,32.6,0.0,6.51,386.0,0.0,0,8,2023,0,2,2,0,0,0.0,0.0,5.958424693029782,0.0,0.0,17.700000000000003,0.2482
Namib_Namibia,2023-08-04,-23.5,15.0,0.0,24.8,9.1,100,14.1,0.0,3.7,386.0,0.0,0,8,2023,0,2,3,0,0,0.0,0.0,5.958424693029782,0.0,0.0,15.700000000000001,0.3378
Namib_Namibia,2023-08-05,-23.5,15.0,0.0,32.0,13.0,44,22.9,0.0,5.94,386.0,0.0,0,8,2023,0,2,1,0,0,0.0,0.0,5.958424693029782,0.0,0.0,19.0,0.2091
Colorado_Plateau_USA,2023-06-01,37.0,-111.0,0.1,25.5,13.9,30,13.7,1.0,7.02,1384.0,0.0,0,6,2023,1,2,0,0,0,0.09531017980432487,0.0,7.233455418621439,0.03,0.1,11.6,0.1538
Colorado_Plateau_USA,2023-06-02,37.0,-111.0,0.0,25.9,15.8,46,14.9,0.0,5.71,1384.0,0.0,0,6,2023,0,2,1,0,0,0.0,0.0,7.233455418621439,0.0,0.0,10.099999999999998,0.1821
Colorado_Plateau_USA,2023-06-03,37.0,-111.0,0.0,27.1,14.9,53,15.5,0.0,6.51,1384.0,0.0,0,6,2023,0,2,1,0,0,0.0,0.0,7.233455418621439,0.0,0.0,12.200000000000001,0.1982
Colorado_Plateau_USA,2023-06-04,37.0,-111.0,0.0,29.6,16.5,49,12.6,0.0,6.75,1384.0,0.0,0,6,2023,0,2,1,0,0,0.0,0.0,7.233455418621439,0.0,0.0,13.100000000000001,0.189
Colorado_Plateau_USA,2023-06-05,37.0,-111.0,0.0,31.9,19.0,35,21.1,0.0,7.14,1384.0,0.0,0,6,2023,0,2,0,0,0,0.0,0.0,7.233455418621439,0.0,0.0,12.899999999999999,0.1569
Spain_Meseta_Dry,2023-07-15,40.42,-3.7,0.0,32.0,21.1,64,22.7,0.0,8.68,667.0,1.52,0,7,2023,0,2,2,0,0,0.0,0.9242589015233319,6.504288173536645,0.0,0.0,10.899999999999999,0.2462
Spain_Meseta_Dry,2023-07-16,40.42,-3.7,0.0,33.8,18.3,59,14.2,0.0,7.73,667.0,1.52,0,7,2023,0,2,1,0,0,0.0,0.9242589015233319,6.504288173536645,0.0,0.0,15.499999999999996,0.2347
Spain_Meseta_Dry,2023-07-17,40.42,-3.7,0.1,38.2,19.1,51,13.8,1.0,7.41,667.0,1.52,0,7,2023,1,2,1,0,0,0.09531017980432487,0.9242589015233319,6.504288173536645,0.051000000000000004,0.1,19.1,0.2248
Spain_Meseta_Dry,2023-07-18,40.42,-3.7,0.0,38.8,25.0,49,23.2,0.0,9.4,667.0,1.52,0,7,2023,0,2,1,0,0,0.0,0.9242589015233319,6.504288173536645,0.0,0.0,13.799999999999997,0.2117
Spain_Meseta_Dry,2023-07-19,40.42,-3.7,0.0,37.7,25.4,35,29.7,0.0,10.45,667.0,1.52,0,7,2023,0,2,0,0,0,0.0,0.9242589015233319,6.504288173536645,0.0,0.0,12.300000000000004,0.1795
Iran_Central_Dry,2023-06-01,32.0,53.68,0.1,30.5,19.1,42,12.1,1.0,6.41,1914.0,0.0,0,6,2023,1,2,1,0,0,0.09531017980432487,0.0,7.557472901614746,0.042,0.1,11.399999999999999,0.1647
Iran_Central_Dry,2023-06-02,32.0,53.68,0.0,30.7,17.8,31,19.1,0.0,7.8,1914.0,0.0,0,6,2023,0,2,0,0,0,0.0,0.0,7.557472901614746,0.0,0.0,12.899999999999999,0.1309
Iran_Central_Dry,2023-06-03,32.0,53.68,0.0,30.4,19.9,29,20.2,0.0,7.31,1914.0,0.0,0,6,2023,0,2,0,0,0,0.0,0.0,7.557472901614746,0.0,0.0,10.5,0.1263
Iran_Central_Dry,2023-06-04,32.0,53.68,0.0,30.9,18.5,32,20.2,0.0,7.49,1914.0,0.0,0,6,2023,0,2,0,0,0,0.0,0.0,7.557472901614746,0.0,0.0,12.399999999999999,0.1332
Iran_Central_Dry,2023-06-05,32.0,53.68,0.0,32.6,19.0,31,21.1,0.0,6.85,1914.0,0.0,0,6,2023,0,2,0,0,0,0.0,0.0,7.557472901614746,0.0,0.0,13.600000000000001,0.1309
Ethiopia_Highland_Dry,2023-01-01,9.03,38.74,0.9,18.8,6.1,96,20.0,5.0,3.4,2444.0,0.23,0,1,2023,1,0,3,0,0,0.6418538861723948,0.20701416938432615,7.801800401908973,0.8640000000000001,0.18,12.700000000000001,0.3064
Ethiopia_Highland_Dry,2023-01-02,9.03,38.74,1.0,18.8,7.2,99,21.5,7.0,2.99,2444.0,0.2,0,1,2023,1,0,3,0,0,0.6931471805599453,0.18232155679395465,7.801800401908973,0.99,0.14285714285714285,11.600000000000001,0.3301
Ethiopia_Highland_Dry,2023-01-03,9.03,38.74,0.0,18.7,7.4,99,21.6,0.0,4.08,2444.0,0.19,0,1,2023,0,0,3,0,0,0.0,0.17395330712343804,7.801800401908973,0.0,0.0,11.299999999999999,0.2705
Ethiopia_Highland_Dry,2023-01-04,9.03,38.74,0.0,19.5,5.2,67,21.7,0.0,4.78,2444.0,0.17,0,1,2023,0,0,2,0,0,0.0,0.15700374880966478,7.801800401908973,0.0,0.0,14.3,0.1969
Ethiopia_Highland_Dry,2023-01-05,9.03,38.74,0.0,20.9,5.7,67,18.4,0.0,4.87,2444.0,0.17,0,1,2023,0,0,2,0,0,0.0,0.15700374880966478,7.801800401908973,0.0,0.0,15.2,0.1969
Australia_Outback,2023-07-01,-25.0,134.0,1.2,11.2,6.8,87,19.5,4.0,1.41,399.0,0.0,0,7,2023,1,2,3,0,0,0.7884573603642702,0.0,5.991464547107982,1.0439999999999998,0.3,4.3999999999999995,0.3424
Australia_Outback,2023-07-02,-25.0,134.0,0.1,12.1,7.2,92,19.0,1.0,1.23,399.0,0.0,0,7,2023,1,2,3,0,0,0.09531017980432487,0.0,5.991464547107982,0.09200000000000001,0.1,4.8999999999999995,0.3275
Australia_Outback,2023-07-03,-25.0,134.0,0.4,12.8,8.0,97,13.8,4.0,1.32,399.0,0.0,0,7,2023,1,2,3,0,0,0.33647223662121295,0.0,5.991464547107982,0.38800000000000007,0.1,4.800000000000001,0.3643
Australia_Outback,2023-07-04,-25.0,134.0,0.0,17.0,5.1,93,16.6,0.0,2.33,399.0,0.0,0,7,2023,0,2,3,0,0,0.0,0.0,5.991464547107982,0.0,0.0,11.9,0.3213
Australia_Outback,2023-07-05,-25.0,134.0,0.0,17.9,5.6,95,21.8,0.0,2.59,399.0,0.0,0,7,2023,0,2,3,0,0,0.0,0.0,5.991464547107982,0.0,0.0,12.299999999999999,0.3259
Kerala_Dry_Jan,2023-01-15,9.5,76.5,0.0,31.9,20.8,95,13.7,0.0,4.46,0.0,0.66,0,1,2023,0,0,3,1,0,0.0,0.5068176023684519,0.0,0.0,0.0,11.099999999999998,0.3385
Kerala_Dry_Jan,2023-01-16,9.5,76.5,0.0,32.5,21.0,96,15.2,0.0,4.45,0.0,0.61,0,1,2023,0,0,3,1,0,0.0,0.4762341789963716,0.0,0.0,0.0,11.5,0.3408
Kerala_Dry_Jan,2023-01-17,9.5,76.5,1.9,31.5,22.2,96,11.4,4.0,4.28,0.0,0.59,0,1,2023,1,0,3,1,0,1.0647107369924282,0.4637340162321401,0.0,1.8239999999999998,0.475,9.3,0.3765
Kerala_Dry_Jan,2023-01-18,9.5,76.5,0.0,32.7,21.0,95,13.0,0.0,4.49,0.0,0.58,0,1,2023,0,0,3,1,0,0.0,0.4574248470388754,0.0,0.0,0.0,11.700000000000003,0.3385
Kerala_Dry_Jan,2023-01-19,9.5,76.5,0.0,32.8,18.9,96,14.4,0.0,4.74,0.0,0.58,0,1,2023,0,0,3,1,0,0.0,0.4574248470388754,0.0,0.0,0.0,13.899999999999999,0.3408
Patna_Dry_Feb,2023-02-10,25.59,85.14,0.0,26.6,11.9,93,10.8,0.0,3.37,55.0,1.34,0,2,2023,0,0,3,1,0,0.0,0.8501509293696101,4.02535169073515,0.0,0.0,14.700000000000001,0.3322
Patna_Dry_Feb,2023-02-11,25.59,85.14,0.0,28.4,12.8,92,9.8,0.0,3.45,55.0,1.34,0,2,2023,0,0,3,1,0,0.0,0.8501509293696101,4.02535169073515,0.0,0.0,15.599999999999998,0.3299
Patna_Dry_Feb,2023-02-12,25.59,85.14,0.0,27.5,17.0,89,30.2,0.0,5.63,55.0,1.34,0,2,2023,0,0,3,1,0,0.0,0.8501509293696101,4.02535169073515,0.0,0.0,10.5,0.323
Patna_Dry_Feb,2023-02-13,25.59,85.14,0.0,23.4,14.1,63,25.2,0.0,5.03,55.0,1.34,0,2,2023,0,0,2,1,0,0.0,0.8501509293696101,4.02535169073515,0.0,0.0,9.299999999999999,0.2632
Patna_Dry_Feb,2023-02-14,25.59,85.14,0.0,23.5,9.6,88,11.6,0.0,3.61,55.0,1.34,0,2,2023,0,0,3,1,0,0.0,0.8501509293696101,4.02535169073515,0.0,0.0,13.9,0.3207
Mumbai_Dry_Apr,2023-04-01,19.07,72.88,0.0,30.0,22.2,97,23.3,0.0,5.3,9.0,0.87,0,4,2023,0,1,3,1,0,0.0,0.6259384308664953,2.302585092994046,0.0,0.0,7.800000000000001,0.3428
Mumbai_Dry_Apr,2023-04-02,19.07,72.88,0.0,30.0,22.1,100,23.8,0.0,5.21,9.0,0.94,0,4,2023,0,1,3,1,0,0.0,0.6626879730752367,2.302585092994046,0.0,0.0,7.899999999999999,0.3497
Mumbai_Dry_Apr,2023-04-03,19.07,72.88,0.0,30.1,22.7,97,23.4,0.0,5.13,9.0,0.97,0,4,2023,0,1,3,1,0,0.0,0.6780335427498971,2.302585092994046,0.0,0.0,7.400000000000002,0.3428
Mumbai_Dry_Apr,2023-04-04,19.07,72.88,0.0,30.8,23.0,98,23.7,0.0,5.25,9.0,1.0,0,4,2023,0,1,3,1,0,0.0,0.6931471805599453,2.302585092994046,0.0,0.0,7.800000000000001,0.3451
Mumbai_Dry_Apr,2023-04-05,19.07,72.88,0.0,31.0,21.9,99,22.8,0.0,5.16,9.0,1.0,0,4,2023,0,1,3,1,0,0.0,0.6931471805599453,2.302585092994046,0.0,0.0,9.100000000000001,0.3474
Assam_Dry_Nov,2023-11-01,26.14,91.74,0.0,31.4,18.5,92,7.1,0.0,3.5,55.0,2.64,0,11,2023,0,3,3,1,0,0.0,1.2919836816486494,4.02535169073515,0.0,0.0,12.899999999999999,0.3299
Assam_Dry_Nov,2023-11-02,26.14,91.74,0.0,30.6,18.2,90,6.9,0.0,3.46,55.0,2.44,0,11,2023,0,3,3,1,0,0.0,1.235471471385307,4.02535169073515,0.0,0.0,12.400000000000002,0.3253
Assam_Dry_Nov,2023-11-03,26.14,91.74,0.0,29.5,19.2,90,6.5,0.0,3.07,55.0,2.24,0,11,2023,0,3,3,1,0,0.0,1.1755733298042381,4.02535169073515,0.0,0.0,10.3,0.3253
Assam_Dry_Nov,2023-11-04,26.14,91.74,11.1,28.0,19.5,96,13.6,5.0,3.05,55.0,2.06,0,11,2023,2,3,3,1,0,2.4932054526026954,1.1184149159642893,4.02535169073515,10.655999999999999,2.2199999999999998,8.5,0.3948
Assam_Dry_Nov,2023-11-05,26.14,91.74,0.1,27.4,19.4,99,11.4,1.0,2.58,55.0,2.85,0,11,2023,1,3,3,1,0,0.09531017980432487,1.3480731482996928,4.02535169073515,0.099,0.1,8.0,0.3544
Pakistan_Dry_Nov,2022-11-01,27.53,68.47,0.0,35.2,21.7,65,10.4,0.0,4.42,54.0,0.02,0,11,2022,0,3,2,1,0,0.0,0.019802627296179712,4.007333185232471,0.0,0.0,13.500000000000004,0.2678
Pakistan_Dry_Nov,2022-11-02,27.53,68.47,0.0,34.7,21.2,69,8.7,0.0,3.82,54.0,0.02,0,11,2022,0,3,2,1,0,0.0,0.019802627296179712,4.007333185232471,0.0,0.0,13.500000000000004,0.277
Pakistan_Dry_Nov,2022-11-03,27.53,68.47,0.0,35.4,20.1,83,11.1,0.0,4.21,54.0,0.02,0,11,2022,0,3,3,1,0,0.0,0.019802627296179712,4.007333185232471,0.0,0.0,15.299999999999997,0.3092
Pakistan_Dry_Nov,2022-11-04,27.53,68.47,0.0,35.1,18.9,71,13.7,0.0,4.44,54.0,0.02,0,11,2022,0,3,2,1,0,0.0,0.019802627296179712,4.007333185232471,0.0,0.0,16.200000000000003,0.2816
Pakistan_Dry_Nov,2022-11-05,27.53,68.47,0.0,34.7,19.1,70,12.3,0.0,4.5,54.0,0.02,0,11,2022,0,3,2,1,0,0.0,0.019802627296179712,4.007333185232471,0.0,0.0,15.600000000000001,0.2793
Pakistan_Flood_in_Pakistan_2012-09,2012-09-10,28.044,68.775,116.8,28.7,24.8,99,16.2,23.0,1.42,58.0,0.07,1,9,2012,4,2,3,1,0,4.768988271217486,0.06765864847381481,4.07753744390572,115.63199999999999,5.078260869565217,3.8999999999999986,0.6856
Pakistan_Flood_in_Pakistan_2012-09,2012-09-11,28.044,68.775,5.6,32.5,25.0,99,13.3,10.0,3.4,58.0,0.12,1,9,2012,2,2,3,1,0,1.8870696490323797,0.11332868530700317,4.07753744390572,5.544,0.5599999999999999,7.5,0.4363
Pakistan_Flood_in_Pakistan_2012-09,2012-09-12,28.044,68.775,0.0,33.8,26.7,96,8.7,0.0,4.07,58.0,0.11,1,9,2012,0,2,3,1,0,0.0,0.10436001532424277,4.07753744390572,0.0,0.0,7.099999999999998,0.339
Pakistan_Flood_in_Pakistan_2012-09,2012-09-13,28.044,68.775,0.0,33.5,27.7,94,10.4,0.0,3.67,58.0,0.09,1,9,2012,0,2,3,1,0,0.0,0.08617769624105233,4.07753744390572,0.0,0.0,5.800000000000001,0.3344
Pakistan_Flood_in_Pakistan_2012-09,2012-09-14,28.044,68.775,0.0,34.9,27.6,91,10.1,0.0,4.45,58.0,0.07,1,9,2012,0,2,3,1,0,0.0,0.06765864847381481,4.07753744390572,0.0,0.0,7.299999999999997,0.3275
Nigeria_Flood_in_Nigeria_2012-09,2012-09-15,5.504,6.339,5.1,28.5,22.7,98,11.8,6.0,3.09,24.0,73.3,1,9,2012,2,2,3,1,0,1.8082887711792655,4.308110951723713,3.2188758248682006,4.997999999999999,0.85,5.800000000000001,0.4014
Nigeria_Flood_in_Nigeria_2012-09,2012-09-16,5.504,6.339,16.3,25.8,22.9,98,11.6,9.0,1.95,24.0,73.82,1,9,2012,2,2,3,1,0,2.8507065015037334,4.31508522892,3.2188758248682006,15.974,1.8111111111111111,2.900000000000002,0.4406
Nigeria_Flood_in_Nigeria_2012-09,2012-09-17,5.504,6.339,14.1,28.7,21.5,100,8.0,12.0,2.53,24.0,75.56,1,9,2012,2,2,3,1,0,2.714694743820879,4.338074747144699,3.2188758248682006,14.1,1.175,7.199999999999999,0.4674
Nigeria_Flood_in_Nigeria_2012-09,2012-09-18,5.504,6.339,2.2,30.6,21.9,100,10.1,4.0,3.75,24.0,77.16,1,9,2012,1,2,3,1,0,1.1631508098056809,4.358758007734528,3.2188758248682006,2.2,0.55,8.700000000000003,0.3856
Nigeria_Flood_in_Nigeria_2012-09,2012-09-19,5.504,6.339,13.9,27.3,22.5,98,9.6,13.0,2.17,24.0,78.8,1,9,2012,2,2,3,1,0,2.7013612129514133,4.379523504455763,3.2188758248682006,13.622,1.0692307692307692,4.800000000000001,0.4709
Viet Nam_Flood_in_Viet_Nam_2012-10,2012-10-24,19.056,105.504,0.0,29.0,22.4,97,7.7,0.0,3.17,22.0,1.78,1,10,2012,0,3,3,1,0,0.0,1.0224509277025458,3.1354942159291497,0.0,0.0,6.600000000000001,0.3424
Viet Nam_Flood_in_Viet_Nam_2012-10,2012-10-25,19.056,105.504,0.0,29.1,21.1,98,10.5,0.0,3.46,22.0,1.43,1,10,2012,0,3,3,1,0,0.0,0.8878912573524571,3.1354942159291497,0.0,0.0,8.0,0.3447
Viet Nam_Flood_in_Viet_Nam_2012-10,2012-10-26,19.056,105.504,0.7,29.0,22.4,97,9.9,3.0,3.46,22.0,1.21,1,10,2012,1,3,3,1,0,0.5306282510621704,0.7929925155296614,3.1354942159291497,0.6789999999999999,0.2333333333333333,6.600000000000001,0.3683
Viet Nam_Flood_in_Viet_Nam_2012-10,2012-10-27,19.056,105.504,4.8,28.7,22.3,96,23.0,12.0,2.57,22.0,1.62,1,10,2012,1,3,3,1,0,1.7578579175523736,0.9631743177730056,3.1354942159291497,4.608,0.39999999999999997,6.399999999999999,0.4462
Viet Nam_Flood_in_Viet_Nam_2012-10,2012-10-28,19.056,105.504,66.1,23.8,22.7,90,36.0,24.0,1.5,22.0,22.77,1,10,2012,3,3,3,1,0,4.206184043977636,3.1684242813721024,3.1354942159291497,59.48999999999999,2.7541666666666664,1.1000000000000014,0.6102
India_Flood_in_India_2012-09,2012-09-19,26.803,93.637,22.0,29.1,24.4,95,17.0,24.0,2.54,73.0,44.19,1,9,2012,2,2,3,1,0,3.1354942159291497,3.810875823423188,4.30406509320417,20.9,0.9166666666666666,4.700000000000003,0.5642
India_Flood_in_India_2012-09,2012-09-20,26.803,93.637,14.1,28.4,24.7,94,17.7,21.0,2.71,73.0,40.5,1,9,2012,2,2,3,1,0,2.714694743820879,3.7256934272366524,4.30406509320417,13.253999999999998,0.6714285714285714,3.6999999999999993,0.5269
India_Flood_in_India_2012-09,2012-09-21,26.803,93.637,19.9,28.6,24.1,97,12.1,21.0,2.27,73.0,38.17,1,9,2012,2,2,3,1,0,3.039749158970765,3.66791114767774,4.30406509320417,19.303,0.9476190476190476,4.5,0.5412
India_Flood_in_India_2012-09,2012-09-22,26.803,93.637,12.0,28.3,24.2,96,14.2,22.0,2.43,73.0,36.33,1,9,2012,2,2,3,1,0,2.5649493574615367,3.6197972929264925,4.30406509320417,11.52,0.5454545454545454,4.100000000000001,0.5372
India_Flood_in_India_2012-09,2012-09-23,26.803,93.637,11.6,26.7,23.8,97,10.1,21.0,1.79,73.0,34.48,1,9,2012,2,2,3,1,0,2.533696813957432,3.5689691574413787,4.30406509320417,11.252,0.5523809523809524,2.8999999999999986,0.5306
Nigeria_Flood_in_Nigeria_2012-08,2012-08-25,9.301,12.108,0.0,28.3,22.3,90,17.9,0.0,3.42,225.0,0.02,1,8,2012,0,2,3,0,0,0.0,0.019802627296179712,5.420534999272286,0.0,0.0,6.0,0.3199
Nigeria_Flood_in_Nigeria_2012-08,2012-08-26,9.301,12.108,0.0,29.7,20.7,93,15.4,0.0,4.18,225.0,0.01,1,8,2012,0,2,3,0,0,0.0,0.009950330853168083,5.420534999272286,0.0,0.0,9.0,0.3268
Nigeria_Flood_in_Nigeria_2012-08,2012-08-27,9.301,12.108,0.0,30.5,21.5,94,14.3,0.0,4.81,225.0,0.0,1,8,2012,0,2,3,0,0,0.0,0.0,5.420534999272286,0.0,0.0,9.0,0.3291
Nigeria_Flood_in_Nigeria_2012-08,2012-08-28,9.301,12.108,8.5,28.1,22.1,97,14.1,12.0,3.26,225.0,0.0,1,8,2012,2,2,3,0,0,2.2512917986064953,0.0,5.420534999272286,8.245,0.7083333333333334,6.0,0.4468
Nigeria_Flood_in_Nigeria_2012-08,2012-08-29,9.301,12.108,0.8,29.1,22.8,92,17.7,5.0,3.87,225.0,0.0,1,8,2012,1,2,3,0,0,0.5877866649021191,0.0,5.420534999272286,0.7360000000000001,0.16,6.300000000000001,0.3672
Niger_Flood_in_Niger_2012-08,2012-08-06,14.608,3.881,16.9,31.9,24.3,94,20.3,10.0,3.88,284.0,0.0,1,8,2012,2,2,3,0,0,2.884800712846709,0.0,5.652489180268651,15.886,1.69,7.599999999999998,0.432
Niger_Flood_in_Niger_2012-08,2012-08-07,14.608,3.881,18.6,29.0,23.2,97,18.7,12.0,3.39,284.0,0.0,1,8,2012,2,2,3,0,0,2.975529566236472,0.0,5.652489180268651,18.042,1.55,5.800000000000001,0.4577
Niger_Flood_in_Niger_2012-08,2012-08-08,14.608,3.881,0.0,29.9,21.7,90,17.9,0.0,3.93,284.0,0.0,1,8,2012,0,2,3,0,0,0.0,0.0,5.652489180268651,0.0,0.0,8.2,0.318
Niger_Flood_in_Niger_2012-08,2012-08-09,14.608,3.881,0.0,33.0,23.8,86,15.3,0.0,5.95,284.0,0.0,1,8,2012,0,2,3,0,0,0.0,0.0,5.652489180268651,0.0,0.0,9.2,0.3088
Niger_Flood_in_Niger_2012-08,2012-08-10,14.608,3.881,0.0,34.7,24.2,86,21.0,0.0,6.61,284.0,0.0,1,8,2012,0,2,3,0,0,0.0,0.0,5.652489180268651,0.0,0.0,10.500000000000004,0.3088
South Sudan_Flood_in_South_Sudan_2012-08,2012-08-01,9.691,30.218,2.9,29.4,22.8,97,10.7,5.0,3.78,393.0,0.25,1,8,2012,1,2,3,0,0,1.3609765531356006,0.22314355131420976,5.976350909297934,2.813,0.58,6.599999999999998,0.376
South Sudan_Flood_in_South_Sudan_2012-08,2012-08-02,9.691,30.218,7.5,28.5,22.6,97,13.1,9.0,2.94,393.0,0.23,1,8,2012,2,2,3,0,0,2.1400661634962708,0.20701416938432615,5.976350909297934,7.275,0.8333333333333334,5.899999999999999,0.4152
South Sudan_Flood_in_South_Sudan_2012-08,2012-08-03,9.691,30.218,6.0,29.5,22.8,97,9.7,8.0,3.54,393.0,0.22,1,8,2012,2,2,3,0,0,1.9459101490553132,0.1988508587451652,5.976350909297934,5.82,0.75,6.699999999999999,0.405
South Sudan_Flood_in_South_Sudan_2012-08,2012-08-04,9.691,30.218,4.4,29.6,22.0,98,6.8,10.0,3.86,393.0,0.2,1,8,2012,1,2,3,0,0,1.6863989535702288,0.18232155679395465,5.976350909297934,4.312,0.44000000000000006,7.600000000000001,0.4219
South Sudan_Flood_in_South_Sudan_2012-08,2012-08-05,9.691,30.218,2.7,29.6,22.1,98,5.8,9.0,4.03,393.0,0.19,1,8,2012,1,2,3,0,0,1.308332819650179,0.17395330712343804,5.976350909297934,2.6460000000000004,0.30000000000000004,7.5,0.4114
Myanmar_Flood_in_Myanmar_2012-07,2012-07-15,16.591,97.853,11.0,27.5,23.3,99,16.0,19.0,2.11,3.0,4.05,1,7,2012,2,2,3,1,0,2.4849066497880004,1.6193882432872684,1.3862943611198906,10.89,0.5789473684210527,4.199999999999999,0.5199
Myanmar_Flood_in_Myanmar_2012-07,2012-07-16,16.591,97.853,17.7,27.8,23.6,99,13.6,20.0,2.77,3.0,4.04,1,7,2012,2,2,3,1,0,2.928523523860541,1.6174060820832772,1.3862943611198906,17.523,0.885,4.199999999999999,0.5367
Myanmar_Flood_in_Myanmar_2012-07,2012-07-17,16.591,97.853,11.7,28.8,23.6,99,11.7,19.0,2.48,3.0,4.11,1,7,2012,2,2,3,1,0,2.5416019934645457,1.631199404215613,1.3862943611198906,11.583,0.6157894736842104,5.199999999999999,0.5208
Myanmar_Flood_in_Myanmar_2012-07,2012-07-18,16.591,97.853,61.6,26.1,23.2,100,17.6,24.0,0.97,3.0,4.43,1,7,2012,3,2,3,1,0,4.136765278106052,1.691939133945844,1.3862943611198906,61.6,2.566666666666667,2.900000000000002,0.628
Myanmar_Flood_in_Myanmar_2012-07,2012-07-19,16.591,97.853,58.5,25.4,23.1,100,14.3,24.0,1.04,3.0,4.78,1,7,2012,3,2,3,1,0,4.085976312551584,1.7544036826842861,1.3862943611198906,58.5,2.4375,2.299999999999997,0.6241
North Korea_Flood_in_North_Korea_2012-07,2012-07-20,38.779,126.027,0.4,27.9,20.5,98,11.2,3.0,3.21,176.0,16.58,1,7,2012,1,2,3,0,0,0.33647223662121295,2.866761892257031,5.176149732573829,0.392,0.13333333333333333,7.399999999999999,0.3654
North Korea_Flood_in_North_Korea_2012-07,2012-07-21,38.779,126.027,0.6,28.6,20.3,99,8.7,3.0,3.85,176.0,9.69,1,7,2012,1,2,3,0,0,0.4700036292457356,2.3693087250369538,5.176149732573829,0.594,0.19999999999999998,8.3,0.3679
North Korea_Flood_in_North_Korea_2012-07,2012-07-22,38.779,126.027,5.4,25.5,21.4,95,17.7,7.0,1.5,176.0,8.23,1,7,2012,2,2,3,0,0,1.8562979903656263,2.222459048514761,5.176149732573829,5.13,0.7714285714285715,4.100000000000001,0.3982
North Korea_Flood_in_North_Korea_2012-07,2012-07-23,38.779,126.027,30.2,23.9,22.7,99,18.4,21.0,0.42,176.0,14.03,1,7,2012,3,2,3,0,0,3.4404180948154366,2.710048203764883,5.176149732573829,29.897999999999996,1.438095238095238,1.1999999999999993,0.5555
North Korea_Flood_in_North_Korea_2012-07,2012-07-24,38.779,126.027,8.1,29.3,22.8,100,17.4,16.0,3.13,176.0,9.5,1,7,2012,2,2,3,0,0,2.2082744135228043,2.3513752571634776,5.176149732573829,8.1,0.50625,6.5,0.4881
China_Flood_in_China_2012-08,2012-08-03,40.519,122.594,165.2,24.1,22.7,96,15.6,20.0,0.49,88.0,247.31,1,8,2012,5,2,3,1,0,5.113191882421348,5.514677965565414,4.48863636973214,158.59199999999998,8.26,1.4000000000000021,0.715
China_Flood_in_China_2012-08,2012-08-04,40.519,122.594,40.7,29.1,23.1,97,18.0,19.0,2.09,88.0,116.22,1,8,2012,3,2,3,1,0,3.730501128804756,4.764052511048283,4.48863636973214,39.479,2.142105263157895,6.0,0.5507
China_Flood_in_China_2012-08,2012-08-05,40.519,122.594,9.2,27.4,23.0,99,12.0,14.0,1.45,88.0,59.12,1,8,2012,2,2,3,1,0,2.322387720290225,4.0963425648847736,4.48863636973214,9.107999999999999,0.6571428571428571,4.399999999999999,0.4735
China_Flood_in_China_2012-08,2012-08-06,40.519,122.594,0.0,30.8,20.3,96,12.6,0.0,4.91,88.0,38.81,1,8,2012,0,2,3,1,0,0.0,3.684118137012226,4.48863636973214,0.0,0.0,10.5,0.3382
China_Flood_in_China_2012-07,2012-07-09,31.415,113.04,0.0,31.4,26.4,75,26.0,0.0,5.95,423.0,0.85,1,7,2012,0,2,2,0,0,0.0,0.6151856390902334,6.049733455231958,0.0,0.0,5.0,0.2792
China_Flood_in_China_2012-07,2012-07-10,31.415,113.04,9.0,31.5,25.9,96,12.9,5.0,4.3,423.0,0.63,1,7,2012,2,2,3,0,0,2.302585092994046,0.48858001481867097,6.049733455231958,8.64,1.8,5.600000000000001,0.3805
China_Flood_in_China_2012-07,2012-07-11,31.415,113.04,1.0,32.9,24.8,96,14.1,1.0,4.54,423.0,0.69,1,7,2012,1,2,3,0,0,0.6931471805599453,0.5247285289349821,6.049733455231958,0.96,1.0,8.099999999999998,0.337
China_Flood_in_China_2012-07,2012-07-12,31.415,113.04,26.0,29.7,25.3,96,12.5,14.0,2.27,423.0,1.06,1,7,2012,3,2,3,0,0,3.295836866004329,0.7227059828014898,6.049733455231958,24.96,1.8571428571428572,4.399999999999999,0.4771
China_Flood_in_China_2012-07,2012-07-13,31.415,113.04,37.4,27.7,23.7,98,9.3,24.0,1.8,423.0,1.9,1,7,2012,3,2,3,0,0,3.648057459593681,1.0647107369924282,6.049733455231958,36.652,1.5583333333333333,4.0,0.5795
Russia_Flood_in_Russia_2012-07,2012-07-06,44.864,38.543,17.1,23.0,18.7,94,26.4,24.0,2.34,58.0,1.28,1,7,2012,2,2,3,1,0,2.89591193827178,0.8241754429663494,4.07753744390572,16.074,0.7125,4.300000000000001,0.5561
Russia_Flood_in_Russia_2012-07,2012-07-07,44.864,38.543,1.6,26.2,19.2,90,14.1,2.0,3.82,58.0,1.28,1,7,2012,1,2,3,1,0,0.9555114450274363,0.8241754429663494,4.07753744390572,1.44,0.8,7.0,0.3439
Russia_Flood_in_Russia_2012-07,2012-07-08,44.864,38.543,0.0,28.1,18.8,94,21.4,0.0,4.85,58.0,0.94,1,7,2012,0,2,3,1,0,0.0,0.6626879730752367,4.07753744390572,0.0,0.0,9.3,0.3344
Russia_Flood_in_Russia_2012-07,2012-07-09,44.864,38.543,0.0,29.1,20.2,80,21.5,0.0,6.29,58.0,0.53,1,7,2012,0,2,2,1,0,0.0,0.4252677354043441,4.07753744390572,0.0,0.0,8.900000000000002,0.3022
Russia_Flood_in_Russia_2012-07,2012-07-10,44.864,38.543,0.0,27.5,17.3,81,14.9,0.0,5.37,58.0,0.25,1,7,2012,0,2,3,1,0,0.0,0.22314355131420976,4.07753744390572,0.0,0.0,10.2,0.3045
India_Flood_in_India_2012-06,2012-06-06,26.565,92.435,5.1,28.0,23.2,96,8.7,16.0,2.73,56.0,28772.99,1,6,2012,2,2,3,1,1,1.8082887711792655,10.267227133060947,4.04305126783455,4.896,0.31875,4.800000000000001,0.5746
India_Flood_in_India_2012-06,2012-06-07,26.565,92.435,6.0,28.8,23.6,97,9.4,15.0,2.74,56.0,24773.22,1,6,2012,2,2,3,1,1,1.9459101490553132,10.117558875352426,4.04305126783455,5.82,0.4,5.199999999999999,0.5564
India_Flood_in_India_2012-06,2012-06-08,26.565,92.435,1.8,30.7,24.3,97,5.2,7.0,3.55,56.0,21576.45,1,6,2012,1,2,3,1,1,1.0296194171811581,9.979404066862534,4.04305126783455,1.746,0.2571428571428572,6.399999999999999,0.4737
India_Flood_in_India_2012-06,2012-06-09,26.565,92.435,6.6,30.0,26.0,92,9.0,9.0,3.11,56.0,19497.44,1,6,2012,2,2,3,1,1,2.028148247292285,9.878089741351667,4.04305126783455,6.071999999999999,0.7333333333333333,4.0,0.4781
India_Flood_in_India_2012-06,2012-06-10,26.565,92.435,5.3,30.9,25.3,95,12.8,15.0,3.51,56.0,19141.56,1,6,2012,2,2,3,1,1,1.840549633397487,9.859669407369202,4.04305126783455,5.035,0.35333333333333333,5.599999999999998,0.5321
Bangladesh_Flood_in_Bangladesh_2012-06,2012-06-24,22.172,92.098,51.3,26.3,25.1,98,30.5,24.0,1.19,11.0,64.46,1,6,2012,3,2,3,1,0,3.9569963710708773,4.181439269073034,2.4849066497880004,50.273999999999994,2.1374999999999997,1.1999999999999993,0.6103
Bangladesh_Flood_in_Bangladesh_2012-06,2012-06-25,22.172,92.098,81.8,25.9,24.9,98,29.4,24.0,0.78,11.0,83.14,1,6,2012,4,2,3,1,0,4.416428061391214,4.432482078162375,2.4849066497880004,80.164,3.408333333333333,1.0,0.6491
Bangladesh_Flood_in_Bangladesh_2012-06,2012-06-26,22.172,92.098,33.0,27.0,23.9,99,23.6,24.0,1.68,11.0,114.88,1,6,2012,3,2,3,1,0,3.5263605246161616,4.7525551729011495,2.4849066497880004,32.67,1.375,3.1000000000000014,0.5896
Bangladesh_Flood_in_Bangladesh_2012-06,2012-06-27,22.172,92.098,19.5,26.3,23.9,99,19.7,18.0,1.37,11.0,142.88,1,6,2012,2,2,3,1,0,3.0204248861443626,4.968979618827423,2.4849066497880004,19.305,1.0833333333333333,2.400000000000002,0.5226
Bangladesh_Flood_in_Bangladesh_2012-06,2012-06-28,22.172,92.098,6.3,30.7,24.1,94,12.5,5.0,3.62,11.0,153.53,1,6,2012,2,2,3,1,0,1.9878743481543455,5.040388252245603,2.4849066497880004,5.922,1.26,6.599999999999998,0.386
China_Flood_in_China_2012-06,2012-06-22,33.455,106.943,0.0,27.3,16.8,92,7.4,0.0,5.23,1425.0,24.88,1,6,2012,0,2,3,0,0,0.0,3.2534704696327,7.262628600974241,0.0,0.0,10.5,0.2867
China_Flood_in_China_2012-06,2012-06-23,33.455,106.943,0.2,27.2,17.4,94,9.1,1.0,5.31,1425.0,24.06,1,6,2012,1,2,3,0,0,0.18232155679395465,3.221272949467922,7.262628600974241,0.188,0.2,9.8,0.2999
China_Flood_in_China_2012-06,2012-06-24,33.455,106.943,1.9,26.0,17.4,92,6.8,4.0,3.97,1425.0,23.49,1,6,2012,1,2,3,0,0,1.0647107369924282,3.1982648709640764,7.262628600974241,1.7479999999999998,0.475,8.600000000000001,0.3224
China_Flood_in_China_2012-06,2012-06-25,33.455,106.943,2.5,23.1,18.7,95,6.6,9.0,2.35,1425.0,26.42,1,6,2012,1,2,3,0,0,1.252762968495368,3.3112726741341683,7.262628600974241,2.375,0.2777777777777778,4.400000000000002,0.3718
China_Flood_in_China_2012-06,2012-06-26,33.455,106.943,2.7,22.5,16.7,96,9.5,8.0,2.23,1425.0,32.88,1,6,2012,1,2,3,0,0,1.308332819650179,3.522824869783854,7.262628600974241,2.5920000000000005,0.3375,5.800000000000001,0.366
China_Flood_in_China_2012-05,2012-05-08,32.451,106.493,0.7,25.2,12.4,96,8.0,3.0,4.59,1381.0,0.28,1,5,2012,1,1,3,0,0,0.5306282510621704,0.2468600779315258,7.231287004327616,0.6719999999999999,0.2333333333333333,12.799999999999999,0.3231
China_Flood_in_China_2012-05,2012-05-09,32.451,106.493,3.2,23.8,13.8,96,6.4,10.0,3.92,1381.0,0.25,1,5,2012,1,1,3,0,0,1.4350845252893227,0.22314355131420976,7.231287004327616,3.0720000000000005,0.32,10.0,0.3846
China_Flood_in_China_2012-05,2012-05-10,32.451,106.493,3.0,22.1,15.1,98,10.9,9.0,3.5,1381.0,0.22,1,5,2012,1,1,3,0,0,1.3862943611198906,0.1988508587451652,7.231287004327616,2.94,0.3333333333333333,7.000000000000002,0.3806
China_Flood_in_China_2012-05,2012-05-11,32.451,106.493,18.0,22.3,15.0,99,7.9,17.0,2.43,1381.0,0.28,1,5,2012,2,1,3,0,0,2.9444389791664403,0.2468600779315258,7.231287004327616,17.82,1.0588235294117647,7.300000000000001,0.4686
China_Flood_in_China_2012-05,2012-05-12,32.451,106.493,0.1,19.1,11.9,88,20.9,1.0,4.06,1381.0,0.37,1,5,2012,1,1,3,0,0,0.09531017980432487,0.31481073984003355,7.231287004327616,0.08800000000000001,0.1,7.200000000000001,0.2873
Brazil_Flood_in_Brazil_2012-02,2012-02-20,-10.49,-67.987,10.9,29.1,21.4,99,8.1,7.0,4.08,188.0,2.91,1,2,2012,2,0,3,0,0,2.4765384001174837,1.3635373739972745,5.241747015059643,10.791000000000002,1.5571428571428572,7.700000000000003,0.4139
Brazil_Flood_in_Brazil_2012-02,2012-02-21,-10.49,-67.987,14.7,29.4,21.6,100,9.0,14.0,3.06,188.0,2.81,1,2,2012,2,0,3,0,0,2.7536607123542622,1.3376291891386096,5.241747015059643,14.7,1.05,7.799999999999997,0.4794
Brazil_Flood_in_Brazil_2012-02,2012-02-22,-10.49,-67.987,4.0,28.3,21.9,100,13.6,10.0,2.98,188.0,2.85,1,2,2012,1,0,3,0,0,1.6094379124341003,1.3480731482996928,5.241747015059643,4.0,0.4,6.400000000000002,0.4325
Brazil_Flood_in_Brazil_2012-02,2012-02-23,-10.49,-67.987,4.9,27.5,22.7,96,8.6,11.0,2.82,188.0,2.72,1,2,2012,1,0,3,0,0,1.7749523509116738,1.3137236682850553,5.241747015059643,4.704000000000001,0.4454545454545455,4.800000000000001,0.4328
Brazil_Flood_in_Brazil_2012-02,2012-02-24,-10.49,-67.987,12.7,29.1,21.9,100,10.0,13.0,3.32,188.0,2.66,1,2,2012,2,0,3,0,0,2.617395832834079,1.297463147413275,5.241747015059643,12.7,0.9769230769230769,7.200000000000003,0.4685
Mozambique_Flood_in_Mozambique_2012-01,2012-01-17,-21.452,34.072,3.3,34.5,25.4,90,16.9,5.0,5.32,127.0,0.0,1,1,2012,1,0,3,0,0,1.4586150226995167,0.0,4.852030263919617,2.97,0.6599999999999999,9.100000000000001,0.3689
Mozambique_Flood_in_Mozambique_2012-01,2012-01-18,-21.452,34.072,14.2,31.5,23.3,94,16.8,12.0,4.09,127.0,0.0,1,1,2012,2,0,3,0,0,2.7212954278522306,0.0,4.852030263919617,13.347999999999999,1.1833333333333333,8.2,0.4502
Mozambique_Flood_in_Mozambique_2012-01,2012-01-19,-21.452,34.072,3.6,30.2,24.0,90,16.8,5.0,3.72,127.0,0.0,1,1,2012,1,0,3,0,0,1.5260563034950492,0.0,4.852030263919617,3.24,0.72,6.199999999999999,0.3692
Mozambique_Flood_in_Mozambique_2012-01,2012-01-20,-21.452,34.072,10.0,30.6,23.7,91,20.2,10.0,3.82,127.0,0.0,1,1,2012,2,0,3,0,0,2.3978952727983707,0.0,4.852030263919617,9.1,1.0,6.900000000000002,0.4213
Mozambique_Flood_in_Mozambique_2012-01,2012-01-21,-21.452,34.072,6.1,30.2,23.7,92,19.6,6.0,3.29,127.0,0.0,1,1,2012,2,0,3,0,0,1.9600947840472698,0.0,4.852030263919617,5.611999999999999,1.0166666666666666,6.5,0.3853
Thailand_Flood_in_Thailand_2011-08,2011-08-05,17.038,102.822,0.0,31.2,25.1,90,15.5,0.0,4.45,211.0,0.55,1,8,2011,0,2,3,0,0,0.0,0.4382549309311553,5.356586274672012,0.0,0.0,6.099999999999998,0.3203
Thailand_Flood_in_Thailand_2011-08,2011-08-06,17.038,102.822,5.5,30.1,24.9,90,14.1,11.0,3.72,211.0,0.53,1,8,2011,2,2,3,0,0,1.8718021769015913,0.4252677354043441,5.356586274672012,4.95,0.5,5.200000000000003,0.419
Thailand_Flood_in_Thailand_2011-08,2011-08-07,17.038,102.822,1.7,28.3,25.5,87,12.1,6.0,2.43,211.0,0.5,1,8,2011,1,2,3,0,0,0.9932517730102833,0.4054651081081644,5.356586274672012,1.479,0.2833333333333333,2.8000000000000007,0.3656
Thailand_Flood_in_Thailand_2011-08,2011-08-08,17.038,102.822,3.0,28.9,25.0,91,12.5,5.0,2.79,211.0,0.49,1,8,2011,1,2,3,0,0,1.3862943611198906,0.3987761199573678,5.356586274672012,2.73,0.6,3.8999999999999986,0.3681
Thailand_Flood_in_Thailand_2011-08,2011-08-09,17.038,102.822,5.7,28.8,24.4,93,14.1,10.0,2.46,211.0,0.49,1,8,2011,2,2,3,0,0,1.9021075263969205,0.3987761199573678,5.356586274672012,5.301,0.5700000000000001,4.400000000000002,0.4178
Columbia_Flood_in_Columbia_2011-11,2011-11-09,4.64,-73.94,11.7,13.8,5.3,99,4.7,11.0,1.87,3359.0,4.83,1,11,2011,2,3,3,0,0,2.5416019934645457,1.763017000362401,8.11969625295725,11.583,1.0636363636363635,8.5,0.3481
Columbia_Flood_in_Columbia_2011-11,2011-11-10,4.64,-73.94,13.7,13.8,4.6,99,3.8,11.0,2.68,3359.0,5.0,1,11,2011,2,3,3,0,0,2.6878474937846906,1.791759469228055,8.11969625295725,13.562999999999999,1.2454545454545454,9.200000000000001,0.3507
Columbia_Flood_in_Columbia_2011-11,2011-11-11,4.64,-73.94,13.5,13.2,4.7,100,6.5,13.0,2.68,3359.0,5.22,1,11,2011,2,3,3,0,0,2.6741486494265287,1.827769906751088,8.11969625295725,13.5,1.0384615384615385,8.5,0.3694
Columbia_Flood_in_Columbia_2011-11,2011-11-12,4.64,-73.94,23.2,13.2,5.9,100,3.9,19.0,2.09,3359.0,5.52,1,11,2011,2,3,3,0,0,3.186352633162641,1.8748743759385615,8.11969625295725,23.2,1.2210526315789474,7.299999999999999,0.4317
Columbia_Flood_in_Columbia_2011-11,2011-11-13,4.64,-73.94,12.2,12.8,5.6,100,4.7,17.0,2.11,3359.0,5.89,1,11,2011,2,3,3,0,0,2.580216829592325,1.9300710850255671,8.11969625295725,12.2,0.7176470588235294,7.200000000000001,0.4011
Kenya_Flood_in_Kenya_2011-11,2011-11-29,0.385,36.116,15.0,24.7,17.8,97,8.7,18.0,3.47,1112.0,5.35,1,11,2011,2,3,3,0,0,2.772588722239781,1.8484548129046001,7.014814351275545,14.55,0.8333333333333334,6.899999999999999,0.477
Kenya_Flood_in_Kenya_2011-11,2011-11-30,0.385,36.116,14.1,25.6,17.8,98,9.7,19.0,3.83,1112.0,6.5,1,11,2011,2,3,3,0,0,2.714694743820879,2.0149030205422647,7.014814351275545,13.818,0.7421052631578947,7.800000000000001,0.4865
Kenya_Flood_in_Kenya_2011-11,2011-12-01,0.385,36.116,7.6,23.4,18.4,98,11.1,14.0,2.76,1112.0,5.46,1,12,2011,2,0,3,0,0,2.151762203259462,1.8656293177945105,7.014814351275545,7.4479999999999995,0.5428571428571428,5.0,0.4366
Kenya_Flood_in_Kenya_2011-11,2011-12-02,0.385,36.116,9.3,25.6,18.0,96,11.0,9.0,3.82,1112.0,5.34,1,12,2011,2,0,3,0,0,2.33214389523559,1.8468787684491346,7.014814351275545,8.928,1.0333333333333334,7.600000000000001,0.3925
Kenya_Flood_in_Kenya_2011-11,2011-12-03,0.385,36.116,13.1,26.1,17.1,98,13.5,10.0,4.07,1112.0,4.61,1,12,2011,2,0,3,0,0,2.6461747973841225,1.724550719534605,7.014814351275545,12.838,1.31,9.0,0.4102
Philippines_Flood_in_Philippines_2011-12,2011-12-16,8.526,124.875,70.4,26.1,22.4,99,16.3,14.0,1.23,147.0,14.92,1,12,2011,3,0,3,0,0,4.268297869345539,2.767576180416237,4.997212273764115,69.696,5.028571428571429,3.700000000000003,0.549
Philippines_Flood_in_Philippines_2011-12,2011-12-17,8.526,124.875,8.6,30.6,24.2,95,19.3,7.0,3.53,147.0,21.7,1,12,2011,2,0,3,0,0,2.2617630984737906,3.122364924487357,4.997212273764115,8.17,1.2285714285714284,6.400000000000002,0.4032
Philippines_Flood_in_Philippines_2011-12,2011-12-18,8.526,124.875,4.0,29.9,23.3,96,7.6,9.0,3.41,147.0,15.33,1,12,2011,1,0,3,0,0,1.6094379124341003,2.7930039069823738,4.997212273764115,3.84,0.4444444444444444,6.599999999999998,0.4163
Philippines_Flood_in_Philippines_2011-12,2011-12-19,8.526,124.875,1.0,30.5,22.7,98,6.2,6.0,3.91,147.0,10.61,1,12,2011,1,0,3,0,0,0.6931471805599453,2.4518667957098,4.997212273764115,0.98,0.16666666666666666,7.800000000000001,0.3921
Philippines_Flood_in_Philippines_2011-12,2011-12-20,8.526,124.875,9.8,29.7,22.3,98,5.5,7.0,3.59,147.0,7.36,1,12,2011,2,0,3,0,0,2.379546134130174,2.1234584270966104,4.997212273764115,9.604000000000001,1.4000000000000001,7.399999999999999,0.4115
Cambodia_Flood_in_Cambodia_2011-08,2011-08-10,12.004,105.501,7.1,29.0,25.2,98,15.3,20.0,2.62,12.0,628.51,1,8,2011,2,2,3,1,0,2.0918640616783932,6.444941738981737,2.5649493574615367,6.957999999999999,0.355,3.8000000000000007,0.5228
Cambodia_Flood_in_Cambodia_2011-08,2011-08-11,12.004,105.501,8.4,31.1,24.2,97,12.5,10.0,3.84,12.0,618.44,1,8,2011,2,2,3,1,0,2.2407096892759584,6.428815844078469,2.5649493574615367,8.148000000000001,0.8400000000000001,6.900000000000002,0.4388
Cambodia_Flood_in_Cambodia_2011-08,2011-08-12,12.004,105.501,12.5,31.7,24.4,98,8.9,7.0,4.47,12.0,622.73,1,8,2011,2,2,3,1,0,2.6026896854443837,6.435717582423407,2.5649493574615367,12.25,1.7857142857142858,7.300000000000001,0.4213
Cambodia_Flood_in_Cambodia_2011-08,2011-08-13,12.004,105.501,1.8,31.7,23.9,99,7.0,3.0,4.65,12.0,635.8,1,8,2011,1,2,3,1,0,1.0296194171811581,6.456455634530173,2.5649493574615367,1.7820000000000003,0.6,7.800000000000001,0.3767
Cambodia_Flood_in_Cambodia_2011-08,2011-08-14,12.004,105.501,3.6,31.5,25.0,96,11.2,11.0,3.74,12.0,634.33,1,8,2011,1,2,3,1,0,1.5260563034950492,6.4541445489425575,2.5649493574615367,3.4560000000000004,0.32727272727272727,6.5,0.4388
Pakistan_Flood_in_Pakistan_2011-08,2011-08-12,25.012,69.066,20.1,29.9,25.5,95,19.5,13.0,1.79,10.0,0.87,1,8,2011,2,2,3,1,0,3.0492730404820207,0.6259384308664953,2.3978952727983707,19.095000000000002,1.5461538461538462,4.399999999999999,0.472
Pakistan_Flood_in_Pakistan_2011-08,2011-08-13,25.012,69.066,0.7,31.5,26.4,92,14.9,2.0,2.36,10.0,1.99,1,8,2011,1,2,3,1,0,0.5306282510621704,1.095273387402595,2.3978952727983707,0.6439999999999999,0.35,5.100000000000001,0.3489
Pakistan_Flood_in_Pakistan_2011-08,2011-08-14,25.012,69.066,6.1,32.0,26.5,96,9.8,8.0,2.5,10.0,1.95,1,8,2011,2,2,3,1,0,1.9600947840472698,1.0818051703517284,2.3978952727983707,5.855999999999999,0.7625,5.5,0.4149
Pakistan_Flood_in_Pakistan_2011-08,2011-08-15,25.012,69.066,0.2,32.7,27.3,91,17.7,1.0,3.07,10.0,1.58,1,8,2011,1,2,3,1,0,0.18232155679395465,0.9477893989335261,2.3978952727983707,0.182,0.2,5.400000000000002,0.3376
Pakistan_Flood_in_Pakistan_2011-08,2011-08-16,25.012,69.066,0.0,31.5,26.5,87,22.5,0.0,3.71,10.0,1.14,1,8,2011,0,2,3,1,0,0.0,0.76080582903376,2.3978952727983707,0.0,0.0,5.0,0.3198
Mexico_Flood_in_Mexico_2011-10,2011-10-10,18.28,-100.833,0.5,28.4,21.3,92,4.9,1.0,3.25,373.0,0.05,1,10,2011,1,3,3,0,0,0.4054651081081644,0.048790164169432,5.924255797414532,0.46,0.5,7.099999999999998,0.3288
Mexico_Flood_in_Mexico_2011-10,2011-10-11,18.28,-100.833,38.3,27.4,21.5,94,6.6,19.0,2.29,373.0,0.05,1,10,2011,3,3,3,0,0,3.6712245188752153,0.048790164169432,5.924255797414532,36.001999999999995,2.0157894736842104,5.899999999999999,0.5313
Mexico_Flood_in_Mexico_2011-10,2011-10-12,18.28,-100.833,4.2,27.5,19.7,97,6.5,5.0,3.31,373.0,0.06,1,10,2011,1,3,3,0,0,1.6486586255873816,0.05826890812397577,5.924255797414532,4.074000000000001,0.8400000000000001,7.800000000000001,0.3783
Mexico_Flood_in_Mexico_2011-10,2011-10-13,18.28,-100.833,0.8,28.2,23.1,82,5.2,5.0,2.95,373.0,0.09,1,10,2011,1,3,3,0,0,0.5877866649021191,0.08617769624105233,5.924255797414532,0.6560000000000001,0.16,5.099999999999998,0.3395
Mexico_Flood_in_Mexico_2011-10,2011-10-14,18.28,-100.833,1.7,28.4,21.4,91,5.0,4.0,3.55,373.0,0.08,1,10,2011,1,3,3,0,0,0.9932517730102833,0.07696104113612832,5.924255797414532,1.547,0.425,7.0,0.353
China_Flood_in_China_2011-10,2011-10-01,22.248,109.005,100.4,25.2,23.1,98,22.3,24.0,0.72,48.0,7.26,1,10,2011,4,3,3,1,0,4.619073091157083,2.1114245875328868,3.8918202981106265,98.39200000000001,4.183333333333334,2.099999999999998,0.6712
China_Flood_in_China_2011-10,2011-10-02,22.248,109.005,18.4,25.1,20.9,99,19.4,20.0,1.15,48.0,6.85,1,10,2011,2,3,3,1,0,2.9652730660692823,2.060513531794317,3.8918202981106265,18.215999999999998,0.9199999999999999,4.200000000000003,0.5362
China_Flood_in_China_2011-10,2011-10-03,22.248,109.005,0.0,24.3,19.7,83,29.5,0.0,4.13,48.0,5.05,1,10,2011,0,3,3,1,0,0.0,1.80005827204275,3.8918202981106265,0.0,0.0,4.600000000000001,0.3094
China_Flood_in_China_2011-10,2011-10-04,22.248,109.005,13.7,20.2,16.3,89,27.9,17.0,2.03,48.0,3.98,1,10,2011,2,3,3,1,0,2.6878474937846906,1.6054298910365616,3.8918202981106265,12.193,0.8058823529411764,3.8999999999999986,0.4822
China_Flood_in_China_2011-10,2011-10-05,22.248,109.005,3.6,19.4,17.3,89,22.7,13.0,1.54,48.0,3.03,1,10,2011,1,3,3,1,0,1.5260563034950492,1.3937663759585914,3.8918202981106265,3.204,0.27692307692307694,2.099999999999998,0.4361
Philippines_Flood_in_Philippines_2011-09,2011-09-28,17.343,121.548,2.6,28.4,23.5,92,22.3,11.0,2.3,205.0,37.11,1,9,2011,1,2,3,0,0,1.2809338454620642,3.640476714885769,5.327876168789581,2.3920000000000003,0.23636363636363636,4.899999999999999,0.4202
Philippines_Flood_in_Philippines_2011-09,2011-09-29,17.343,121.548,0.7,30.4,22.8,92,8.6,2.0,3.83,205.0,24.12,1,9,2011,1,2,3,0,0,0.5306282510621704,3.223664341599998,5.327876168789581,0.6439999999999999,0.35,7.599999999999998,0.3428
Philippines_Flood_in_Philippines_2011-09,2011-09-30,17.343,121.548,1.0,29.1,23.8,94,17.5,2.0,3.76,205.0,18.45,1,9,2011,1,2,3,0,0,0.6931471805599453,2.9678470700644555,5.327876168789581,0.94,0.5,5.300000000000001,0.3477
Philippines_Flood_in_Philippines_2011-09,2011-10-01,17.343,121.548,49.1,25.5,23.3,94,48.2,22.0,1.42,205.0,22.93,1,10,2011,3,3,3,0,0,3.914021008090819,3.175132901920282,5.327876168789581,46.154,2.231818181818182,2.1999999999999993,0.5754
Philippines_Flood_in_Philippines_2011-09,2011-10-02,17.343,121.548,12.7,28.6,23.3,94,20.4,10.0,3.26,205.0,21.96,1,10,2011,2,3,3,0,0,2.617395832834079,3.133753571451366,5.327876168789581,11.937999999999999,1.27,5.300000000000001,0.4292
India_Flood_in_India_2011-08,2011-08-15,26.375,86.242,49.3,29.9,24.6,97,15.7,24.0,2.08,55.0,202.7,1,8,2011,3,2,3,1,0,3.9180050771056933,5.31664832323276,4.02535169073515,47.821,2.0541666666666667,5.299999999999997,0.6046
India_Flood_in_India_2011-08,2011-08-16,26.375,86.242,23.1,29.4,24.9,99,5.7,24.0,1.77,55.0,216.77,1,8,2011,2,2,3,1,0,3.1822118404966093,5.383439459964859,4.02535169073515,22.869,0.9625,4.5,0.576
India_Flood_in_India_2011-08,2011-08-17,26.375,86.242,23.6,27.3,24.6,98,10.9,24.0,1.03,55.0,231.81,1,8,2011,2,2,3,1,0,3.202746442938317,5.45022267026119,4.02535169073515,23.128,0.9833333333333334,2.6999999999999993,0.5744
India_Flood_in_India_2011-08,2011-08-18,26.375,86.242,16.8,28.9,24.3,99,17.3,19.0,1.64,55.0,245.6,1,8,2011,2,2,3,1,0,2.8791984572980396,5.507767590730244,4.02535169073515,16.632,0.8842105263157896,4.599999999999998,0.5264
India_Flood_in_India_2011-08,2011-08-19,26.375,86.242,0.2,29.2,24.8,92,17.6,2.0,2.3,55.0,247.89,1,8,2011,1,2,3,1,0,0.18232155679395465,5.517011031788615,4.02535169073515,0.18400000000000002,0.1,4.399999999999999,0.3476
USA_Flood_in_USA_2011-08,2011-08-27,40.186,-74.063,40.4,24.7,23.2,99,39.4,17.0,0.85,27.0,2.06,1,8,2011,3,2,3,1,0,3.7232808808312687,1.1184149159642893,3.332204510175204,39.996,2.376470588235294,1.5,0.5397
USA_Flood_in_USA_2011-08,2011-08-28,40.186,-74.063,56.3,23.5,19.9,98,48.3,12.0,2.13,27.0,6.73,1,8,2011,3,2,3,1,0,4.048300623720694,2.0451088625993306,3.332204510175204,55.174,4.691666666666666,3.6000000000000014,0.516
USA_Flood_in_USA_2011-08,2011-08-29,40.186,-74.063,0.0,24.4,16.9,78,13.8,0.0,4.32,27.0,2.03,1,8,2011,0,2,2,1,0,0.0,1.1085626195212777,3.332204510175204,0.0,0.0,7.5,0.2986
USA_Flood_in_USA_2011-08,2011-08-30,40.186,-74.063,0.0,24.6,17.9,87,10.2,0.0,4.44,27.0,0.82,1,8,2011,0,2,3,1,0,0.0,0.598836501088704,3.332204510175204,0.0,0.0,6.700000000000003,0.3193
USA_Flood_in_USA_2011-08,2011-08-31,40.186,-74.063,0.0,26.1,17.2,90,9.2,0.0,4.16,27.0,0.42,1,8,2011,0,2,3,1,0,0.0,0.3506568716131694,3.332204510175204,0.0,0.0,8.900000000000002,0.3262
India_Flood_in_India_2011-08,2011-08-10,22.305,88.345,39.4,28.0,25.9,97,16.3,24.0,1.31,2.0,19.0,1,8,2011,3,2,3,1,0,3.6988297849671046,2.995732273553991,1.0986122886681098,38.217999999999996,1.6416666666666666,2.1000000000000014,0.5931
India_Flood_in_India_2011-08,2011-08-11,22.305,88.345,19.9,27.4,25.4,97,12.2,23.0,1.41,2.0,16.58,1,8,2011,2,2,3,1,0,3.039749158970765,2.866761892257031,1.0986122886681098,19.303,0.8652173913043477,2.0,0.56
India_Flood_in_India_2011-08,2011-08-12,22.305,88.345,6.9,27.8,25.4,97,14.5,21.0,1.28,2.0,14.89,1,8,2011,2,2,3,1,0,2.066862759472976,2.7656899805486246,1.0986122886681098,6.6930000000000005,0.32857142857142857,2.400000000000002,0.5268
India_Flood_in_India_2011-08,2011-08-13,22.305,88.345,25.8,28.0,24.9,97,21.0,22.0,1.48,2.0,14.45,1,8,2011,3,2,3,1,0,3.288401887516811,2.7376090033437546,1.0986122886681098,25.026,1.1727272727272728,3.1000000000000014,0.5591
India_Flood_in_India_2011-08,2011-08-14,22.305,88.345,6.3,29.5,25.5,94,17.4,16.0,2.96,2.0,13.29,1,8,2011,2,2,3,1,0,1.9878743481543455,2.659559991941776,1.0986122886681098,5.922,0.39375,4.0,0.4775
India_Flood_in_India_2011-07,2011-07-23,28.524,80.926,32.0,30.7,26.1,99,10.9,13.0,3.06,151.0,7.69,1,7,2011,3,2,3,0,0,3.4965075614664802,2.162172939277301,5.0238805208462765,31.68,2.4615384615384617,4.599999999999998,0.4919
India_Flood_in_India_2011-07,2011-07-24,28.524,80.926,3.9,30.8,25.8,94,11.2,14.0,3.36,151.0,7.91,1,7,2011,1,2,3,0,0,1.589235205116581,2.187174241482718,5.0238805208462765,3.6659999999999995,0.2785714285714286,5.0,0.4531
India_Flood_in_India_2011-07,2011-07-25,28.524,80.926,3.1,30.7,25.7,94,8.1,8.0,3.42,151.0,7.77,1,7,2011,1,2,3,0,0,1.410986973710262,2.1713368063840917,5.0238805208462765,2.914,0.3875,5.0,0.4021
India_Flood_in_India_2011-07,2011-07-26,28.524,80.926,8.3,31.6,25.8,98,6.9,10.0,3.38,151.0,7.49,1,7,2011,2,2,3,0,0,2.2300144001592104,2.138889000323256,5.0238805208462765,8.134,0.8300000000000001,5.800000000000001,0.4345
India_Flood_in_India_2011-07,2011-07-27,28.524,80.926,26.8,26.8,25.5,99,6.4,15.0,1.0,151.0,7.73,1,7,2011,3,2,3,0,0,3.3250360206965914,2.166765369851511,5.0238805208462765,26.532000000000004,1.7866666666666666,1.3000000000000007,0.5019
China_Flood_in_China_2011-07,2011-07-11,27.063,108.111,0.0,29.4,20.6,97,10.2,0.0,4.64,638.0,10.09,1,7,2011,0,2,3,0,0,0.0,2.4060438013622756,6.459904454377535,0.0,0.0,8.799999999999997,0.323
China_Flood_in_China_2011-07,2011-07-12,27.063,108.111,0.2,28.6,20.1,93,9.6,2.0,3.85,638.0,9.86,1,7,2011,1,2,3,0,0,0.18232155679395465,2.3850863145057892,6.459904454377535,0.18600000000000003,0.1,8.5,0.3307
China_Flood_in_China_2011-07,2011-07-13,27.063,108.111,0.2,28.2,21.2,96,12.0,1.0,3.46,638.0,9.79,1,7,2011,1,2,3,0,0,0.18232155679395465,2.378619779270043,6.459904454377535,0.19200000000000003,0.2,7.0,0.3293
China_Flood_in_China_2011-07,2011-07-14,27.063,108.111,0.2,26.4,21.7,85,14.3,1.0,2.67,638.0,9.72,1,7,2011,1,2,3,0,0,0.18232155679395465,2.372111155642656,6.459904454377535,0.17,0.2,4.699999999999999,0.304
China_Flood_in_China_2011-07,2011-07-15,27.063,108.111,0.0,28.0,19.7,94,8.7,0.0,3.67,638.0,9.67,1,7,2011,0,2,3,0,0,0.0,2.367436065313662,6.459904454377535,0.0,0.0,8.3,0.3161
Mexico_Flood_in_Mexico_2011-07,2011-07-01,22.116,-98.751,92.3,25.9,24.0,100,24.0,24.0,0.81,38.0,1.55,1,7,2011,4,2,3,1,0,4.535820107853298,0.9360933591703349,3.6635616461296463,92.3,3.845833333333333,1.8999999999999986,0.6658
Mexico_Flood_in_Mexico_2011-07,2011-07-02,22.116,-98.751,34.1,26.4,22.8,100,13.3,24.0,1.47,38.0,2.94,1,7,2011,3,2,3,1,0,3.55820113047182,1.3711807233098425,3.6635616461296463,34.1,1.4208333333333334,3.599999999999998,0.592
Mexico_Flood_in_Mexico_2011-07,2011-07-03,22.116,-98.751,13.5,29.0,22.5,99,14.7,20.0,2.46,38.0,3.88,1,7,2011,2,2,3,1,0,2.6741486494265287,1.5851452198650557,3.6635616461296463,13.365,0.675,6.5,0.5303
Mexico_Flood_in_Mexico_2011-07,2011-07-04,22.116,-98.751,1.9,30.0,21.5,99,8.9,9.0,4.45,38.0,3.88,1,7,2011,1,2,3,1,0,1.0647107369924282,1.5851452198650557,3.6635616461296463,1.881,0.2111111111111111,8.5,0.4239
Mexico_Flood_in_Mexico_2011-07,2011-07-05,22.116,-98.751,0.0,30.7,22.6,99,9.8,0.0,4.84,38.0,3.53,1,7,2011,0,2,3,1,0,0.0,1.5107219394949425,3.6635616461296463,0.0,0.0,8.099999999999998,0.3465
China_Flood_in_China_2011-06,2011-06-01,27.896,114.478,3.6,23.5,19.6,95,7.6,8.0,1.14,142.0,8.46,1,6,2011,1,2,3,0,0,1.5260563034950492,2.247072383063787,4.962844630259907,3.42,0.45,3.8999999999999986,0.4053
China_Flood_in_China_2011-06,2011-06-02,27.896,114.478,8.2,20.7,17.6,95,6.9,9.0,0.66,142.0,13.49,1,6,2011,2,2,3,0,0,2.2192034840549946,2.673458756332591,4.962844630259907,7.789999999999999,0.911111111111111,3.099999999999998,0.4195
China_Flood_in_China_2011-06,2011-06-03,27.896,114.478,22.9,22.3,17.3,98,7.1,23.0,1.77,142.0,28.44,1,6,2011,2,2,3,0,0,3.173878458937465,3.3823542938606757,4.962844630259907,22.441999999999997,0.9956521739130434,5.0,0.5617
China_Flood_in_China_2011-06,2011-06-04,27.896,114.478,16.7,29.4,18.5,100,9.4,19.0,2.47,142.0,55.1,1,6,2011,2,2,3,0,0,2.8735646395797834,4.027135812528651,4.962844630259907,16.7,0.8789473684210526,10.899999999999999,0.5252
China_Flood_in_China_2011-06,2011-06-05,27.896,114.478,31.7,29.5,22.1,100,9.8,22.0,2.22,142.0,111.98,1,6,2011,3,2,3,0,0,3.487375077903208,4.727210811897116,4.962844630259907,31.7,1.440909090909091,7.399999999999999,0.5694
Columbia_Flood_in_Columbia_2011-06,2011-06-02,5.696,-74.159,38.6,23.2,19.6,99,5.0,16.0,1.69,903.0,2.97,1,6,2011,3,2,3,0,0,3.6788291182604347,1.3787660946990992,6.806829360392176,38.214,2.4125,3.599999999999998,0.5015
Columbia_Flood_in_Columbia_2011-06,2011-06-03,5.696,-74.159,2.9,24.6,17.8,99,5.0,8.0,2.89,903.0,3.19,1,6,2011,1,2,3,0,0,1.3609765531356006,1.4327007339340463,6.806829360392176,2.8709999999999996,0.3625,6.800000000000001,0.3895
Columbia_Flood_in_Columbia_2011-06,2011-06-04,5.696,-74.159,2.0,25.0,18.7,98,8.0,5.0,3.33,903.0,3.16,1,6,2011,1,2,3,0,0,1.0986122886681098,1.425515074273172,6.806829360392176,1.96,0.4,6.300000000000001,0.3611
Columbia_Flood_in_Columbia_2011-06,2011-06-05,5.696,-74.159,10.7,25.4,18.1,98,7.4,13.0,3.03,903.0,3.16,1,6,2011,2,2,3,0,0,2.4595888418037104,1.425515074273172,6.806829360392176,10.485999999999999,0.823076923076923,7.299999999999997,0.4388
Columbia_Flood_in_Columbia_2011-06,2011-06-06,5.696,-74.159,16.5,26.5,18.1,99,5.9,7.0,3.87,903.0,3.12,1,6,2011,2,2,3,0,0,2.8622008809294686,1.415853163361435,6.806829360392176,16.335,2.357142857142857,8.399999999999999,0.3984
Thailand_Flood_in_Thailand_2011-03,2011-03-23,8.666,99.277,18.2,29.1,22.9,99,10.5,17.0,2.53,7.0,18.36,1,3,2011,2,1,3,1,0,2.954910279033736,2.963209081848431,2.0794415416798357,18.018,1.0705882352941176,6.200000000000003,0.5123
Thailand_Flood_in_Thailand_2011-03,2011-03-24,8.666,99.277,28.4,27.2,23.2,99,7.7,24.0,1.84,7.0,27.97,1,3,2011,3,1,3,1,0,3.380994674344636,3.366260811781259,2.0794415416798357,28.116,1.1833333333333333,4.0,0.5836
Thailand_Flood_in_Thailand_2011-03,2011-03-25,8.666,99.277,49.1,26.2,23.1,99,8.5,24.0,1.12,7.0,46.1,1,3,2011,3,1,3,1,0,3.914021008090819,3.8522730010223722,2.0794415416798357,48.60900000000001,2.0458333333333334,3.099999999999998,0.6099
Thailand_Flood_in_Thailand_2011-03,2011-03-26,8.666,99.277,93.6,24.8,23.4,99,10.3,24.0,0.75,7.0,70.12,1,3,2011,4,1,3,1,0,4.549657476057832,4.264368591205649,2.0794415416798357,92.664,3.9,1.4000000000000021,0.6664
Thailand_Flood_in_Thailand_2011-03,2011-03-27,8.666,99.277,34.6,25.4,22.8,100,14.5,19.0,1.33,7.0,64.61,1,3,2011,3,1,3,1,0,3.572345637857985,4.1837281233567865,2.0794415416798357,34.6,1.8210526315789475,2.599999999999998,0.5522
Japan_Flood_in_Japan_2011-03,2011-03-11,37.802,140.823,0.7,4.0,-3.8,63,19.1,2.0,2.01,407.0,0.47,1,3,2011,1,1,2,0,0,0.5306282510621704,0.3852624007906449,6.0112671744041615,0.44099999999999995,0.35,7.8,0.2696
Sri Lanka_Flood_in_Sri_Lanka_2011-02,2011-02-01,8.513,80.534,17.3,25.3,22.1,97,19.3,17.0,1.28,87.0,4.53,1,2,2011,2,0,3,1,0,2.9069010598473755,1.7101878155342434,4.477336814478207,16.781000000000002,1.0176470588235293,3.1999999999999993,0.504
Sri Lanka_Flood_in_Sri_Lanka_2011-01,2011-01-05,7.603,81.252,18.3,25.0,21.9,99,8.9,22.0,1.48,114.0,6.14,1,1,2011,2,0,3,0,0,2.9601050959108397,1.965712776351493,4.74493212836325,18.117,0.8318181818181819,3.1000000000000014,0.5507
Brazil_Flood_in_Brazil_2011-01,2011-01-01,-18.739,-43.449,8.2,23.9,19.4,99,13.6,21.0,2.33,654.0,9.84,1,1,2011,2,0,3,0,0,2.2192034840549946,2.3832429960115,6.484635235635252,8.118,0.3904761904761904,4.5,0.5125
Australia_Flood_in_Australia_2010-12,2010-12-25,-24.775,147.631,19.2,20.8,17.6,98,21.6,22.0,1.25,967.0,0.3,1,12,2010,2,0,3,0,0,3.005682604407159,0.262364264467491,6.875232087276577,18.816,0.8727272727272727,3.1999999999999993,0.5225
India_Flood_in_India_2010-11,2010-11-15,9.886,78.477,5.9,29.7,23.2,94,14.5,6.0,3.06,112.0,0.19,1,11,2010,2,3,3,0,0,1.9315214116032138,0.17395330712343804,4.727387818712341,5.546,0.9833333333333334,6.5,0.3902
Columbia_Flood_in_Columbia_2010-11,2010-11-15,4.113,-72.961,1.9,31.0,23.7,97,10.0,2.0,4.32,173.0,340.98,1,11,2010,1,3,3,0,0,1.0647107369924282,5.8347522558204465,5.159055299214529,1.8429999999999997,0.95,7.300000000000001,0.3578
Sri Lanka_Flood_in_Sri_Lanka_2010-11,2010-11-11,7.274,80.304,30.9,25.6,21.5,98,10.7,17.0,2.32,146.0,37.55,1,11,2010,3,3,3,0,0,3.462606009790799,3.6519561000093383,4.990432586778736,30.281999999999996,1.8176470588235294,4.100000000000001,0.5218
Viet Nam_Flood_in_Viet_Nam_2010-11,2010-11-02,15.182,108.003,42.9,20.3,18.0,100,12.3,24.0,0.7,828.0,13.09,1,11,2010,3,3,3,0,0,3.7819143200811256,2.645465325910589,6.720220155135295,42.9,1.7874999999999999,2.3000000000000007,0.5783
Viet Nam_Flood_in_Viet_Nam_2010-10,2010-10-15,16.705,105.524,53.1,25.2,23.2,98,18.5,22.0,0.78,174.0,41.46,1,10,2010,3,3,3,0,0,3.9908341858524357,3.74856245627511,5.1647859739235145,52.038000000000004,2.4136363636363636,2.0,0.5907
Viet Nam_Flood_in_Viet_Nam_2010-10,2010-10-16,16.705,105.524,12.6,25.7,22.3,99,13.5,23.0,1.19,174.0,99.46,1,10,2010,2,3,3,0,0,2.6100697927420065,4.609759638321899,5.1647859739235145,12.473999999999998,0.5478260869565217,3.3999999999999986,0.5502
Viet Nam_Flood_in_Viet_Nam_2010-10,2010-10-17,16.705,105.524,33.2,28.3,22.0,99,10.0,14.0,2.01,174.0,122.88,1,10,2010,3,3,3,0,0,3.5322256440685598,4.819313355105002,5.1647859739235145,32.868,2.3714285714285714,6.300000000000001,0.5014
Viet Nam_Flood_in_Viet_Nam_2010-10,2010-10-18,16.705,105.524,5.9,28.7,22.5,98,9.8,15.0,2.53,174.0,106.4,1,10,2010,2,3,3,0,0,1.9315214116032138,4.676560182074764,5.1647859739235145,5.782,0.39333333333333337,6.199999999999999,0.4727
Viet Nam_Flood_in_Viet_Nam_2010-10,2010-10-19,16.705,105.524,4.2,26.3,22.6,96,12.8,11.0,1.85,174.0,86.9,1,10,2010,1,3,3,0,0,1.6486586255873816,4.476199804691132,5.1647859739235145,4.032,0.38181818181818183,3.6999999999999993,0.4326
China_Flood_in_China_2010-10,2010-10-16,19.212,109.833,42.5,23.7,22.5,100,24.3,24.0,0.56,261.0,3.92,1,10,2010,3,3,3,0,0,3.7727609380946383,1.5933085305042167,5.568344503761097,42.5,1.7708333333333333,1.1999999999999993,0.5957
Thailand_Flood_in_Thailand_2010-10,2010-10-10,15.03,102.195,0.5,31.3,23.4,95,9.8,2.0,4.28,170.0,3.27,1,10,2010,1,3,3,0,0,0.4054651081081644,1.451613827240533,5.14166355650266,0.475,0.25,7.900000000000002,0.3504
China_Flood_in_China_2010-10,2010-10-04,18.9,110.025,107.2,24.7,23.5,99,21.5,24.0,0.45,133.0,432.51,1,10,2010,4,3,3,0,0,4.6839813664123815,6.071914864005283,4.897839799950911,106.12800000000001,4.466666666666667,1.1999999999999993,0.6809
Viet Nam_Flood_in_Viet_Nam_2010-10,2010-10-02,16.83,105.3,12.7,26.6,23.1,96,22.1,21.0,1.9,178.0,17.92,1,10,2010,2,3,3,0,0,2.617395832834079,2.9402195636237325,5.187385805840755,12.191999999999998,0.6047619047619047,3.5,0.5263
Bangladesh_Flood_in_Bangladesh_2010-10,2010-10-01,24.21,91.035,2.2,32.1,25.3,98,5.8,11.0,3.64,2.0,3018.95,1,10,2010,1,3,3,1,1,1.1631508098056809,8.012995553940467,1.0986122886681098,2.156,0.2,6.800000000000001,0.4498
Benin_Flood_in_Benin_2010-09,2010-09-12,4.86,5.31,1.0,27.3,24.4,90,15.9,7.0,3.62,0.0,,1,9,2010,1,2,3,1,0,0.6931471805599453,0.0,0.0,0.9,0.14285714285714285,2.900000000000002,0.3866
Bangladesh_Flood_in_Bangladesh_2010-09,2010-09-09,25.425,89.64,8.4,30.5,25.5,95,14.5,16.0,2.54,19.0,45080.65,1,9,2010,2,2,3,1,1,2.2407096892759584,10.716230569081052,2.995732273553991,7.98,0.525,5.0,0.6319
India_Flood_in_India_2010-08,2010-08-06,33.526,76.125,14.8,9.5,6.5,100,3.1,24.0,1.25,3947.0,5.03,1,8,2010,2,2,3,0,0,2.760009940032921,1.7967470107390942,8.280964400553373,14.8,0.6166666666666667,3.0,0.4441
Pakistan_Flood_in_Pakistan_2010-07,2010-07-27,33.363,73.257,8.8,29.0,24.6,94,26.1,17.0,3.04,497.0,0.31,1,7,2010,2,2,3,0,0,2.2823823856765264,0.27002713721306015,6.210600077024653,8.272,0.5176470588235295,4.399999999999999,0.4733
China_Flood_in_China_2010-07,2010-07-23,31.577,111.074,3.6,25.6,19.8,99,11.7,6.0,3.3,1120.0,0.26,1,7,2010,1,2,3,0,0,1.5260563034950492,0.23111172096338664,7.02197642307216,3.5640000000000005,0.6,5.800000000000001,0.3669
India_Flood_in_India_2010-07,2010-07-05,30.189,74.778,14.4,32.3,26.8,88,22.7,10.0,4.21,206.0,1.86,1,7,2010,2,2,3,0,0,2.7343675094195836,1.0508216248317612,5.332718793265369,12.672,1.44,5.4999999999999964,0.4175
China_Flood_in_China_2010-07,2010-07-01,28.005,113.171,0.0,34.0,27.6,79,20.8,0.0,6.34,63.0,2.17,1,7,2010,0,2,2,1,0,0.0,1.1537315878891892,4.1588830833596715,0.0,0.0,6.399999999999999,0.2997
Bangladesh_Flood_in_Bangladesh_2010-07,2010-07-01,23.994,90.035,14.3,31.8,25.4,97,15.8,18.0,3.82,12.0,37.9,1,7,2010,2,2,3,1,0,2.72785282839839,3.6609942506244004,2.5649493574615367,13.871000000000002,0.7944444444444445,6.400000000000002,0.511
Brazil_Flood_in_Brazil_2010-06,2010-06-22,-6.356,-37.782,0.0,32.3,20.0,89,16.0,0.0,4.64,290.0,0.02,1,6,2010,0,2,3,0,0,0.0,0.019802627296179712,5.673323267171493,0.0,0.0,12.299999999999997,0.3156
Guatamala_Flood_in_Guatamala_2010-05,2010-05-18,14.075,-89.564,8.8,28.7,22.3,89,8.7,8.0,3.62,810.0,0.37,1,5,2010,2,1,3,0,0,2.2823823856765264,0.31481073984003355,6.698268054115413,7.832000000000001,1.1,6.399999999999999,0.377
China_Flood_in_China_2010-05,2010-05-15,26.444,115.483,0.3,21.3,16.7,98,5.9,2.0,1.17,315.0,2.44,1,5,2010,1,1,3,0,0,0.262364264467491,1.235471471385307,5.755742213586912,0.294,0.15,4.600000000000001,0.3525
Brazil_Flood_in_Brazil_2010-04,2010-04-04,-22.445,-43.334,25.6,24.9,18.2,98,9.2,12.0,2.74,1121.0,0.97,1,4,2010,3,1,3,0,0,3.2809112157876537,0.6780335427498971,7.022868086082641,25.088,2.1333333333333333,6.699999999999999,0.4425
Bangladesh_Flood_in_Bangladesh_2010-03,2010-03-27,22.152,89.509,0.0,33.5,26.2,94,22.1,0.0,5.43,7.0,0.0,1,3,2010,0,1,3,1,0,0.0,0.0,2.0794415416798357,0.0,0.0,7.300000000000001,0.336
Mozambique_Flood_in_Mozambique_2010-02,2010-02-22,-19.965,34.254,9.2,30.0,24.1,98,12.6,12.0,3.23,21.0,0.75,1,2,2010,2,0,3,1,0,2.322387720290225,0.5596157879354227,3.091042453358316,9.015999999999998,0.7666666666666666,5.899999999999999,0.4564
Peru_Flood_in_Peru_2010-02,2010-02-10,-4.683,-78.287,9.2,30.1,19.5,100,5.5,11.0,4.62,745.0,1.69,1,2,2010,2,0,3,0,0,2.322387720290225,0.9895411936137477,6.61472560020376,9.2,0.8363636363636363,10.600000000000001,0.4298
Paraguay_Flood_in_Paraguay_2015-12,2015-12-01,-26.037,-55.848,20.8,27.2,20.7,100,11.3,18.0,3.13,265.0,2.14,1,12,2015,2,0,3,0,0,3.0819099697950434,1.144222799920162,5.583496308781699,20.8,1.1555555555555557,6.5,0.518
Paraguay_Flood_in_Paraguay_2015-12,2015-12-02,-26.037,-55.848,62.5,25.4,21.2,100,11.3,21.0,1.16,265.0,3.13,1,12,2015,3,0,3,0,0,4.151039905898646,1.4182774069729414,5.583496308781699,62.5,2.9761904761904763,4.199999999999999,0.5959
Paraguay_Flood_in_Paraguay_2015-12,2015-12-03,-26.037,-55.848,15.8,26.5,21.0,99,11.9,12.0,2.2,265.0,2.78,1,12,2015,2,0,3,0,0,2.8213788864092133,1.3297240096314962,5.583496308781699,15.642000000000001,1.3166666666666667,5.5,0.4594
Paraguay_Flood_in_Paraguay_2015-12,2015-12-04,-26.037,-55.848,9.0,26.1,21.3,99,10.8,7.0,2.48,265.0,2.49,1,12,2015,2,0,3,0,0,2.302585092994046,1.2499017362143359,5.583496308781699,8.91,1.2857142857142858,4.800000000000001,0.4091
Paraguay_Flood_in_Paraguay_2015-12,2015-12-05,-26.037,-55.848,0.6,27.9,20.4,100,10.2,4.0,3.37,265.0,2.33,1,12,2015,1,0,3,0,0,0.4700036292457356,1.2029723039923526,5.583496308781699,0.6,0.15,7.5,0.3757
Kenya_Flood_in_Kenya_2015-12,2015-12-01,-2.036,39.513,0.1,31.8,23.2,97,11.5,1.0,4.83,151.0,0.0,1,12,2015,1,0,3,0,0,0.09531017980432487,0.0,5.0238805208462765,0.09700000000000002,0.1,8.600000000000001,0.3468
Kenya_Flood_in_Kenya_2015-12,2015-12-02,-2.036,39.513,2.0,32.3,23.6,98,13.6,4.0,4.62,151.0,0.0,1,12,2015,1,0,3,0,0,1.0986122886681098,0.0,5.0238805208462765,1.96,0.5,8.699999999999996,0.3765
Kenya_Flood_in_Kenya_2015-12,2015-12-03,-2.036,39.513,4.7,31.4,23.5,95,15.8,8.0,3.82,151.0,0.0,1,12,2015,1,0,3,0,0,1.7404661748405046,0.0,5.0238805208462765,4.465,0.5875,7.899999999999999,0.4064
Kenya_Flood_in_Kenya_2015-12,2015-12-04,-2.036,39.513,1.0,32.3,23.4,94,14.0,4.0,4.7,151.0,0.0,1,12,2015,1,0,3,0,0,0.6931471805599453,0.0,5.0238805208462765,0.94,0.25,8.899999999999999,0.366
Kenya_Flood_in_Kenya_2015-12,2015-12-05,-2.036,39.513,2.4,32.3,23.3,94,14.0,5.0,4.38,151.0,0.0,1,12,2015,1,0,3,0,0,1.2237754316221157,0.0,5.0238805208462765,2.256,0.48,8.999999999999996,0.3761
India_Flood_in_India_2015-11,2015-11-10,11.828,78.855,83.6,24.0,20.6,95,22.5,21.0,1.22,174.0,173.18,1,11,2015,4,3,3,0,0,4.437934266612178,5.160089247264594,5.1647859739235145,79.41999999999999,3.9809523809523806,3.3999999999999986,0.6146
India_Flood_in_India_2015-11,2015-11-11,11.828,78.855,0.2,27.7,22.2,98,5.5,1.0,2.29,174.0,82.95,1,11,2015,1,3,3,0,0,0.18232155679395465,4.43022138352355,5.1647859739235145,0.196,0.2,5.5,0.3488
India_Flood_in_India_2015-11,2015-11-12,11.828,78.855,6.3,28.9,23.0,97,9.0,10.0,2.98,174.0,40.69,1,11,2015,2,3,3,0,0,1.9878743481543455,3.7302612918927056,5.1647859739235145,6.111000000000001,0.63,5.899999999999999,0.4291
India_Flood_in_India_2015-11,2015-11-13,11.828,78.855,18.4,25.4,21.4,96,11.7,19.0,1.52,174.0,25.06,1,11,2015,2,3,3,0,0,2.9652730660692823,3.260401571696699,5.1647859739235145,17.663999999999998,0.9684210526315788,4.0,0.5171
India_Flood_in_India_2015-11,2015-11-14,11.828,78.855,9.9,24.9,21.3,90,6.5,19.0,1.15,174.0,18.63,1,11,2015,2,3,3,0,0,2.388762789235098,2.9770590082883697,5.1647859739235145,8.91,0.5210526315789474,3.599999999999998,0.4925
Guatamala_Flood_in_Guatamala_2015-10,2015-10-02,14.826,-90.613,0.0,24.4,15.2,97,8.1,0.0,3.38,1385.0,0.84,1,10,2015,0,3,3,0,0,0.0,0.6097655716208943,7.234177179749849,0.0,0.0,9.2,0.2994
Guatamala_Flood_in_Guatamala_2015-10,2015-10-03,14.826,-90.613,1.0,23.0,16.7,91,5.5,3.0,2.74,1385.0,0.8,1,10,2015,1,3,3,0,0,0.6931471805599453,0.5877866649021191,7.234177179749849,0.91,0.3333333333333333,6.300000000000001,0.3118
Japan_Flood_in_Japan_2015-09,2015-09-09,36.938,140.046,76.1,21.7,16.9,100,24.3,24.0,0.61,268.0,14.0,1,9,2015,4,2,3,0,0,4.345103280569283,2.70805020110221,5.594711379601839,76.1,3.170833333333333,4.800000000000001,0.6381
Japan_Flood_in_Japan_2015-09,2015-09-10,36.938,140.046,100.0,22.1,19.8,100,16.6,24.0,0.64,268.0,19.37,1,9,2015,4,2,3,0,0,4.61512051684126,3.0140632302387145,5.594711379601839,100.0,4.166666666666667,2.3000000000000007,0.6684
Japan_Flood_in_Japan_2015-09,2015-09-11,36.938,140.046,7.4,25.8,17.9,99,13.7,4.0,3.14,268.0,11.19,1,9,2015,2,2,3,0,0,2.128231705849268,2.5006159434931803,5.594711379601839,7.3260000000000005,1.85,7.900000000000002,0.382
Pakistan_Flood_in_Pakistan_2015-07,2015-07-15,34.343,72.274,0.2,35.4,27.6,90,9.6,1.0,5.02,381.0,0.06,1,7,2015,1,2,3,0,0,0.18232155679395465,0.05826890812397577,5.945420608606575,0.18,0.2,7.799999999999997,0.3236
Pakistan_Flood_in_Pakistan_2015-07,2015-07-16,34.343,72.274,11.9,34.4,26.2,93,11.5,7.0,4.15,381.0,0.09,1,7,2015,2,2,3,0,0,2.5572273113676265,0.08617769624105233,5.945420608606575,11.067,1.7,8.2,0.3953
Pakistan_Flood_in_Pakistan_2015-07,2015-07-17,34.343,72.274,42.1,28.7,25.0,98,6.1,23.0,1.53,381.0,0.16,1,7,2015,3,2,3,0,0,3.763522997109702,0.1484200051182733,5.945420608606575,41.258,1.8304347826086957,3.6999999999999993,0.5784
Pakistan_Flood_in_Pakistan_2015-07,2015-07-18,34.343,72.274,3.8,31.4,24.3,99,7.9,12.0,3.6,381.0,0.22,1,7,2015,1,2,3,0,0,1.5686159179138452,0.1988508587451652,5.945420608606575,3.762,0.31666666666666665,7.099999999999998,0.4405
Pakistan_Flood_in_Pakistan_2015-07,2015-07-19,34.343,72.274,7.1,31.9,24.4,96,6.1,15.0,4.57,381.0,0.22,1,7,2015,2,2,3,0,0,2.0918640616783932,0.1988508587451652,5.945420608606575,6.815999999999999,0.47333333333333333,7.5,0.4628
India_Flood_in_India_2015-07,2015-07-15,26.207,82.617,8.7,33.9,27.3,96,16.6,7.0,4.42,88.0,4.71,1,7,2015,2,2,3,1,0,2.272125885509337,1.742219023667919,4.48863636973214,8.351999999999999,1.2428571428571427,6.599999999999998,0.4074
India_Flood_in_India_2015-07,2015-07-16,26.207,82.617,41.1,28.4,25.9,94,10.5,21.0,1.27,88.0,5.4,1,7,2015,3,2,3,1,0,3.7400477406883357,1.8562979903656263,4.48863636973214,38.634,1.9571428571428573,2.5,0.5606
India_Flood_in_India_2015-07,2015-07-17,26.207,82.617,1.2,31.2,25.4,96,12.5,8.0,3.08,88.0,8.64,1,7,2015,1,2,3,1,0,0.7884573603642702,2.265921108622454,4.48863636973214,1.152,0.15,5.800000000000001,0.4062
India_Flood_in_India_2015-07,2015-07-18,26.207,82.617,7.6,31.9,25.6,96,16.4,12.0,3.13,88.0,10.53,1,7,2015,2,2,3,1,0,2.151762203259462,2.4449523342809676,4.48863636973214,7.295999999999999,0.6333333333333333,6.299999999999997,0.4477
India_Flood_in_India_2015-07,2015-07-19,26.207,82.617,4.3,32.4,26.1,95,16.4,8.0,3.98,88.0,10.17,1,7,2015,1,2,3,1,0,1.667706820558076,2.413231613081109,4.48863636973214,4.085,0.5375,6.299999999999997,0.4079
Myanmar_Flood_in_Myanmar_2015-07,2015-07-15,20.175,95.533,2.1,30.3,24.9,94,18.1,5.0,3.56,151.0,1.05,1,7,2015,1,2,3,0,0,1.1314021114911006,0.7178397931503169,5.0238805208462765,1.974,0.42000000000000004,5.400000000000002,0.3758
Myanmar_Flood_in_Myanmar_2015-07,2015-07-16,20.175,95.533,3.2,29.1,24.5,96,21.3,16.0,2.12,151.0,1.25,1,7,2015,1,2,3,0,0,1.4350845252893227,0.8109302162163288,5.0238805208462765,3.0720000000000005,0.2,4.600000000000001,0.4734
Myanmar_Flood_in_Myanmar_2015-07,2015-07-17,20.175,95.533,16.7,26.6,24.1,97,19.0,23.0,1.4,151.0,1.48,1,7,2015,2,2,3,0,0,2.8735646395797834,0.9082585601768908,5.0238805208462765,16.198999999999998,0.726086956521739,2.5,0.5512
Myanmar_Flood_in_Myanmar_2015-07,2015-07-18,20.175,95.533,6.0,26.0,24.2,97,20.2,13.0,1.41,151.0,2.0,1,7,2015,2,2,3,0,0,1.9459101490553132,1.0986122886681098,5.0238805208462765,5.82,0.46153846153846156,1.8000000000000007,0.4543
Myanmar_Flood_in_Myanmar_2015-07,2015-07-19,20.175,95.533,13.1,28.3,23.8,99,17.8,21.0,2.52,151.0,2.39,1,7,2015,2,2,3,0,0,2.6461747973841225,1.220829921392359,5.0238805208462765,12.969,0.6238095238095238,4.5,0.5345
China_Flood_in_China_2015-05,2015-05-13,27.032,114.981,0.0,29.7,16.3,83,17.6,0.0,5.26,69.0,2715.44,1,5,2015,0,1,3,1,1,0.0,7.907077478503035,4.248495242049359,0.0,0.0,13.399999999999999,0.3178
China_Flood_in_China_2015-05,2015-05-14,27.032,114.981,23.2,30.3,23.8,88,27.0,18.0,2.87,69.0,2551.7,1,5,2015,2,1,3,1,1,3.186352633162641,7.844906901523621,4.248495242049359,20.416,1.2888888888888888,6.5,0.5081
China_Flood_in_China_2015-05,2015-05-15,27.032,114.981,9.3,30.5,23.6,97,25.7,13.0,3.8,69.0,2364.92,1,5,2015,2,1,3,1,1,2.33214389523559,7.768922231625178,4.248495242049359,9.021,0.7153846153846154,6.899999999999999,0.4689
China_Flood_in_China_2015-05,2015-05-16,27.032,114.981,29.5,23.8,21.5,99,10.9,17.0,0.84,69.0,2300.44,1,5,2015,3,1,3,1,1,3.417726683613366,7.741290292963091,4.248495242049359,29.205,1.7352941176470589,2.3000000000000007,0.5322
China_Flood_in_China_2015-05,2015-05-17,27.032,114.981,6.6,29.9,20.8,96,9.3,6.0,3.0,69.0,2311.07,1,5,2015,2,1,3,1,1,2.028148247292285,7.745898506150543,4.248495242049359,6.335999999999999,1.0999999999999999,9.099999999999998,0.4047
Ghana_Flood_in_Ghana_2015-06,2015-06-02,7.38,-0.547,2.3,31.7,24.1,89,12.6,5.0,4.19,179.0,0.06,1,6,2015,1,2,3,0,0,1.1939224684724346,0.05826890812397577,5.19295685089021,2.0469999999999997,0.45999999999999996,7.599999999999998,0.3636
Ghana_Flood_in_Ghana_2015-06,2015-06-03,7.38,-0.547,4.9,30.9,23.5,98,9.5,7.0,3.01,179.0,0.06,1,6,2015,1,2,3,0,0,1.7749523509116738,0.05826890812397577,5.19295685089021,4.8020000000000005,0.7000000000000001,7.399999999999999,0.4043
Ghana_Flood_in_Ghana_2015-06,2015-06-04,7.38,-0.547,12.6,31.7,22.9,98,10.6,6.0,3.89,179.0,0.06,1,6,2015,2,2,3,0,0,2.6100697927420065,0.05826890812397577,5.19295685089021,12.347999999999999,2.1,8.8,0.4057
Ghana_Flood_in_Ghana_2015-06,2015-06-05,7.38,-0.547,2.2,29.5,22.9,96,11.7,7.0,2.69,179.0,0.09,1,6,2015,1,2,3,0,0,1.1631508098056809,0.08617769624105233,5.19295685089021,2.112,0.31428571428571433,6.600000000000001,0.3963
Ghana_Flood_in_Ghana_2015-06,2015-06-06,7.38,-0.547,8.0,31.3,22.6,100,11.0,9.0,3.39,179.0,0.09,1,6,2015,2,2,3,0,0,2.1972245773362196,0.08617769624105233,5.19295685089021,8.0,0.8888888888888888,8.7,0.4295
Malawi_Flood_in_Malawi_2015-01,2015-01-01,-18.795,35.356,8.4,26.6,23.3,95,12.3,16.0,1.59,88.0,0.26,1,1,2015,2,0,3,1,0,2.2407096892759584,0.23111172096338664,4.48863636973214,7.98,0.525,3.3000000000000007,0.4797
Malawi_Flood_in_Malawi_2015-01,2015-01-02,-18.795,35.356,0.4,29.2,23.1,92,10.8,1.0,4.38,88.0,0.3,1,1,2015,1,0,3,1,0,0.33647223662121295,0.262364264467491,4.48863636973214,0.36800000000000005,0.4,6.099999999999998,0.3377
Malawi_Flood_in_Malawi_2015-01,2015-01-03,-18.795,35.356,0.0,31.2,22.4,96,9.7,0.0,4.88,88.0,0.25,1,1,2015,0,0,3,1,0,0.0,0.22314355131420976,4.48863636973214,0.0,0.0,8.8,0.338
Malawi_Flood_in_Malawi_2015-01,2015-01-04,-18.795,35.356,1.0,28.8,23.3,95,14.0,2.0,2.96,88.0,0.19,1,1,2015,1,0,3,1,0,0.6931471805599453,0.17395330712343804,4.48863636973214,0.95,0.5,5.5,0.3537
Malawi_Flood_in_Malawi_2015-01,2015-01-05,-18.795,35.356,17.8,27.9,23.2,95,13.7,14.0,3.03,88.0,0.17,1,1,2015,2,0,3,1,0,2.9338568698359038,0.15700374880966478,4.48863636973214,16.91,1.2714285714285716,4.699999999999999,0.475
Sri Lanka_Flood_in_Sri_Lanka_2014-12,2014-12-20,7.909,80.983,62.6,23.7,23.0,97,19.5,24.0,0.53,58.0,6.96,1,12,2014,3,0,3,1,0,4.152613470346076,2.0744289998562917,4.07753744390572,60.722,2.6083333333333334,0.6999999999999993,0.6207
Sri Lanka_Flood_in_Sri_Lanka_2014-12,2014-12-21,7.909,80.983,30.4,26.9,23.1,97,12.4,21.0,1.7,58.0,7.11,1,12,2014,3,0,3,1,0,3.4468078929142076,2.0930978681273213,4.07753744390572,29.487999999999996,1.4476190476190476,3.799999999999997,0.5548
Sri Lanka_Flood_in_Sri_Lanka_2014-12,2014-12-22,7.909,80.983,134.5,24.0,23.0,99,15.4,24.0,0.56,58.0,14.21,1,12,2014,4,0,3,1,0,4.908971640319756,2.7219531062712017,4.07753744390572,133.155,5.604166666666667,1.0,0.7165
Sri Lanka_Flood_in_Sri_Lanka_2014-12,2014-12-23,7.909,80.983,44.0,24.9,22.8,98,12.7,24.0,0.95,58.0,11.02,1,12,2014,3,0,3,1,0,3.8066624897703196,2.4865719291070616,4.07753744390572,43.12,1.8333333333333333,2.099999999999998,0.5994
Sri Lanka_Flood_in_Sri_Lanka_2014-12,2014-12-24,7.909,80.983,32.1,26.1,22.6,97,14.4,19.0,1.34,58.0,9.64,1,12,2014,3,0,3,1,0,3.4995332823830174,2.3646204839134985,4.07753744390572,31.137000000000004,1.6894736842105265,3.5,0.5403
Malaysia_Flood_in_Malaysia_2014-12,2014-12-20,4.725,102.164,17.4,25.4,22.4,100,5.2,21.0,0.98,399.0,13.42,1,12,2014,2,0,3,0,0,2.91235066461494,2.668616131856803,5.991464547107982,17.4,0.8285714285714285,3.0,0.5345
Malaysia_Flood_in_Malaysia_2014-12,2014-12-21,4.725,102.164,18.4,23.8,22.5,100,4.4,23.0,0.54,399.0,18.91,1,12,2014,2,0,3,0,0,2.9652730660692823,2.991222118076105,5.991464547107982,18.4,0.7999999999999999,1.3000000000000007,0.5525
Malaysia_Flood_in_Malaysia_2014-12,2014-12-22,4.725,102.164,46.3,23.6,22.3,100,7.7,24.0,0.66,399.0,34.4,1,12,2014,3,0,3,0,0,3.856510295497887,3.5667118201397288,5.991464547107982,46.3,1.9291666666666665,1.3000000000000007,0.5962
Malaysia_Flood_in_Malaysia_2014-12,2014-12-23,4.725,102.164,47.7,23.4,22.0,100,5.4,24.0,0.52,399.0,47.64,1,12,2014,3,0,3,0,0,3.885679030088544,3.8844462376579116,5.991464547107982,47.7,1.9875,1.3999999999999986,0.598
Malaysia_Flood_in_Malaysia_2014-12,2014-12-24,4.725,102.164,25.6,24.9,22.0,100,5.4,24.0,0.89,399.0,44.5,1,12,2014,3,0,3,0,0,3.2809112157876537,3.817712325956905,5.991464547107982,25.6,1.0666666666666667,2.8999999999999986,0.57
Philippines_Flood_in_Philippines_2014-12,2014-12-10,8.656,124.903,1.7,26.4,20.5,96,8.8,2.0,3.82,859.0,3.32,1,12,2014,1,0,3,0,0,0.9932517730102833,1.463255402256019,6.756932389247553,1.632,0.85,5.899999999999999,0.3325
Philippines_Flood_in_Philippines_2014-12,2014-12-11,8.656,124.903,0.9,26.1,19.9,97,6.5,5.0,3.99,859.0,3.14,1,12,2014,1,0,3,0,0,0.6418538861723948,1.420695787837223,6.756932389247553,0.873,0.18,6.200000000000003,0.3588
Philippines_Flood_in_Philippines_2014-12,2014-12-12,8.656,124.903,0.5,25.8,20.0,97,7.1,3.0,3.84,859.0,2.94,1,12,2014,1,0,3,0,0,0.4054651081081644,1.3711807233098425,6.756932389247553,0.485,0.16666666666666666,5.800000000000001,0.3416
Philippines_Flood_in_Philippines_2014-12,2014-12-13,8.656,124.903,2.3,25.0,19.3,98,9.6,10.0,3.17,859.0,2.75,1,12,2014,1,0,3,0,0,1.1939224684724346,1.3217558399823195,6.756932389247553,2.2539999999999996,0.22999999999999998,5.699999999999999,0.4045
Philippines_Flood_in_Philippines_2014-12,2014-12-14,8.656,124.903,2.7,26.4,20.2,97,7.4,6.0,3.56,859.0,2.62,1,12,2014,1,0,3,0,0,1.308332819650179,1.2864740258376797,6.756932389247553,2.619,0.45,6.199999999999999,0.3694
Philippines_Flood_in_Philippines_2014-09,2014-09-19,14.657,121.612,83.3,26.1,25.2,97,27.2,24.0,0.93,0.0,0.55,1,9,2014,4,2,3,1,0,4.4343818650078095,0.4382549309311553,0.0,80.80099999999999,3.470833333333333,0.9000000000000021,0.6487
Philippines_Flood_in_Philippines_2014-09,2014-09-20,14.657,121.612,4.2,28.7,25.4,91,23.3,17.0,2.9,0.0,0.63,1,9,2014,1,2,3,1,0,1.6486586255873816,0.48858001481867097,0.0,3.822,0.24705882352941178,3.3000000000000007,0.4763
Philippines_Flood_in_Philippines_2014-09,2014-09-21,14.657,121.612,0.9,30.0,25.4,92,19.3,4.0,3.99,0.0,0.57,1,9,2014,1,2,3,1,0,0.6418538861723948,0.4510756193602166,0.0,0.828,0.225,4.600000000000001,0.3661
Philippines_Flood_in_Philippines_2014-09,2014-09-22,14.657,121.612,0.5,31.0,25.5,94,11.6,2.0,4.17,0.0,0.51,1,9,2014,1,2,3,1,0,0.4054651081081644,0.412109650826833,0.0,0.47,0.25,5.5,0.3535
Philippines_Flood_in_Philippines_2014-09,2014-09-23,14.657,121.612,0.9,30.9,25.5,96,5.9,4.0,4.74,0.0,0.45,1,9,2014,1,2,3,1,0,0.6418538861723948,0.37156355643248307,0.0,0.8640000000000001,0.225,5.399999999999999,0.3753
Pakistan_Flood_in_Pakistan_2014-09,2014-09-01,33.944,75.341,1.1,18.3,9.3,85,6.8,6.0,3.74,2561.0,0.94,1,9,2014,1,2,3,0,0,0.7419373447293773,0.6626879730752367,7.848543482456679,0.9350000000000002,0.18333333333333335,9.0,0.286
Pakistan_Flood_in_Pakistan_2014-09,2014-09-02,33.944,75.341,14.6,17.5,9.6,94,5.6,16.0,2.31,2561.0,0.95,1,9,2014,2,2,3,0,0,2.747270914255491,0.6678293725756554,7.848543482456679,13.723999999999998,0.9125,7.9,0.4072
Pakistan_Flood_in_Pakistan_2014-09,2014-09-03,33.944,75.341,35.0,13.3,11.8,92,5.2,24.0,0.7,2561.0,1.05,1,9,2014,3,2,3,0,0,3.58351893845611,0.7178397931503169,7.848543482456679,32.2,1.4583333333333333,1.5,0.4951
Pakistan_Flood_in_Pakistan_2014-09,2014-09-04,33.944,75.341,45.9,12.2,11.3,92,6.4,24.0,0.64,2561.0,1.22,1,9,2014,3,2,3,0,0,3.8480176754522337,0.7975071958841881,7.848543482456679,42.228,1.9124999999999999,0.8999999999999986,0.5089
Pakistan_Flood_in_Pakistan_2014-09,2014-09-05,33.944,75.341,44.9,13.0,11.1,90,5.7,24.0,0.78,2561.0,1.47,1,9,2014,3,2,3,0,0,3.8264651170664994,0.9042181506398859,7.848543482456679,40.41,1.8708333333333333,1.9000000000000004,0.5031
China_Flood_in_China_2014-09,2014-09-01,30.779,108.35,33.0,26.4,21.8,98,7.4,24.0,1.66,503.0,25002.44,1,9,2014,3,2,3,0,1,3.5263605246161616,10.126768694384326,6.222576268071369,32.34,1.375,4.599999999999998,0.6545
China_Flood_in_China_2014-09,2014-09-02,30.779,108.35,62.4,23.6,21.1,100,5.4,13.0,1.39,503.0,25821.61,1,9,2014,3,2,3,0,1,4.14946386144318,10.15900574372262,6.222576268071369,62.4,4.8,2.5,0.6075
China_Flood_in_China_2014-09,2014-09-03,30.779,108.35,0.0,27.5,20.3,91,6.9,0.0,3.63,503.0,26667.59,1,9,2014,0,2,3,0,1,0.0,10.191241747387027,6.222576268071369,0.0,0.0,7.199999999999999,0.4022
China_Flood_in_China_2014-09,2014-09-04,30.779,108.35,0.0,25.7,21.1,86,4.9,0.0,2.02,503.0,26120.6,1,9,2014,0,2,3,0,1,0.0,10.170517837257037,6.222576268071369,0.0,0.0,4.599999999999998,0.3888
China_Flood_in_China_2014-09,2014-09-05,30.779,108.35,0.0,28.0,18.2,91,5.4,0.0,4.26,503.0,25117.87,1,9,2014,0,2,3,0,1,0.0,10.131374635493888,6.222576268071369,0.0,0.0,9.8,0.397
Nepal_Flood_in_Nepal_2014-08,2014-08-12,28.983,81.973,7.0,16.9,12.0,99,7.7,11.0,2.54,3233.0,2.08,1,8,2014,2,2,3,0,0,2.0794415416798357,1.1249295969854831,8.081475040137052,6.93,0.6363636363636364,4.899999999999999,0.3461
Nepal_Flood_in_Nepal_2014-08,2014-08-13,28.983,81.973,17.3,17.2,12.5,99,6.7,15.0,2.56,3233.0,2.05,1,8,2014,2,2,3,0,0,2.9069010598473755,1.1151415906193203,8.081475040137052,17.127,1.1533333333333333,4.699999999999999,0.3925
Nepal_Flood_in_Nepal_2014-08,2014-08-14,28.983,81.973,19.6,16.0,12.0,99,7.1,18.0,1.74,3233.0,2.09,1,8,2014,2,2,3,0,0,3.0252910757955354,1.128171090909654,8.081475040137052,19.404,1.088888888888889,4.0,0.4204
Nepal_Flood_in_Nepal_2014-08,2014-08-15,28.983,81.973,85.4,14.1,11.7,100,6.8,19.0,0.92,3233.0,7.65,1,8,2014,4,2,3,0,0,4.45898767581001,2.157559320943788,8.081475040137052,85.4,4.494736842105263,2.4000000000000004,0.5145
Nepal_Flood_in_Nepal_2014-08,2014-08-16,28.983,81.973,96.2,14.8,10.9,100,7.1,18.0,1.8,3233.0,5.03,1,8,2014,4,2,3,0,0,4.576770711466393,1.7967470107390942,8.081475040137052,96.2,5.344444444444445,3.9000000000000004,0.5199
Bangladesh_Flood_in_Bangladesh_2014-08,2014-08-20,24.566,90.633,6.5,30.4,25.3,98,10.0,9.0,2.71,10.0,5.24,1,8,2014,2,2,3,1,0,2.0149030205422647,1.8309801823813363,2.3978952727983707,6.37,0.7222222222222222,5.099999999999998,0.4283
Bangladesh_Flood_in_Bangladesh_2014-08,2014-08-21,24.566,90.633,19.8,31.2,25.0,98,10.8,21.0,2.8,10.0,5.34,1,8,2014,2,2,3,1,0,3.0349529867072724,1.8468787684491346,2.3978952727983707,19.404,0.9428571428571428,6.199999999999999,0.5452
Bangladesh_Flood_in_Bangladesh_2014-08,2014-08-22,24.566,90.633,16.0,29.9,25.0,98,14.0,14.0,2.32,10.0,5.25,1,8,2014,2,2,3,1,0,2.833213344056216,1.8325814637483102,2.3978952727983707,15.68,1.1428571428571428,4.899999999999999,0.4821
Bangladesh_Flood_in_Bangladesh_2014-08,2014-08-23,24.566,90.633,8.9,29.5,25.5,95,15.8,15.0,2.26,10.0,5.31,1,8,2014,2,2,3,1,0,2.2925347571405443,1.8421356765531218,2.3978952727983707,8.455,0.5933333333333334,4.0,0.4745
Bangladesh_Flood_in_Bangladesh_2014-08,2014-08-24,24.566,90.633,19.3,28.6,25.0,98,10.5,20.0,1.53,10.0,5.37,1,8,2014,2,2,3,1,0,3.0106208860477417,1.851599469584072,2.3978952727983707,18.914,0.9650000000000001,3.6000000000000014,0.5362
South Sudan_Flood_in_South_Sudan_2014-07,2014-07-20,10.213,31.001,9.3,30.3,23.4,99,11.4,11.0,3.64,447.0,0.0,1,7,2014,2,2,3,0,0,2.33214389523559,0.0,6.104793232414985,9.207,0.8454545454545456,6.900000000000002,0.437
South Sudan_Flood_in_South_Sudan_2014-07,2014-07-21,10.213,31.001,3.6,31.2,22.9,96,13.0,4.0,4.69,447.0,0.0,1,7,2014,1,2,3,0,0,1.5260563034950492,0.0,6.104793232414985,3.4560000000000004,0.9,8.3,0.3646
South Sudan_Flood_in_South_Sudan_2014-07,2014-07-22,10.213,31.001,3.7,32.1,23.7,93,16.6,2.0,4.42,447.0,0.0,1,7,2014,1,2,3,0,0,1.547562508716013,0.0,6.104793232414985,3.4410000000000003,1.85,8.400000000000002,0.3411
South Sudan_Flood_in_South_Sudan_2014-07,2014-07-23,10.213,31.001,21.3,29.5,22.7,97,12.6,18.0,3.75,447.0,0.0,1,7,2014,2,2,3,0,0,3.104586678466073,0.0,6.104793232414985,20.660999999999998,1.1833333333333333,6.800000000000001,0.506
South Sudan_Flood_in_South_Sudan_2014-07,2014-07-24,10.213,31.001,13.6,28.6,22.6,96,16.8,8.0,3.27,447.0,0.0,1,7,2014,2,2,3,0,0,2.681021528714291,0.0,6.104793232414985,13.056,1.7,6.0,0.4106
China_Flood_in_China_2014-07,2014-07-18,21.495,107.508,19.8,27.6,22.1,96,20.8,12.0,3.55,691.0,4.24,1,7,2014,2,2,3,0,0,3.0349529867072724,1.6563214983329508,6.539585955617669,19.008000000000003,1.6500000000000001,5.5,0.4441
China_Flood_in_China_2014-07,2014-07-19,21.495,107.508,194.0,22.9,20.8,100,36.7,24.0,0.45,691.0,23.38,1,7,2014,5,2,3,0,0,5.272999558563747,3.1937631240531252,6.539585955617669,194.0,8.083333333333334,2.099999999999998,0.7742
China_Flood_in_China_2014-07,2014-07-20,21.495,107.508,16.5,24.4,21.4,100,10.6,19.0,1.91,691.0,17.75,1,7,2014,2,2,3,0,0,2.8622008809294686,2.9311937524164198,6.539585955617669,16.5,0.868421052631579,3.0,0.5075
China_Flood_in_China_2014-07,2014-07-21,21.495,107.508,5.7,25.8,21.1,100,7.3,12.0,2.97,691.0,13.69,1,7,2014,2,2,3,0,0,1.9021075263969205,2.6871669901857858,6.539585955617669,5.7,0.47500000000000003,4.699999999999999,0.4354
China_Flood_in_China_2014-07,2014-07-22,21.495,107.508,5.2,27.9,21.2,99,7.6,6.0,4.29,691.0,11.5,1,7,2014,2,2,3,0,0,1.824549292051046,2.5257286443082556,6.539585955617669,5.148000000000001,0.8666666666666667,6.699999999999999,0.3825
Paraguay_Flood_in_Paraguay_2014-06,2014-06-03,-24.355,-53.547,0.0,20.1,8.6,86,11.6,0.0,2.67,360.0,39.93,1,6,2014,0,2,3,0,0,0.0,3.7118632905043114,5.8888779583328805,0.0,0.0,11.500000000000002,0.3066
Paraguay_Flood_in_Paraguay_2014-06,2014-06-04,-24.355,-53.547,0.0,19.7,11.3,85,15.6,0.0,2.07,360.0,34.4,1,6,2014,0,2,3,0,0,0.0,3.5667118201397288,5.8888779583328805,0.0,0.0,8.399999999999999,0.3043
Paraguay_Flood_in_Paraguay_2014-06,2014-06-05,-24.355,-53.547,25.0,26.1,15.8,99,18.4,12.0,2.34,360.0,30.33,1,6,2014,2,2,3,0,0,3.258096538021482,3.4445761049641,5.8888779583328805,24.75,2.0833333333333335,10.3,0.4681
Paraguay_Flood_in_Paraguay_2014-06,2014-06-06,-24.355,-53.547,88.7,20.6,19.1,100,18.7,24.0,0.31,360.0,145.22,1,6,2014,4,2,3,0,0,4.49647076906475,4.9851123368651695,5.8888779583328805,88.7,3.6958333333333333,1.5,0.6516
Paraguay_Flood_in_Paraguay_2014-06,2014-06-07,-24.355,-53.547,67.4,26.6,19.2,100,17.2,19.0,1.62,360.0,228.09,1,6,2014,3,2,3,0,0,4.225372824628505,5.434114939445257,5.8888779583328805,67.4,3.547368421052632,7.400000000000002,0.5832
China_Flood_in_China_2014-06,2014-06-05,26.439,112.358,78.8,25.4,23.7,99,8.7,24.0,0.77,84.0,64.77,1,6,2014,4,2,3,1,0,4.379523504455763,4.186163807313259,4.442651256490317,78.012,3.283333333333333,1.6999999999999993,0.6452
China_Flood_in_China_2014-06,2014-06-06,26.439,112.358,23.3,27.5,22.8,97,8.3,9.0,2.45,84.0,72.79,1,6,2014,2,2,3,1,0,3.190476350346503,4.301223221070275,4.442651256490317,22.601,2.588888888888889,4.699999999999999,0.4452
China_Flood_in_China_2014-06,2014-06-07,26.439,112.358,1.0,29.5,22.9,96,9.1,4.0,3.68,84.0,58.29,1,6,2014,1,2,3,1,0,0.6931471805599453,4.0824406577192764,4.442651256490317,0.96,0.25,6.600000000000001,0.3729
China_Flood_in_China_2014-06,2014-06-08,26.439,112.358,0.3,31.2,23.5,93,9.5,1.0,4.46,84.0,45.99,1,6,2014,1,2,3,1,0,0.262364264467491,3.849934813114724,4.442651256490317,0.27899999999999997,0.3,7.699999999999999,0.3401
China_Flood_in_China_2014-06,2014-06-09,26.439,112.358,9.9,31.2,24.0,98,10.7,14.0,3.86,84.0,38.99,1,6,2014,2,2,3,1,0,2.388762789235098,3.688629422858727,4.442651256490317,9.702,0.7071428571428572,7.199999999999999,0.4721
Iran_Flood_in_Iran_2014-06,2014-06-01,34.375,57.254,0.0,33.4,17.3,39,11.9,0.0,7.55,1147.0,0.0,1,6,2014,0,2,0,0,0,0.0,0.0,7.045776576879511,0.0,0.0,16.099999999999998,0.1735
Iran_Flood_in_Iran_2014-06,2014-06-02,34.375,57.254,0.0,35.2,18.4,30,28.4,0.0,8.6,1147.0,0.0,1,6,2014,0,2,0,0,0,0.0,0.0,7.045776576879511,0.0,0.0,16.800000000000004,0.1529
Iran_Flood_in_Iran_2014-06,2014-06-03,34.375,57.254,0.0,34.3,20.9,29,19.6,0.0,8.22,1147.0,0.0,1,6,2014,0,2,0,0,0,0.0,0.0,7.045776576879511,0.0,0.0,13.399999999999999,0.1506
Iran_Flood_in_Iran_2014-06,2014-06-04,34.375,57.254,0.0,37.1,17.8,29,33.5,0.0,10.01,1147.0,0.0,1,6,2014,0,2,0,0,0,0.0,0.0,7.045776576879511,0.0,0.0,19.3,0.1506
Iran_Flood_in_Iran_2014-06,2014-06-05,34.375,57.254,0.0,32.0,20.0,42,24.4,0.0,9.59,1147.0,0.0,1,6,2014,0,2,1,0,0,0.0,0.0,7.045776576879511,0.0,0.0,12.0,0.1804
Afghanistan_Flood_in_Afghanistan_2014-04,2014-04-20,35.834,66.434,0.0,16.4,2.7,77,6.8,0.0,4.5,1721.0,0.09,1,4,2014,0,1,2,0,0,0.0,0.08617769624105233,7.451241684987676,0.0,0.0,13.7,0.2428
Afghanistan_Flood_in_Afghanistan_2014-04,2014-04-21,35.834,66.434,1.0,17.9,4.1,72,8.3,2.0,4.68,1721.0,0.03,1,4,2014,1,1,2,0,0,0.6931471805599453,0.0295588022415444,7.451241684987676,0.72,0.5,13.799999999999999,0.2492
Afghanistan_Flood_in_Afghanistan_2014-04,2014-04-22,35.834,66.434,3.5,17.8,4.7,79,12.3,3.0,3.96,1721.0,0.09,1,4,2014,1,1,2,0,0,1.5040773967762742,0.08617769624105233,7.451241684987676,2.765,1.1666666666666667,13.100000000000001,0.2768
Afghanistan_Flood_in_Afghanistan_2014-04,2014-04-23,35.834,66.434,1.7,19.7,4.1,76,14.1,2.0,4.8,1721.0,0.06,1,4,2014,1,1,2,0,0,0.9932517730102833,0.05826890812397577,7.451241684987676,1.2919999999999998,0.85,15.6,0.2593
Afghanistan_Flood_in_Afghanistan_2014-04,2014-04-24,35.834,66.434,2.3,18.3,8.7,81,11.9,5.0,3.21,1721.0,0.03,1,4,2014,1,1,3,0,0,1.1939224684724346,0.0295588022415444,7.451241684987676,1.8629999999999998,0.45999999999999996,9.600000000000001,0.2965
Bolivia_Flood_in_Bolivia_2014-01,2014-01-10,-13.389,-64.014,2.7,28.9,22.8,95,13.0,7.0,3.45,138.0,206.97,1,1,2014,1,0,3,0,0,1.308332819650179,5.337393838529829,4.9344739331306915,2.565,0.38571428571428573,6.099999999999998,0.3966
Bolivia_Flood_in_Bolivia_2014-01,2014-01-11,-13.389,-64.014,12.9,26.7,23.1,96,9.8,10.0,2.59,138.0,206.01,1,1,2014,2,0,3,0,0,2.631888840136646,5.332767101277263,4.9344739331306915,12.384,1.29,3.599999999999998,0.4368
Bolivia_Flood_in_Bolivia_2014-01,2014-01-12,-13.389,-64.014,11.0,27.8,22.6,98,5.6,12.0,3.08,138.0,206.01,1,1,2014,2,0,3,0,0,2.4849066497880004,5.332767101277263,4.9344739331306915,10.78,0.9166666666666666,5.199999999999999,0.4557
Bolivia_Flood_in_Bolivia_2014-01,2014-01-13,-13.389,-64.014,3.3,29.0,21.7,100,10.2,8.0,3.62,138.0,206.49,1,1,2014,1,0,3,0,0,1.4586150226995167,5.33508314573836,4.9344739331306915,3.3,0.4125,7.300000000000001,0.4172
Bolivia_Flood_in_Bolivia_2014-01,2014-01-14,-13.389,-64.014,17.5,30.1,22.8,98,10.9,15.0,4.03,138.0,208.89,1,1,2014,2,0,3,0,0,2.917770732084279,5.346583583957525,4.9344739331306915,17.15,1.1666666666666667,7.300000000000001,0.4889
Philippines_Flood_in_Philippines_2013-11,2013-11-08,11.445,125.052,76.3,26.3,24.4,93,57.4,24.0,1.43,93.0,4.0,1,11,2013,4,3,3,1,0,4.3476939555933765,1.6094379124341003,4.543294782270004,70.959,3.1791666666666667,1.9000000000000021,0.6277
Philippines_Flood_in_Philippines_2013-11,2013-11-09,11.445,125.052,1.3,28.5,24.8,94,24.5,6.0,2.65,93.0,5.84,1,11,2013,1,3,3,1,0,0.832909122935104,1.922787731634459,4.543294782270004,1.222,0.21666666666666667,3.6999999999999993,0.3849
Philippines_Flood_in_Philippines_2013-11,2013-11-10,11.445,125.052,0.3,30.3,24.4,93,17.2,2.0,4.25,93.0,5.43,1,11,2013,1,3,3,1,0,0.262364264467491,1.860974538249528,4.543294782270004,0.27899999999999997,0.15,5.900000000000002,0.348
Philippines_Flood_in_Philippines_2013-11,2013-11-11,11.445,125.052,0.8,29.9,24.7,93,20.5,3.0,4.21,93.0,4.89,1,11,2013,1,3,3,1,0,0.5877866649021191,1.7732559976634952,4.543294782270004,0.7440000000000001,0.26666666666666666,5.199999999999999,0.357
Philippines_Flood_in_Philippines_2013-11,2013-11-12,11.445,125.052,8.3,27.6,24.6,94,22.2,21.0,2.35,93.0,4.52,1,11,2013,2,3,3,1,0,2.2300144001592104,1.7083778602890038,4.543294782270004,7.8020000000000005,0.3952380952380953,3.0,0.5188
Vietnam_Flood_in_Vietnam_2013-11,2013-11-14,15.582,107.706,20.2,25.4,21.9,98,10.2,24.0,1.63,219.0,3.78,1,11,2013,2,3,3,0,0,3.054001181677967,1.5644405465033644,5.393627546352362,19.796,0.8416666666666667,3.5,0.5641
Vietnam_Flood_in_Vietnam_2013-11,2013-11-15,15.582,107.706,111.0,23.3,21.7,100,11.8,24.0,0.64,219.0,14.31,1,11,2013,4,3,3,0,0,4.718498871295094,2.7285062096695922,5.393627546352362,111.0,4.625,1.6000000000000014,0.6839
Vietnam_Flood_in_Vietnam_2013-11,2013-11-16,15.582,107.706,27.3,25.4,22.0,100,8.9,24.0,1.83,219.0,27.44,1,11,2013,3,3,3,0,0,3.342861804649192,3.34779660493504,5.393627546352362,27.3,1.1375,3.3999999999999986,0.5778
Vietnam_Flood_in_Vietnam_2013-11,2013-11-17,15.582,107.706,64.5,25.1,21.2,100,10.2,24.0,1.85,219.0,17.2,1,11,2013,3,3,3,0,0,4.182050142641207,2.9014215940827497,5.393627546352362,64.5,2.6875,3.900000000000002,0.6249
Vietnam_Flood_in_Vietnam_2013-11,2013-11-18,15.582,107.706,9.5,23.9,20.3,98,11.3,20.0,2.19,219.0,6.16,1,11,2013,2,3,3,0,0,2.3513752571634776,1.9685099809725544,5.393627546352362,9.31,0.475,3.599999999999998,0.5172
China_Flood_in_China_2013-08,2013-08-07,50.532,130.271,3.5,25.3,17.8,98,9.2,9.0,2.89,300.0,0.81,1,8,2013,1,2,3,0,0,1.5040773967762742,0.5933268452777344,5.707110264748875,3.43,0.3888888888888889,7.5,0.4154
China_Flood_in_China_2013-08,2013-08-08,50.532,130.271,7.3,24.8,18.1,95,13.0,13.0,2.42,300.0,0.78,1,8,2013,2,2,3,0,0,2.1162555148025524,0.5766133643039938,5.707110264748875,6.935,0.5615384615384615,6.699999999999999,0.4466
China_Flood_in_China_2013-08,2013-08-09,50.532,130.271,13.0,24.2,19.4,93,16.8,22.0,2.1,300.0,0.77,1,8,2013,2,2,3,0,0,2.6390573296152584,0.5709795465857378,5.707110264748875,12.09,0.5909090909090909,4.800000000000001,0.5243
China_Flood_in_China_2013-08,2013-08-10,50.532,130.271,21.4,20.7,17.9,97,17.8,23.0,0.92,300.0,0.89,1,8,2013,2,2,3,0,0,3.109060958860994,0.636576829071551,5.707110264748875,20.757999999999996,0.9304347826086956,2.8000000000000007,0.5524
China_Flood_in_China_2013-08,2013-08-11,50.532,130.271,3.5,20.0,17.8,100,11.5,9.0,1.06,300.0,0.97,1,8,2013,1,2,3,0,0,1.5040773967762742,0.6780335427498971,5.707110264748875,3.5,0.3888888888888889,2.1999999999999993,0.42
Cambodia_Flood_in_Cambodia_2013-09,2013-09-27,12.658,105.084,21.8,27.2,23.6,100,12.4,24.0,1.7,16.0,2.35,1,9,2013,2,2,3,1,0,3.126760535960395,1.208960345836975,2.833213344056216,21.8,0.9083333333333333,3.599999999999998,0.5771
Cambodia_Flood_in_Cambodia_2013-09,2013-09-28,12.658,105.084,26.4,26.3,23.4,99,12.0,15.0,1.03,16.0,2.98,1,9,2013,3,2,3,1,0,3.3105430133940246,1.3812818192963463,2.833213344056216,26.136,1.76,2.900000000000002,0.5057
Cambodia_Flood_in_Cambodia_2013-09,2013-09-29,12.658,105.084,3.2,30.1,23.8,96,12.7,4.0,3.62,16.0,2.94,1,9,2013,1,2,3,1,0,1.4350845252893227,1.3711807233098425,2.833213344056216,3.0720000000000005,0.8,6.300000000000001,0.3777
Cambodia_Flood_in_Cambodia_2013-09,2013-09-30,12.658,105.084,0.2,28.9,24.3,96,15.4,2.0,2.87,16.0,2.72,1,9,2013,1,2,3,1,0,0.18232155679395465,1.3137236682850553,2.833213344056216,0.19200000000000003,0.1,4.599999999999998,0.3572
Cambodia_Flood_in_Cambodia_2013-09,2013-10-01,12.658,105.084,1.7,30.4,22.9,98,5.9,3.0,3.7,16.0,2.44,1,10,2013,1,3,3,1,0,0.9932517730102833,1.235471471385307,2.833213344056216,1.666,0.5666666666666667,7.5,0.3721
India_Flood_in_India_2013-10,2013-10-12,21.271,84.249,13.3,26.7,23.6,90,37.7,11.0,2.36,325.0,2.48,1,10,2013,2,3,3,0,0,2.6602595372658615,1.247032293786383,5.786897381366708,11.97,1.2090909090909092,3.099999999999998,0.4253
India_Flood_in_India_2013-10,2013-10-13,21.271,84.249,92.7,24.1,23.1,95,44.0,24.0,1.0,325.0,4.09,1,10,2013,4,3,3,0,0,4.540098189244376,1.6272778305624314,5.786897381366708,88.065,3.8625000000000003,1.0,0.6458
India_Flood_in_India_2013-10,2013-10-14,21.271,84.249,1.4,27.7,21.1,90,18.3,7.0,3.23,325.0,3.46,1,10,2013,1,3,3,0,0,0.8754687373538999,1.4951487660319727,5.786897381366708,1.2599999999999998,0.19999999999999998,6.599999999999998,0.3769
Thailand_Flood_in_Thailand_2013-09,2013-09-30,13.081,101.694,15.9,25.0,21.7,99,9.2,13.0,1.61,286.0,3.35,1,9,2013,2,2,3,0,0,2.8273136219290276,1.4701758451005926,5.659482215759621,15.741000000000001,1.2230769230769232,3.3000000000000007,0.4672
Thailand_Flood_in_Thailand_2013-09,2013-10-01,13.081,101.694,17.7,27.4,21.6,99,8.4,12.0,3.33,286.0,3.73,1,10,2013,2,3,3,0,0,2.928523523860541,1.5539252025038417,5.659482215759621,17.523,1.4749999999999999,5.799999999999997,0.4611
Thailand_Flood_in_Thailand_2013-09,2013-10-02,13.081,101.694,9.2,27.9,21.5,99,8.2,9.0,3.01,286.0,3.84,1,10,2013,2,3,3,0,0,2.322387720290225,1.5769147207285403,5.659482215759621,9.107999999999999,1.0222222222222221,6.399999999999999,0.4253
Thailand_Flood_in_Thailand_2013-09,2013-10-03,13.081,101.694,26.4,23.7,21.8,100,8.6,24.0,1.04,286.0,6.26,1,10,2013,3,3,3,0,0,3.3105430133940246,1.9823798288367047,5.659482215759621,26.4,1.0999999999999999,1.8999999999999986,0.5745
Thailand_Flood_in_Thailand_2013-09,2013-10-04,13.081,101.694,41.3,23.5,21.8,99,10.0,24.0,0.87,286.0,9.52,1,10,2013,3,3,3,0,0,3.744787086052232,2.3532782073095637,5.659482215759621,40.887,1.7208333333333332,1.6999999999999993,0.5911
China_Flood_in_China_2013-10,2013-10-08,29.15,120.573,3.3,23.2,17.8,100,12.7,13.0,1.11,655.0,3.31,1,10,2013,1,3,3,0,0,1.4586150226995167,1.4609379041156565,6.486160788944089,3.3,0.25384615384615383,5.399999999999999,0.4418
China_Flood_in_China_2013-10,2013-10-09,29.15,120.573,0.0,22.1,17.4,95,9.4,0.0,1.35,655.0,2.1,1,10,2013,0,3,3,0,0,0.0,1.1314021114911006,6.486160788944089,0.0,0.0,4.700000000000003,0.3178
China_Flood_in_China_2013-10,2013-10-10,29.15,120.573,0.1,25.0,17.5,96,9.2,1.0,2.76,655.0,1.47,1,10,2013,1,3,3,0,0,0.09531017980432487,0.9042181506398859,6.486160788944089,0.09600000000000002,0.1,7.5,0.3286
China_Flood_in_China_2013-10,2013-10-11,29.15,120.573,0.0,26.2,17.1,99,11.1,0.0,3.89,655.0,1.08,1,10,2013,0,3,3,0,0,0.0,0.7323678937132266,6.486160788944089,0.0,0.0,9.099999999999998,0.327
China_Flood_in_China_2013-10,2013-10-12,29.15,120.573,0.0,23.3,13.7,100,16.9,0.0,3.82,655.0,0.83,1,10,2013,0,3,3,0,0,0.0,0.6043159668533294,6.486160788944089,0.0,0.0,9.600000000000001,0.3293
Philippines_Flood_in_Philippines_2013-08,2013-08-13,16.319,121.142,5.6,26.1,22.3,97,15.9,16.0,2.46,442.0,11.62,1,8,2013,2,2,3,0,0,1.8870696490323797,2.5352828571130672,6.093569770045136,5.4319999999999995,0.35,3.8000000000000007,0.4696
Philippines_Flood_in_Philippines_2013-08,2013-08-14,16.319,121.142,1.5,27.6,22.0,96,16.0,7.0,3.4,442.0,7.47,1,8,2013,1,2,3,0,0,0.9162907318741551,2.136530508663963,6.093569770045136,1.44,0.21428571428571427,5.600000000000001,0.3871
Philippines_Flood_in_Philippines_2013-08,2013-08-15,16.319,121.142,2.5,29.4,22.6,94,9.0,3.0,3.8,442.0,4.85,1,8,2013,1,2,3,0,0,1.252762968495368,1.766441661243765,6.093569770045136,2.35,0.8333333333333334,6.799999999999997,0.3504
Philippines_Flood_in_Philippines_2013-08,2013-08-16,16.319,121.142,0.0,27.5,21.7,96,16.6,0.0,3.31,442.0,3.22,1,8,2013,0,2,3,0,0,0.0,1.4398351280479207,6.093569770045136,0.0,0.0,5.800000000000001,0.3269
Philippines_Flood_in_Philippines_2013-08,2013-08-17,16.319,121.142,1.9,26.1,22.5,95,15.8,10.0,2.73,442.0,2.11,1,8,2013,1,2,3,0,0,1.0647107369924282,1.1346227261911428,6.093569770045136,1.805,0.19,3.6000000000000014,0.4103
Sudan_Flood_in_Sudan_2013-08,2013-08-01,13.688,28.989,3.5,28.2,22.2,90,31.1,5.0,3.66,583.0,0.0,1,8,2013,1,2,3,0,0,1.5040773967762742,0.0,6.369900982828227,3.15,0.7,6.0,0.3547
Sudan_Flood_in_Sudan_2013-08,2013-08-02,13.688,28.989,6.7,30.2,22.2,87,29.4,4.0,4.32,583.0,0.0,1,8,2013,2,2,3,0,0,2.0412203288596382,0.0,6.369900982828227,5.829,1.675,8.0,0.3435
Sudan_Flood_in_Sudan_2013-08,2013-08-03,13.688,28.989,13.8,27.6,21.5,95,25.7,15.0,3.15,583.0,0.0,1,8,2013,2,2,3,0,0,2.6946271807700692,0.0,6.369900982828227,13.11,0.92,6.100000000000001,0.4626
Sudan_Flood_in_Sudan_2013-08,2013-08-04,13.688,28.989,16.8,27.9,21.5,93,25.5,12.0,3.97,583.0,0.0,1,8,2013,2,2,3,0,0,2.8791984572980396,0.0,6.369900982828227,15.624,1.4000000000000001,6.399999999999999,0.4368
Sudan_Flood_in_Sudan_2013-08,2013-08-05,13.688,28.989,0.2,30.1,21.5,92,21.0,1.0,4.86,583.0,0.0,1,8,2013,1,2,3,0,0,0.18232155679395465,0.0,6.369900982828227,0.18400000000000002,0.2,8.600000000000001,0.3218
Pakistan_Flood_in_Pakistan_2013-08,2013-08-01,32.814,70.637,21.8,32.9,26.2,94,8.8,11.0,3.12,295.0,23.32,1,8,2013,2,2,3,0,0,3.126760535960395,3.1912990570979662,5.69035945432406,20.492000000000004,1.981818181818182,6.699999999999999,0.4463
Pakistan_Flood_in_Pakistan_2013-08,2013-08-02,32.814,70.637,42.4,29.8,25.3,96,12.3,23.0,2.04,295.0,64.16,1,8,2013,3,2,3,0,0,3.770459441106359,4.176845783733844,5.69035945432406,40.70399999999999,1.8434782608695652,4.5,0.5771
Pakistan_Flood_in_Pakistan_2013-08,2013-08-03,32.814,70.637,12.9,29.3,25.0,96,11.2,13.0,2.68,295.0,538.51,1,8,2013,2,2,3,0,0,2.631888840136646,6.290661320207592,5.69035945432406,12.384,0.9923076923076923,4.300000000000001,0.458
Pakistan_Flood_in_Pakistan_2013-08,2013-08-04,32.814,70.637,0.0,32.8,25.5,85,6.1,0.0,4.98,295.0,348.14,1,8,2013,0,2,3,0,0,0.0,5.855472987896634,5.69035945432406,0.0,0.0,7.299999999999997,0.3074
Pakistan_Flood_in_Pakistan_2013-08,2013-08-05,32.814,70.637,0.0,34.4,26.7,87,7.0,0.0,4.98,295.0,157.85,1,8,2013,0,2,3,0,0,0.0,5.067960360715525,5.69035945432406,0.0,0.0,7.699999999999999,0.3113
India_Flood_in_India_2013-06,2013-06-23,27.387,94.918,5.8,31.7,26.9,95,8.9,9.0,3.75,100.0,216.77,1,6,2013,2,2,3,0,0,1.916922612182061,5.383439459964859,4.61512051684126,5.51,0.6444444444444444,4.800000000000001,0.4184
India_Flood_in_India_2013-06,2013-06-24,27.387,94.918,32.3,30.4,26.8,95,5.9,17.0,2.35,100.0,247.89,1,6,2013,3,2,3,0,0,3.505557396986398,5.517011031788615,4.61512051684126,30.684999999999995,1.9,3.599999999999998,0.5188
India_Flood_in_India_2013-06,2013-06-25,27.387,94.918,41.1,28.5,25.7,98,6.6,23.0,2.1,100.0,332.43,1,6,2013,3,2,3,0,0,3.7400477406883357,5.809432948272155,4.61512051684126,40.278,1.7869565217391306,2.8000000000000007,0.5871
India_Flood_in_India_2013-06,2013-06-26,27.387,94.918,11.5,28.9,25.0,98,9.8,24.0,1.5,100.0,410.15,1,6,2013,2,2,3,0,0,2.5257286443082556,6.018958111416905,4.61512051684126,11.27,0.4791666666666667,3.8999999999999986,0.5582
India_Flood_in_India_2013-06,2013-06-27,27.387,94.918,33.8,29.1,24.8,98,8.7,24.0,1.41,100.0,480.95,1,6,2013,3,2,3,0,0,3.5496173867804286,6.1778403742299774,4.61512051684126,33.123999999999995,1.4083333333333332,4.300000000000001,0.5867
China_Flood_in_China_2013-07,2013-07-05,30.456,104.022,1.1,32.6,22.4,93,12.9,2.0,5.23,463.0,58.84,1,7,2013,1,2,3,0,0,0.7419373447293773,4.091674333666222,6.139884552226255,1.0230000000000001,0.55,10.200000000000003,0.3375
China_Flood_in_China_2013-07,2013-07-06,30.456,104.022,0.0,32.5,22.1,98,8.4,0.0,5.34,463.0,37.9,1,7,2013,0,2,3,0,0,0.0,3.6609942506244004,6.139884552226255,0.0,0.0,10.399999999999999,0.3309
China_Flood_in_China_2013-07,2013-07-07,30.456,104.022,0.9,32.0,24.4,97,8.4,7.0,4.41,463.0,29.9,1,7,2013,1,2,3,0,0,0.6418538861723948,3.4307561839036995,6.139884552226255,0.873,0.1285714285714286,7.600000000000001,0.3881
China_Flood_in_China_2013-07,2013-07-08,30.456,104.022,15.0,30.1,24.8,97,16.0,21.0,2.97,463.0,69.96,1,7,2013,2,2,3,0,0,2.772588722239781,4.262116338001324,6.139884552226255,14.55,0.7142857142857143,5.300000000000001,0.5227
China_Flood_in_China_2013-07,2013-07-09,30.456,104.022,31.1,26.3,23.6,96,25.8,24.0,1.17,463.0,205.06,1,7,2013,3,2,3,0,0,3.4688560301359703,5.328167388516922,6.139884552226255,29.856000000000005,1.2958333333333334,2.6999999999999993,0.5663
China_Flood_in_China_2013-07,2013-07-13,25.863,118.14,95.4,27.5,22.0,100,18.5,15.0,1.53,411.0,17.28,1,7,2013,4,2,3,0,0,4.5685062016165,2.905807566026004,6.021023349349527,95.4,6.36,5.5,0.583
China_Flood_in_China_2013-07,2013-07-14,25.863,118.14,73.0,26.4,22.3,100,30.2,18.0,1.61,411.0,7.15,1,7,2013,3,2,3,0,0,4.30406509320417,2.0980179272527715,6.021023349349527,73.0,4.055555555555555,4.099999999999998,0.5796
China_Flood_in_China_2013-07,2013-07-15,25.863,118.14,2.7,29.0,23.4,94,12.4,8.0,3.0,411.0,3.61,1,7,2013,1,2,3,0,0,1.308332819650179,1.528227857008557,6.021023349349527,2.5380000000000003,0.3375,5.600000000000001,0.3933
India_Flood_in_India_2013-06,2013-06-12,32.713,76.613,32.3,5.0,1.3,93,3.5,16.0,1.27,4378.0,37.64,1,6,2013,3,2,3,0,0,3.505557396986398,3.654288009344317,8.384575666801398,30.038999999999998,2.01875,3.7,0.37
India_Flood_in_India_2013-06,2013-06-13,32.713,76.613,11.5,6.9,1.5,99,2.7,19.0,2.95,4378.0,41.76,1,6,2013,2,2,3,0,0,2.5257286443082556,3.7556030861568446,8.384575666801398,11.385,0.6052631578947368,5.4,0.3825
India_Flood_in_India_2013-06,2013-06-14,32.713,76.613,5.0,6.7,0.4,100,3.1,14.0,2.77,4378.0,43.67,1,6,2013,1,2,3,0,0,1.791759469228055,3.7993021353640275,8.384575666801398,5.0,0.35714285714285715,6.3,0.3349
India_Flood_in_India_2013-06,2013-06-15,32.713,76.613,52.1,1.8,-2.9,100,3.4,20.0,1.05,4378.0,107.14,1,6,2013,3,2,3,0,0,3.9721769282478934,4.683426683953859,8.384575666801398,52.1,2.605,4.7,0.4448
India_Flood_in_India_2013-06,2013-06-16,32.713,76.613,21.3,4.7,-0.9,100,3.1,21.0,2.86,4378.0,138.64,1,6,2013,2,2,3,0,0,3.104586678466073,4.939067682236836,8.384575666801398,21.3,1.0142857142857142,5.6000000000000005,0.4142
Canada_Flood_in_Canada_2013-06,2013-06-20,51.243,-109.647,13.9,20.0,13.3,93,34.9,17.0,2.89,686.0,0.08,1,6,2013,2,2,3,0,0,2.7013612129514133,0.07696104113612832,6.532334292222349,12.927,0.8176470588235294,6.699999999999999,0.4715
Canada_Flood_in_Canada_2013-06,2013-06-21,51.243,-109.647,0.0,18.3,8.9,95,16.5,0.0,3.88,686.0,0.12,1,6,2013,0,2,3,0,0,0.0,0.11332868530700317,6.532334292222349,0.0,0.0,9.4,0.3168
Canada_Flood_in_Canada_2013-06,2013-06-22,51.243,-109.647,1.5,18.4,9.2,95,14.5,4.0,3.65,686.0,0.11,1,6,2013,1,2,3,0,0,0.9162907318741551,0.10436001532424277,6.532334292222349,1.425,0.375,9.2,0.3521
Canada_Flood_in_Canada_2013-06,2013-06-23,51.243,-109.647,1.0,19.3,9.4,97,17.1,5.0,4.17,686.0,0.11,1,6,2013,1,2,3,0,0,0.6931471805599453,0.10436001532424277,6.532334292222349,0.97,0.2,9.9,0.3644
Canada_Flood_in_Canada_2013-06,2013-06-24,51.243,-109.647,0.0,22.6,10.1,95,17.8,0.0,4.77,686.0,0.09,1,6,2013,0,2,3,0,0,0.0,0.08617769624105233,6.532334292222349,0.0,0.0,12.500000000000002,0.3168
Bangladesh_Flood_in_Bangladesh_2013-05,2013-05-14,23.638,91.194,2.8,31.3,25.2,95,11.6,9.0,3.42,29.0,21.44,1,5,2013,1,1,3,1,0,1.33500106673234,3.110845080654496,3.4011973816621555,2.66,0.3111111111111111,6.100000000000001,0.4162
Bangladesh_Flood_in_Bangladesh_2013-05,2013-05-15,23.638,91.194,2.4,27.8,24.9,96,9.4,5.0,1.54,29.0,21.96,1,5,2013,1,1,3,1,0,1.2237754316221157,3.133753571451366,3.4011973816621555,2.304,0.48,2.900000000000002,0.3847
Bangladesh_Flood_in_Bangladesh_2013-05,2013-05-16,23.638,91.194,100.2,24.9,21.3,96,29.3,22.0,0.7,29.0,29.41,1,5,2013,4,1,3,1,0,4.617098756853365,3.4147715016892732,3.4011973816621555,96.19200000000001,4.554545454545455,3.599999999999998,0.6504
Sri Lanka_Flood_in_Sri_Lanka_2013-05,2013-05-13,7.135,80.532,7.2,24.4,21.6,98,14.0,10.0,2.65,726.0,50.52,1,5,2013,2,1,3,0,0,2.1041341542702074,3.9419700817960983,6.588926477533519,7.056,0.72,2.799999999999997,0.4151
Sri Lanka_Flood_in_Sri_Lanka_2013-05,2013-05-14,7.135,80.532,2.2,25.7,21.5,98,16.5,9.0,3.06,726.0,50.29,1,5,2013,1,1,3,0,0,1.1631508098056809,3.937495801401177,6.588926477533519,2.156,0.24444444444444446,4.199999999999999,0.4004
Sri Lanka_Flood_in_Sri_Lanka_2013-05,2013-05-15,7.135,80.532,0.0,25.8,21.3,96,17.1,0.0,3.67,726.0,47.87,1,5,2013,0,1,3,0,0,0.0,3.8891637112820634,6.588926477533519,0.0,0.0,4.5,0.318
Sri Lanka_Flood_in_Sri_Lanka_2013-05,2013-05-16,7.135,80.532,0.5,26.4,21.3,96,16.9,3.0,4.16,726.0,44.71,1,5,2013,1,1,3,0,0,0.4054651081081644,3.822317092343653,6.588926477533519,0.48,0.16666666666666666,5.099999999999998,0.3437
Mozambique_Flood_in_Mozambique_2013-01,2013-01-17,-24.801,32.677,2.4,31.0,23.1,97,15.2,1.0,5.3,56.0,0.02,1,1,2013,1,0,3,1,0,1.2237754316221157,0.019802627296179712,4.04305126783455,2.328,2.4,7.899999999999999,0.3527
Mozambique_Flood_in_Mozambique_2013-01,2013-01-18,-24.801,32.677,0.7,31.8,23.7,98,10.2,4.0,5.6,56.0,0.02,1,1,2013,1,0,3,1,0,0.5306282510621704,0.019802627296179712,4.04305126783455,0.6859999999999999,0.175,8.100000000000001,0.3779
Mozambique_Flood_in_Mozambique_2013-01,2013-01-19,-24.801,32.677,5.0,28.8,24.2,94,17.8,8.0,2.89,56.0,0.02,1,1,2013,1,0,3,1,0,1.791759469228055,0.019802627296179712,4.04305126783455,4.7,0.625,4.600000000000001,0.4074
Mozambique_Flood_in_Mozambique_2013-01,2013-01-20,-24.801,32.677,23.3,25.4,23.4,96,23.4,23.0,1.34,56.0,0.02,1,1,2013,2,0,3,1,0,3.190476350346503,0.019802627296179712,4.04305126783455,22.368000000000002,1.0130434782608695,2.0,0.5602
Mozambique_Flood_in_Mozambique_2013-01,2013-01-21,-24.801,32.677,77.0,24.4,23.2,95,30.5,21.0,1.24,56.0,0.02,1,1,2013,4,0,3,1,0,4.356708826689592,0.019802627296179712,4.04305126783455,73.15,3.6666666666666665,1.1999999999999993,0.6094
Sierra Leone_Flood_in_Sierra_Leon_2017-08,2017-08-14,8.434,-13.224,24.8,26.5,21.2,99,10.7,20.0,2.87,324.0,39.64,1,8,2017,2,2,3,0,0,3.250374491927572,3.7047528032702264,5.783825182329737,24.552000000000003,1.24,5.300000000000001,0.5357
Sierra Leone_Flood_in_Sierra_Leon_2017-08,2017-08-15,8.434,-13.224,11.5,24.6,22.2,97,13.0,16.0,2.02,324.0,28.17,1,8,2017,2,2,3,0,0,2.5257286443082556,3.37314078387963,5.783825182329737,11.155,0.71875,2.400000000000002,0.4809
Bangladesh_Flood_in_Bangladesh_2017-06,2017-06-12,22.283,92.089,236.6,27.1,25.6,97,43.3,24.0,1.1,85.0,0.66,1,6,2017,5,2,3,1,0,5.47058858748849,0.5068176023684519,4.454347296253507,229.502,9.858333333333333,1.5,0.8404
Bangladesh_Flood_in_Bangladesh_2017-06,2017-06-13,22.283,92.089,87.6,28.5,24.8,100,29.1,23.0,1.42,85.0,0.72,1,6,2017,4,2,3,1,0,4.484131857611035,0.5423242908253617,4.454347296253507,87.6,3.808695652173913,3.6999999999999993,0.6501
Bangladesh_Flood_in_Bangladesh_2017-06,2017-06-14,22.283,92.089,10.6,27.7,24.3,99,14.8,19.0,1.52,85.0,0.78,1,6,2017,2,2,3,1,0,2.451005098112319,0.5766133643039938,4.454347296253507,10.493999999999998,0.5578947368421052,3.3999999999999986,0.5168
Sri Lanka_Flood_in_Sri_Lanka_2017-05,2017-05-25,6.59,80.614,3.6,28.2,23.8,100,25.3,18.0,2.32,150.0,0.87,1,5,2017,1,1,3,0,0,1.5260563034950492,0.6259384308664953,5.017279836814924,3.6,0.2,4.399999999999999,0.4998
Sri Lanka_Flood_in_Sri_Lanka_2017-05,2017-05-26,6.59,80.614,5.8,26.6,23.4,100,23.6,21.0,1.38,150.0,0.94,1,5,2017,2,1,3,0,0,1.916922612182061,0.6626879730752367,5.017279836814924,5.8,0.2761904761904762,3.200000000000003,0.5276
Sri Lanka_Flood_in_Sri_Lanka_2017-05,2017-05-27,6.59,80.614,3.9,28.9,23.8,100,30.1,20.0,3.43,150.0,0.94,1,5,2017,1,1,3,0,0,1.589235205116581,0.6626879730752367,5.017279836814924,3.9,0.195,5.099999999999998,0.5169
Sri Lanka_Flood_in_Sri_Lanka_2017-05,2017-05-28,6.59,80.614,8.3,29.4,24.4,98,29.8,21.0,3.84,150.0,0.94,1,5,2017,2,1,3,0,0,2.2300144001592104,0.6626879730752367,5.017279836814924,8.134,0.3952380952380953,5.0,0.5262
Colombia_Flood_in_Colombia_2017-04,2017-04-01,1.138,-76.643,30.6,26.4,19.6,100,5.5,14.0,2.55,573.0,517.8,1,4,2017,3,1,3,0,0,3.4531571205928664,6.251518452442289,6.352629396319567,30.6,2.185714285714286,6.799999999999997,0.4891
Colombia_Flood_in_Colombia_2017-04,2017-04-02,1.138,-76.643,0.7,27.5,18.6,95,6.4,3.0,3.64,573.0,443.63,1,4,2017,1,1,3,0,0,0.5306282510621704,6.097242475636933,6.352629396319567,0.665,0.2333333333333333,8.899999999999999,0.3478
Peru_Flood_in_Peru_2017-03,2017-03-03,-11.904,-75.423,9.1,10.0,6.0,91,8.4,15.0,1.66,3752.0,1.65,1,3,2017,2,1,3,0,0,2.312535423847214,0.9745596399981308,8.23031079913502,8.281,0.6066666666666667,4.0,0.3473
Peru_Flood_in_Peru_2017-03,2017-03-04,-11.904,-75.423,5.9,14.8,6.2,96,8.0,10.0,3.62,3752.0,1.69,1,3,2017,2,1,3,0,0,1.9315214116032138,0.9895411936137477,8.23031079913502,5.664000000000001,0.5900000000000001,8.600000000000001,0.3131
Peru_Flood_in_Peru_2017-03,2017-03-05,-11.904,-75.423,1.9,15.4,5.5,98,10.4,4.0,3.87,3752.0,1.69,1,3,2017,1,1,3,0,0,1.0647107369924282,0.9895411936137477,8.23031079913502,1.8619999999999999,0.475,9.9,0.2626
Peru_Flood_in_Peru_2017-03,2017-03-06,-11.904,-75.423,0.9,14.3,4.1,95,14.6,7.0,3.66,3752.0,1.65,1,3,2017,1,1,3,0,0,0.6418538861723948,0.9745596399981308,8.23031079913502,0.855,0.1285714285714286,10.200000000000001,0.2795
Peru_Flood_in_Peru_2017-03,2017-03-07,-11.904,-75.423,3.4,14.2,5.7,96,7.6,9.0,3.61,3752.0,1.65,1,3,2017,1,1,3,0,0,1.4816045409242156,0.9745596399981308,8.23031079913502,3.264,0.37777777777777777,8.5,0.3016
Madagascar_Flood_in_Madagascar_2017-03,2017-03-07,-16.91,49.181,178.9,22.1,20.1,100,30.8,24.0,0.44,548.0,21.08,1,3,2017,5,1,3,0,0,5.192401140956488,3.0946722214088944,6.3080984415095305,178.9,7.454166666666667,2.0,0.7596
Madagascar_Flood_in_Madagascar_2017-03,2017-03-08,-16.91,49.181,140.2,22.0,20.7,100,38.0,24.0,0.43,548.0,33.28,1,3,2017,4,1,3,0,0,4.950177325059141,3.534562093729579,6.3080984415095305,140.2,5.841666666666666,1.3000000000000007,0.7106
Madagascar_Flood_in_Madagascar_2017-03,2017-03-09,-16.91,49.181,1.5,29.4,20.2,100,23.0,5.0,3.99,548.0,17.11,1,3,2017,1,1,3,0,0,0.9162907318741551,2.896464271895322,6.3080984415095305,1.5,0.3,9.2,0.3763
Madagascar_Flood_in_Madagascar_2017-03,2017-03-10,-16.91,49.181,0.6,31.4,21.4,86,19.2,2.0,5.82,548.0,8.91,1,3,2017,1,1,3,0,0,0.4700036292457356,2.2935443483418965,6.3080984415095305,0.516,0.3,10.0,0.318
Madagascar_Flood_in_Madagascar_2017-03,2017-03-11,-16.91,49.181,3.2,29.5,21.0,98,15.6,8.0,4.36,548.0,5.07,1,3,2017,1,1,3,0,0,1.4350845252893227,1.803358605071407,6.3080984415095305,3.136,0.4,8.5,0.3988
Philippines_Flood_in_Philippines_2017-01,2017-01-16,7.871,122.727,27.4,26.5,22.8,100,25.7,17.0,1.56,136.0,6.94,1,1,2017,3,0,3,0,0,3.3463891451671604,2.0719132752590443,4.919980925828125,27.4,1.6117647058823528,3.6999999999999993,0.5221
Philippines_Flood_in_Philippines_2017-01,2017-01-17,7.871,122.727,4.8,28.1,22.7,97,12.5,15.0,2.39,136.0,8.06,1,1,2017,1,0,3,0,0,1.7578579175523736,2.203869120054888,4.919980925828125,4.656,0.32,5.400000000000002,0.4699
Philippines_Flood_in_Philippines_2017-01,2017-01-18,7.871,122.727,6.4,27.6,22.7,97,22.1,14.0,2.82,136.0,7.99,1,1,2017,2,0,3,0,0,2.0014800002101243,2.196112848483529,4.919980925828125,6.208000000000001,0.4571428571428572,4.900000000000002,0.4636
Philippines_Flood_in_Philippines_2017-01,2017-01-19,7.871,122.727,9.5,26.9,23.0,99,19.8,21.0,1.68,136.0,7.87,1,1,2017,2,0,3,0,0,2.3513752571634776,2.1826747963214883,4.919980925828125,9.405,0.4523809523809524,3.8999999999999986,0.5305
Philippines_Flood_in_Philippines_2017-01,2017-01-20,7.871,122.727,4.5,27.3,22.5,98,15.9,6.0,2.73,136.0,8.46,1,1,2017,1,0,3,0,0,1.7047480922384253,2.247072383063787,4.919980925828125,4.41,0.75,4.800000000000001,0.3968
Thailand_Flood_in_Thailand_2016-12,2016-12-31,7.305,100.061,8.4,26.5,23.5,96,20.3,22.0,1.99,68.0,0.73,1,12,2016,2,0,3,1,0,2.2407096892759584,0.5481214085096876,4.23410650459726,8.064,0.38181818181818183,3.0,0.5326
Thailand_Flood_in_Thailand_2016-12,2017-01-01,7.305,100.061,34.8,25.9,23.4,98,13.2,24.0,1.71,68.0,1.75,1,1,2017,3,0,3,1,0,3.5779478934066544,1.0116009116784799,4.23410650459726,34.104,1.45,2.5,0.5874
Thailand_Flood_in_Thailand_2016-12,2017-01-02,7.305,100.061,43.6,26.6,23.2,99,14.5,24.0,2.2,68.0,2.27,1,1,2017,3,0,3,1,0,3.7977338590260183,1.184789984909162,4.23410650459726,43.16400000000001,1.8166666666666667,3.400000000000002,0.6008
Thailand_Flood_in_Thailand_2016-12,2017-01-03,7.305,100.061,29.8,25.8,23.2,99,9.2,24.0,1.33,68.0,3.36,1,1,2017,3,0,3,1,0,3.427514689979529,1.4724720573609429,4.23410650459726,29.502000000000002,1.2416666666666667,2.6000000000000014,0.5833
Thailand_Flood_in_Thailand_2016-12,2017-01-04,7.305,100.061,50.8,27.0,23.0,100,11.6,24.0,1.84,68.0,4.6,1,1,2017,3,0,3,1,0,3.9473901492654373,1.7227665977411035,4.23410650459726,50.8,2.1166666666666667,4.0,0.6123
Vietnam_Flood_in_Vietnam_2016-10,2016-10-09,16.004,107.68,1.3,24.5,17.9,98,9.7,7.0,3.57,1028.0,0.91,1,10,2016,1,3,3,0,0,0.832909122935104,0.6471032420585384,6.9363427358340495,1.274,0.18571428571428572,6.600000000000001,0.3729
Vietnam_Flood_in_Vietnam_2016-10,2016-10-10,16.004,107.68,3.4,24.4,17.8,99,7.2,11.0,3.53,1028.0,0.68,1,10,2016,1,3,3,0,0,1.4816045409242156,0.5187937934151675,6.9363427358340495,3.3659999999999997,0.3090909090909091,6.599999999999998,0.4112
Vietnam_Flood_in_Vietnam_2016-10,2016-10-11,16.004,107.68,37.2,22.0,19.0,99,7.0,15.0,1.74,1028.0,2.61,1,10,2016,3,3,3,0,0,3.6428355156125294,1.2837077723447896,6.9363427358340495,36.828,2.48,3.0,0.4874
Vietnam_Flood_in_Vietnam_2016-10,2016-10-12,16.004,107.68,9.0,23.4,18.7,98,8.7,24.0,2.39,1028.0,8.14,1,10,2016,2,3,3,0,0,2.302585092994046,2.2126603854660587,6.9363427358340495,8.82,0.375,4.699999999999999,0.5244
Vietnam_Flood_in_Vietnam_2016-10,2016-10-13,16.004,107.68,22.6,20.5,18.9,98,11.4,20.0,0.88,1028.0,3.86,1,10,2016,2,3,3,0,0,3.1612467120315646,1.5810384379124023,6.9363427358340495,22.148000000000003,1.1300000000000001,1.6000000000000014,0.5083
USA_Flood_in_USA_2016-10,2016-10-05,33.032,-80.895,0.0,27.2,18.6,80,23.8,0.0,3.58,38.0,0.18,1,10,2016,0,3,2,1,0,0.0,0.16551443847757338,3.6635616461296463,0.0,0.0,8.599999999999998,0.3028
USA_Flood_in_USA_2016-10,2016-10-06,33.032,-80.895,0.0,25.1,19.1,81,24.8,0.0,3.03,38.0,0.15,1,10,2016,0,3,3,1,0,0.0,0.1397619423751587,3.6635616461296463,0.0,0.0,6.0,0.3051
USA_Flood_in_USA_2016-10,2016-10-07,33.032,-80.895,38.0,23.8,20.8,100,39.3,15.0,0.78,38.0,0.14,1,10,2016,3,3,3,1,0,3.6635616461296463,0.13102826240640408,3.6635616461296463,38.0,2.533333333333333,3.0,0.522
USA_Flood_in_USA_2016-10,2016-10-08,33.032,-80.895,107.7,22.7,21.2,100,45.3,18.0,0.92,38.0,17.79,1,10,2016,4,3,3,1,0,4.688591794127164,2.933324813425374,3.6635616461296463,107.7,5.983333333333333,1.5,0.6354
USA_Flood_in_USA_2016-10,2016-10-09,33.032,-80.895,0.0,23.3,17.3,72,19.0,0.0,4.82,38.0,15.14,1,10,2016,0,3,2,1,0,0.0,2.7813006628418027,3.6635616461296463,0.0,0.0,6.0,0.2845
Thailand_Flood_in_Thailand_2016-10,2016-10-06,14.867,100.395,13.2,29.7,24.4,97,6.4,17.0,2.41,10.0,3818.44,1,10,2016,2,3,3,1,1,2.653241964607215,8.247859093995613,2.3978952727983707,12.803999999999998,0.776470588235294,5.300000000000001,0.5139
Thailand_Flood_in_Thailand_2016-10,2016-10-07,14.867,100.395,9.8,28.4,24.4,98,7.4,19.0,2.26,10.0,3916.42,1,10,2016,2,3,3,1,1,2.379546134130174,8.273188552834679,2.3978952727983707,9.604000000000001,0.5157894736842106,4.0,0.5289
Thailand_Flood_in_Thailand_2016-10,2016-10-08,14.867,100.395,11.1,31.1,24.4,99,5.1,19.0,3.11,10.0,3989.25,1,10,2016,2,3,3,1,1,2.4932054526026954,8.291609164562669,2.3978952727983707,10.988999999999999,0.5842105263157894,6.700000000000003,0.5331
Thailand_Flood_in_Thailand_2016-10,2016-10-09,14.867,100.395,4.9,31.5,24.6,98,6.6,7.0,3.78,10.0,3961.78,1,10,2016,1,3,3,1,1,1.7749523509116738,8.284701078149629,2.3978952727983707,4.8020000000000005,0.7000000000000001,6.899999999999999,0.4228
Thailand_Flood_in_Thailand_2016-10,2016-10-10,14.867,100.395,1.9,31.9,24.0,98,7.1,5.0,4.05,10.0,3853.78,1,10,2016,1,3,3,1,1,1.0647107369924282,8.257069215627054,2.3978952727983707,1.8619999999999999,0.38,7.899999999999999,0.402
India_Flood_in_India_2016-07,2016-07-15,25.61,85.19,18.5,32.0,26.6,97,7.6,16.0,3.41,58.0,19097.54,1,7,2016,2,2,3,1,1,2.970414465569701,9.857367171322476,4.07753744390572,17.945,1.15625,5.399999999999999,0.5616
India_Flood_in_India_2016-07,2016-07-16,25.61,85.19,7.9,30.8,26.3,96,16.6,18.0,2.14,58.0,19677.87,1,7,2016,2,2,3,1,1,2.186051276738094,9.887300750258541,4.07753744390572,7.5840000000000005,0.4388888888888889,4.5,0.5645
India_Flood_in_India_2016-07,2016-07-17,25.61,85.19,21.1,28.1,26.0,95,15.8,18.0,1.55,58.0,21133.88,1,7,2016,2,2,3,1,1,3.095577608523707,9.958680035199109,4.07753744390572,20.045,1.1722222222222223,2.1000000000000014,0.5837
India_Flood_in_India_2016-07,2016-07-18,25.61,85.19,11.2,29.6,26.2,95,16.4,13.0,2.12,58.0,22907.68,1,7,2016,2,2,3,1,1,2.501435951739211,10.039271157026393,4.07753744390572,10.64,0.8615384615384615,3.400000000000002,0.5354
India_Flood_in_India_2016-07,2016-07-19,25.61,85.19,4.2,30.0,25.9,93,22.0,16.0,2.55,58.0,25175.77,1,7,2016,1,2,3,1,1,1.6486586255873816,10.133677022960367,4.07753744390572,3.906,0.2625,4.100000000000001,0.5545
Japan_Flood_in_Japan_2016-09,2016-09-20,36.207,137.374,72.5,18.9,15.6,99,9.2,23.0,0.67,856.0,20.23,1,9,2016,3,2,3,0,0,4.297285406218791,3.055415275715165,6.75343791859778,71.775,3.152173913043478,3.299999999999999,0.6043
Japan_Flood_in_Japan_2016-09,2016-09-21,36.207,137.374,1.6,20.9,15.0,98,5.6,10.0,1.54,856.0,16.91,1,9,2016,1,2,3,0,0,0.9555114450274363,2.8853592160726205,6.75343791859778,1.568,0.16,5.899999999999999,0.4038
Japan_Flood_in_Japan_2016-09,2016-09-22,36.207,137.374,34.3,21.3,16.0,99,5.7,21.0,1.38,856.0,9.42,1,9,2016,3,2,3,0,0,3.563882963939251,2.343727036325221,6.75343791859778,33.957,1.6333333333333333,5.300000000000001,0.5392
North Korea_Flood_in_North_Korea_2016-09,2016-09-05,41.084,128.813,1.1,20.2,11.7,100,6.9,5.0,2.86,1456.0,9.0,1,9,2016,1,2,3,0,0,0.7419373447293773,2.302585092994046,7.284134806195205,1.1,0.22000000000000003,8.5,0.3471
North Korea_Flood_in_North_Korea_2016-09,2016-09-06,41.084,128.813,0.0,19.4,9.5,99,8.1,0.0,2.97,1456.0,7.09,1,9,2016,0,2,3,0,0,0.0,2.0906287310704004,7.284134806195205,0.0,0.0,9.899999999999999,0.3017
North Korea_Flood_in_North_Korea_2016-09,2016-09-07,41.084,128.813,0.7,16.7,9.2,99,7.7,4.0,1.99,1456.0,5.7,1,9,2016,1,2,3,0,0,0.5306282510621704,1.9021075263969205,7.284134806195205,0.693,0.175,7.5,0.336
North Korea_Flood_in_North_Korea_2016-09,2016-09-08,41.084,128.813,21.6,13.9,10.4,100,6.1,16.0,0.99,1456.0,15.87,1,9,2016,2,2,3,0,0,3.1179499062782403,2.825536896557877,7.284134806195205,21.6,1.35,3.5,0.4648
North Korea_Flood_in_North_Korea_2016-09,2016-09-09,41.084,128.813,11.8,13.4,10.2,100,8.1,19.0,0.97,1456.0,11.59,1,9,2016,2,2,3,0,0,2.5494451709255714,2.532902848056256,7.284134806195205,11.8,0.6210526315789474,3.200000000000001,0.4773
China_Flood_in_China_2016-06,2016-06-28,27.976,114.239,0.0,31.3,23.4,100,9.0,0.0,4.0,369.0,1.33,1,6,2016,0,2,3,0,0,0.0,0.8458682675776092,5.91350300563827,0.0,0.0,7.900000000000002,0.3383
China_Flood_in_China_2016-06,2016-06-29,27.976,114.239,4.9,30.5,24.1,97,8.8,10.0,2.91,369.0,1.12,1,6,2016,1,2,3,0,0,1.7749523509116738,0.7514160886839212,5.91350300563827,4.753,0.49000000000000005,6.399999999999999,0.421
China_Flood_in_China_2016-06,2016-06-30,27.976,114.239,6.3,31.1,23.6,98,10.2,6.0,3.46,369.0,1.11,1,6,2016,2,2,3,0,0,1.9878743481543455,0.7466879474879752,5.91350300563827,6.1739999999999995,1.05,7.5,0.3917
China_Flood_in_China_2016-06,2016-07-01,27.976,114.239,2.8,31.6,24.1,94,9.7,7.0,3.14,369.0,1.16,1,7,2016,1,2,3,0,0,1.33500106673234,0.7701082216960736,5.91350300563827,2.6319999999999997,0.39999999999999997,7.5,0.3864
China_Flood_in_China_2016-06,2016-07-02,27.976,114.239,25.0,26.9,23.7,95,6.8,18.0,1.33,369.0,1.42,1,7,2016,2,2,3,0,0,3.258096538021482,0.883767540168595,5.91350300563827,23.75,1.3888888888888888,3.1999999999999993,0.5086
Pakistan_Flood_in_Pakistan_2016-03,2016-03-12,33.054,71.779,14.5,15.5,13.3,92,15.8,20.0,1.31,311.0,0.0,1,3,2016,2,1,3,0,0,2.740840023925201,0.0,5.7430031878094825,13.34,0.725,2.1999999999999993,0.5068
Pakistan_Flood_in_Pakistan_2016-03,2016-03-13,33.054,71.779,10.4,15.8,12.6,90,15.9,17.0,1.38,311.0,0.02,1,3,2016,2,1,3,0,0,2.4336133554004498,0.019802627296179712,5.7430031878094825,9.36,0.611764705882353,3.200000000000001,0.472
Pakistan_Flood_in_Pakistan_2016-03,2016-03-14,33.054,71.779,0.4,19.3,10.8,94,11.6,1.0,2.76,311.0,0.0,1,3,2016,1,1,3,0,0,0.33647223662121295,0.0,5.7430031878094825,0.376,0.4,8.5,0.3352
Pakistan_Flood_in_Pakistan_2016-03,2016-03-15,33.054,71.779,0.0,21.2,11.3,99,9.9,0.0,3.03,311.0,0.0,1,3,2016,0,1,3,0,0,0.0,0.0,5.7430031878094825,0.0,0.0,9.899999999999999,0.3379
Pakistan_Flood_in_Pakistan_2016-03,2016-03-16,33.054,71.779,8.9,21.7,13.0,89,15.7,7.0,2.64,311.0,0.0,1,3,2016,2,1,3,0,0,2.2925347571405443,0.0,5.7430031878094825,7.921,1.2714285714285716,8.7,0.3845
India_Flood_in_India_2019-06,2019-06-25,16.1998,77.3441,8.7,32.5,24.8,88,11.8,10.0,4.62,398.0,0.16,1,6,2019,2,2,3,0,0,2.272125885509337,0.1484200051182733,5.988961416889864,7.655999999999999,0.8699999999999999,7.699999999999999,0.4042
India_Flood_in_India_2019-06,2019-06-26,16.1998,77.3441,5.3,32.6,24.0,92,17.6,8.0,5.0,398.0,0.12,1,6,2019,2,2,3,0,0,1.840549633397487,0.11332868530700317,5.988961416889864,4.8759999999999994,0.6625,8.600000000000001,0.3924
India_Flood_in_India_2019-06,2019-06-27,16.1998,77.3441,4.2,32.5,24.7,82,21.2,6.0,5.34,398.0,0.09,1,6,2019,1,2,3,0,0,1.6486586255873816,0.08617769624105233,5.988961416889864,3.4440000000000004,0.7000000000000001,7.800000000000001,0.3514
India_Flood_in_India_2019-06,2019-06-28,16.1998,77.3441,5.5,32.0,25.0,83,28.7,10.0,5.3,398.0,0.09,1,6,2019,2,2,3,0,0,1.8718021769015913,0.08617769624105233,5.988961416889864,4.565,0.55,7.0,0.3887
India_Flood_in_India_2019-06,2019-06-29,16.1998,77.3441,5.2,30.1,24.3,92,24.0,15.0,3.13,398.0,0.16,1,6,2019,2,2,3,0,0,1.824549292051046,0.1484200051182733,5.988961416889864,4.784000000000001,0.3466666666666667,5.800000000000001,0.4506
China_Flood_in_China_2019-06,2019-06-05,23.7331,108.823,12.0,28.8,24.9,94,26.3,15.0,3.42,314.0,2166.7,1,6,2019,2,2,3,0,1,2.5649493574615367,7.681421976600878,5.752572638825633,11.28,0.8,3.900000000000002,0.4737
"Iran, Islamic Republic of_Flood_in_Iran,_Islam_2019-03",2019-03-04,28.289,59.648,0.0,19.8,10.3,77,28.1,0.0,4.28,830.0,0.0,1,3,2019,0,1,2,0,0,0.0,0.0,6.7226297948554485,0.0,0.0,9.5,0.2709
"Iran, Islamic Republic of_Flood_in_Iran,_Islam_2019-03",2019-03-05,28.289,59.648,0.0,20.0,10.9,79,36.7,0.0,4.68,830.0,0.0,1,3,2019,0,1,2,0,0,0.0,0.0,6.7226297948554485,0.0,0.0,9.1,0.2755
"Iran, Islamic Republic of_Flood_in_Iran,_Islam_2019-03",2019-03-06,28.289,59.648,0.0,21.2,8.6,53,16.3,0.0,4.75,830.0,0.0,1,3,2019,0,1,1,0,0,0.0,0.0,6.7226297948554485,0.0,0.0,12.6,0.2157
"Iran, Islamic Republic of_Flood_in_Iran,_Islam_2019-03",2019-03-07,28.289,59.648,0.1,20.6,12.5,60,30.2,1.0,5.44,830.0,0.0,1,3,2019,1,1,1,0,0,0.09531017980432487,0.0,6.7226297948554485,0.06,0.1,8.100000000000001,0.2403
"Iran, Islamic Republic of_Flood_in_Iran,_Islam_2019-03",2019-03-08,28.289,59.648,0.0,23.2,9.1,46,31.2,0.0,5.45,830.0,0.0,1,3,2019,0,1,1,0,0,0.0,0.0,6.7226297948554485,0.0,0.0,14.1,0.1996
Mozambique_Flood_in_Mozambique_2019-03,2019-03-09,-15.178,36.432,0.2,28.5,19.1,95,13.3,1.0,4.95,657.0,18.77,1,3,2019,1,1,3,0,0,0.18232155679395465,2.9841656371825254,6.489204931325317,0.19,0.2,9.399999999999999,0.3264
Mozambique_Flood_in_Mozambique_2019-03,2019-03-10,-15.178,36.432,0.0,29.5,17.7,97,16.8,0.0,5.26,657.0,14.7,1,3,2019,0,1,3,0,0,0.0,2.7536607123542622,6.489204931325317,0.0,0.0,11.8,0.3224
Mozambique_Flood_in_Mozambique_2019-03,2019-03-11,-15.178,36.432,0.0,28.3,19.5,96,15.5,0.0,5.0,657.0,12.15,1,3,2019,0,1,3,0,0,0.0,2.5764217586237734,6.489204931325317,0.0,0.0,8.8,0.3201
Mozambique_Flood_in_Mozambique_2019-03,2019-03-12,-15.178,36.432,1.9,27.2,19.7,93,18.3,5.0,4.96,657.0,10.48,1,3,2019,1,1,3,0,0,1.0647107369924282,2.4406063908914204,6.489204931325317,1.767,0.38,7.5,0.3573
Mozambique_Flood_in_Mozambique_2019-03,2019-03-13,-15.178,36.432,0.0,28.0,19.4,96,11.2,0.0,4.22,657.0,9.21,1,3,2019,0,1,3,0,0,0.0,2.3233676321765744,6.489204931325317,0.0,0.0,8.600000000000001,0.3201
Zimbabwe_Flood_in_Zimbabwe_2019-03,2019-03-14,-19.427,32.241,0.5,29.8,19.0,81,26.1,2.0,5.26,764.0,0.0,1,3,2019,1,1,3,0,0,0.4054651081081644,0.0,6.639875833826536,0.405,0.25,10.8,0.2995
Zimbabwe_Flood_in_Zimbabwe_2019-03,2019-03-15,-19.427,32.241,126.0,21.5,20.1,96,51.6,24.0,0.95,764.0,0.0,1,3,2019,4,1,3,0,0,4.844187086458591,0.0,6.639875833826536,120.96,5.25,1.3999999999999986,0.6764
Zimbabwe_Flood_in_Zimbabwe_2019-03,2019-03-16,-19.427,32.241,85.2,22.0,20.0,99,30.8,24.0,0.91,764.0,4.43,1,3,2019,4,1,3,0,0,4.456670177669648,1.691939133945844,6.639875833826536,84.34800000000001,3.5500000000000003,2.0,0.6316
Zimbabwe_Flood_in_Zimbabwe_2019-03,2019-03-17,-19.427,32.241,68.9,24.8,19.5,99,17.5,24.0,1.56,764.0,15.98,1,3,2019,3,1,3,0,0,4.247065649239764,2.8320361808832013,6.639875833826536,68.211,2.8708333333333336,5.300000000000001,0.611
Zimbabwe_Flood_in_Zimbabwe_2019-03,2019-03-18,-19.427,32.241,13.7,26.2,19.6,99,20.0,16.0,2.12,764.0,25.73,1,3,2019,2,1,3,0,0,2.6878474937846906,3.2857865301508276,6.639875833826536,13.562999999999999,0.85625,6.599999999999998,0.4744
Indonesia_Flood_in_Indonesia_2019-03,2019-03-16,-4.845,138.704,21.6,30.6,22.6,100,8.0,9.0,3.24,27.0,233.96,1,3,2019,2,1,3,1,0,3.1179499062782403,5.459415286890365,3.332204510175204,21.6,2.4000000000000004,8.0,0.4523
Indonesia_Flood_in_Indonesia_2019-03,2019-03-17,-4.845,138.704,9.3,29.4,22.6,100,8.4,15.0,2.77,27.0,209.86,1,3,2019,2,1,3,1,0,2.33214389523559,5.351194406148804,3.332204510175204,9.3,0.62,6.799999999999997,0.4866
Indonesia_Flood_in_Indonesia_2019-03,2019-03-18,-4.845,138.704,2.3,29.9,23.0,100,10.2,8.0,2.93,27.0,193.54,1,3,2019,1,1,3,1,0,1.1939224684724346,5.270637797441294,3.332204510175204,2.3,0.2875,6.899999999999999,0.4194
Indonesia_Flood_in_Indonesia_2019-03,2019-03-19,-4.845,138.704,1.2,29.5,23.0,100,12.8,3.0,3.09,27.0,185.21,1,3,2019,1,1,3,1,0,0.7884573603642702,5.226875069093671,3.332204510175204,1.2,0.39999999999999997,6.5,0.3763
Indonesia_Flood_in_Indonesia_2019-03,2019-03-20,-4.845,138.704,1.1,33.0,22.0,100,11.9,2.0,5.21,27.0,170.4,1,3,2019,1,1,3,1,0,0.7419373447293773,5.1440000061636795,3.332204510175204,1.1,0.55,11.0,0.3678
Malawi_Flood_in_Malawi_2019-03,2019-03-04,-15.38,35.122,1.2,27.2,21.3,98,17.9,9.0,3.45,540.0,0.97,1,3,2019,1,1,3,0,0,0.7884573603642702,0.6780335427498971,6.293419278846481,1.176,0.13333333333333333,5.899999999999999,0.4049
Malawi_Flood_in_Malawi_2019-03,2019-03-05,-15.38,35.122,29.0,24.6,21.5,98,20.7,21.0,1.53,540.0,1.47,1,3,2019,3,1,3,0,0,3.4011973816621555,0.9042181506398859,6.293419278846481,28.42,1.380952380952381,3.1000000000000014,0.5401
Malawi_Flood_in_Malawi_2019-03,2019-03-06,-15.38,35.122,135.5,22.5,20.9,99,35.3,24.0,0.68,540.0,74.51,1,3,2019,4,1,3,0,0,4.916324614625014,4.324265097815334,6.293419278846481,134.145,5.645833333333333,1.6000000000000014,0.7027
Malawi_Flood_in_Malawi_2019-03,2019-03-07,-15.38,35.122,114.6,23.0,20.9,98,29.0,24.0,1.25,540.0,57.08,1,3,2019,4,1,3,0,0,4.750135956238277,4.06182137051654,6.293419278846481,112.30799999999999,4.7749999999999995,2.1000000000000014,0.6738
Malawi_Flood_in_Malawi_2019-03,2019-03-08,-15.38,35.122,55.5,23.0,20.2,99,26.7,23.0,1.01,540.0,31.43,1,3,2019,3,1,3,0,0,4.034240638152395,3.4790839203192268,6.293419278846481,54.945,2.4130434782608696,2.8000000000000007,0.5928
Brazil_Flood_in_Brazil_2019-01,2019-01-25,-20.135,-44.173,0.0,31.8,20.4,76,9.7,0.0,5.96,776.0,0.0,1,1,2019,0,0,2,0,0,0.0,0.0,6.655440350367647,0.0,0.0,11.400000000000002,0.2703
Brazil_Flood_in_Brazil_2019-01,2019-01-26,-20.135,-44.173,5.4,28.5,18.5,90,14.6,3.0,4.0,776.0,0.0,1,1,2019,2,0,3,0,0,1.8562979903656263,0.0,6.655440350367647,4.86,1.8,10.0,0.3343
Brazil_Flood_in_Brazil_2019-01,2019-01-27,-20.135,-44.173,0.0,30.4,17.8,96,15.6,0.0,6.04,776.0,0.0,1,1,2019,0,0,3,0,0,0.0,0.0,6.655440350367647,0.0,0.0,12.599999999999998,0.3163
Brazil_Flood_in_Brazil_2019-01,2019-01-28,-20.135,-44.173,0.7,30.7,18.5,89,11.8,3.0,5.44,776.0,0.0,1,1,2019,1,0,3,0,0,0.5306282510621704,0.0,6.655440350367647,0.623,0.2333333333333333,12.2,0.3261
Brazil_Flood_in_Brazil_2019-01,2019-01-29,-20.135,-44.173,0.0,32.8,17.9,95,9.1,0.0,5.95,776.0,0.0,1,1,2019,0,0,3,0,0,0.0,0.0,6.655440350367647,0.0,0.0,14.899999999999999,0.314
India_Flood_in_India_2018-08,2018-08-10,9.919,76.403,25.3,27.0,23.1,98,14.7,23.0,2.27,17.0,140.58,1,8,2018,3,2,3,1,0,3.269568939183719,4.9528649283460435,2.8903717578961645,24.794,1.1,3.8999999999999986,0.5691
India_Flood_in_India_2018-08,2018-08-11,9.919,76.403,15.2,26.0,23.5,98,12.4,24.0,1.35,17.0,138.0,1,8,2018,2,2,3,1,0,2.785011242238338,4.9344739331306915,2.8903717578961645,14.895999999999999,0.6333333333333333,2.5,0.5646
India_Flood_in_India_2018-08,2018-08-12,9.919,76.403,37.9,26.4,22.9,99,17.6,24.0,1.83,17.0,136.72,1,8,2018,3,2,3,1,0,3.6609942506244004,4.925222638470323,2.8903717578961645,37.521,1.5791666666666666,3.5,0.5957
India_Flood_in_India_2018-08,2018-08-13,9.919,76.403,42.6,27.8,22.3,99,15.3,24.0,2.34,17.0,140.91,1,8,2018,3,2,3,1,0,3.775057150354989,4.955193053846446,2.8903717578961645,42.17400000000001,1.7750000000000001,5.5,0.6016
India_Flood_in_India_2018-08,2018-08-14,9.919,76.403,75.9,26.1,22.5,99,22.0,24.0,1.78,17.0,242.78,1,8,2018,4,2,3,1,0,4.3425058765115985,5.496266179227691,2.8903717578961645,75.141,3.1625,3.6000000000000014,0.6442
Nigeria_Flood_in_Nigeria_2018-08,2018-08-31,8.469,8.151,21.4,26.8,22.2,100,6.9,24.0,1.45,95.0,0.19,1,8,2018,2,2,3,1,0,3.109060958860994,0.17395330712343804,4.564348191467836,21.4,0.8916666666666666,4.600000000000001,0.5741
Nigeria_Flood_in_Nigeria_2018-08,2018-09-01,8.469,8.151,3.8,28.8,22.1,100,9.2,15.0,3.38,95.0,0.25,1,9,2018,1,2,3,1,0,1.5686159179138452,0.22314355131420976,4.564348191467836,3.8,0.2533333333333333,6.699999999999999,0.4768
Nigeria_Flood_in_Nigeria_2018-08,2018-09-02,8.469,8.151,17.0,28.5,22.2,100,9.9,17.0,2.27,95.0,0.26,1,9,2018,2,2,3,1,0,2.8903717578961645,0.23111172096338664,4.564348191467836,17.0,1.0,6.300000000000001,0.5102
Nigeria_Flood_in_Nigeria_2018-08,2018-09-03,8.469,8.151,9.7,28.5,21.9,100,9.5,17.0,3.5,95.0,0.3,1,9,2018,2,2,3,1,0,2.3702437414678603,0.262364264467491,4.564348191467836,9.7,0.5705882352941176,6.600000000000001,0.501
Nigeria_Flood_in_Nigeria_2018-08,2018-09-04,8.469,8.151,2.9,30.9,22.5,97,15.8,8.0,4.09,95.0,0.3,1,9,2018,1,2,3,1,0,1.3609765531356006,0.262364264467491,4.564348191467836,2.813,0.3625,8.399999999999999,0.4104
Laos_Flood_in_Laos_2018-07,2018-07-23,14.773,106.495,82.3,23.2,19.5,100,13.2,24.0,1.64,759.0,11.47,1,7,2018,4,2,3,0,0,4.422448549172797,2.523325759691945,6.633318433280377,82.3,3.4291666666666667,3.6999999999999993,0.6304
Laos_Flood_in_Laos_2018-07,2018-07-24,14.773,106.495,43.3,24.0,19.8,100,10.9,24.0,2.19,759.0,11.97,1,7,2018,3,2,3,0,0,3.7909846770510898,2.5626389983283526,6.633318433280377,43.3,1.8041666666666665,4.199999999999999,0.581
Laos_Flood_in_Laos_2018-07,2018-07-25,14.773,106.495,51.1,24.2,19.7,100,10.0,24.0,2.45,759.0,10.94,1,7,2018,3,2,3,0,0,3.9531649487593215,2.479894107964456,6.633318433280377,51.1,2.129166666666667,4.5,0.5909
Laos_Flood_in_Laos_2018-07,2018-07-26,14.773,106.495,16.7,24.8,20.0,100,8.8,19.0,2.43,759.0,7.24,1,7,2018,2,2,3,0,0,2.8735646395797834,2.1090003439213802,6.633318433280377,16.7,0.8789473684210526,4.800000000000001,0.5056
Japan_Flood_in_Japan_2018-07,2018-07-05,34.667,132.488,57.3,22.7,20.0,100,17.1,24.0,0.84,504.0,47.31,1,7,2018,3,2,3,0,0,4.065602093356446,3.8776385785663154,6.22455842927536,57.3,2.3874999999999997,2.6999999999999993,0.6069
Japan_Flood_in_Japan_2018-07,2018-07-06,34.667,132.488,143.0,20.3,18.7,100,10.6,24.0,0.43,504.0,200.37,1,7,2018,4,2,3,0,0,4.969813299576001,5.305144011890314,6.22455842927536,143.0,5.958333333333333,1.6000000000000014,0.7161
Japan_Flood_in_Japan_2018-07,2018-07-07,34.667,132.488,77.7,22.1,17.9,100,30.0,14.0,2.12,504.0,150.36,1,7,2018,4,2,3,0,0,4.365643155423357,5.019661105303568,6.22455842927536,77.7,5.55,4.200000000000003,0.5498
Japan_Flood_in_Japan_2018-07,2018-07-08,34.667,132.488,36.5,23.0,17.8,100,22.1,19.0,1.99,504.0,40.02,1,7,2018,3,2,3,0,0,3.624340932976365,3.7140597526442347,6.22455842927536,36.5,1.9210526315789473,5.199999999999999,0.5388
Japan_Flood_in_Japan_2018-07,2018-07-09,34.667,132.488,0.0,27.8,20.2,98,15.5,0.0,4.71,504.0,12.84,1,7,2018,0,2,3,0,0,0.0,2.6275629501895237,6.22455842927536,0.0,0.0,7.600000000000001,0.3295
India_Flood_in_India_2020-12,2020-12-02,11.1017,79.6525,38.5,24.8,23.0,96,23.4,24.0,1.01,17.0,5.98,1,12,2020,3,0,3,1,0,3.676300671907076,1.9430489167742813,2.8903717578961645,36.96,1.6041666666666667,1.8000000000000007,0.5891
India_Flood_in_India_2020-12,2020-12-03,11.1017,79.6525,71.1,25.5,23.7,96,27.4,24.0,0.89,17.0,10.38,1,12,2020,3,0,3,1,0,4.278054044290903,2.431857428698185,2.8903717578961645,68.256,2.9625,1.8000000000000007,0.6305
India_Flood_in_India_2020-12,2020-12-04,11.1017,79.6525,45.9,25.9,24.0,96,18.7,24.0,0.8,17.0,8.68,1,12,2020,3,0,3,1,0,3.8480176754522337,2.2700619012884857,2.8903717578961645,44.06399999999999,1.9124999999999999,1.8999999999999986,0.5985
India_Flood_in_India_2020-12,2020-12-05,11.1017,79.6525,19.7,26.1,23.8,96,22.0,23.0,1.17,17.0,9.76,1,12,2020,2,0,3,1,0,3.0301337002713233,2.3758355547336385,2.8903717578961645,18.912,0.8565217391304347,2.3000000000000007,0.5569
India_Flood_in_India_2020-12,2020-12-06,11.1017,79.6525,33.0,27.0,23.4,98,14.9,24.0,1.39,17.0,9.05,1,12,2020,3,0,3,1,0,3.5263605246161616,2.307572634505085,2.8903717578961645,32.34,1.375,3.6000000000000014,0.5867
"Costa Rica, Guatemala, Honduras, Jamaica, Mexico, Nicaragua, Panama, Trinidad and Tobago, United States_Flood_in_Costa_Rica,_2020-11",2020-11-03,13.7573,-84.7503,82.9,23.3,21.8,99,30.6,24.0,0.55,290.0,3.13,1,11,2020,4,3,3,0,0,4.429625613473161,1.4182774069729414,5.673323267171493,82.071,3.454166666666667,1.5,0.6437
"Costa Rica, Guatemala, Honduras, Jamaica, Mexico, Nicaragua, Panama, Trinidad and Tobago, United States_Flood_in_Costa_Rica,_2020-11",2020-11-04,13.7573,-84.7503,54.1,23.9,22.4,100,26.5,24.0,1.15,290.0,6.6,1,11,2020,3,3,3,0,0,4.009149716158869,2.028148247292285,5.673323267171493,54.1,2.254166666666667,1.5,0.6095
"Costa Rica, Guatemala, Honduras, Jamaica, Mexico, Nicaragua, Panama, Trinidad and Tobago, United States_Flood_in_Costa_Rica,_2020-11",2020-11-05,13.7573,-84.7503,53.0,26.6,21.8,100,16.3,21.0,2.21,290.0,4.33,1,11,2020,3,3,3,0,0,3.9889840465642745,1.673351238177753,5.673323267171493,53.0,2.5238095238095237,4.800000000000001,0.5831
"Costa Rica, Guatemala, Honduras, Jamaica, Mexico, Nicaragua, Panama, Trinidad and Tobago, United States_Flood_in_Costa_Rica,_2020-11",2020-11-06,13.7573,-84.7503,20.9,26.8,21.6,100,16.9,15.0,2.1,290.0,4.81,1,11,2020,2,3,3,0,0,3.086486636822455,1.7595805708638197,5.673323267171493,20.9,1.3933333333333333,5.199999999999999,0.4924
"Costa Rica, Guatemala, Honduras, Jamaica, Mexico, Nicaragua, Panama, Trinidad and Tobago, United States_Flood_in_Costa_Rica,_2020-11",2020-11-07,13.7573,-84.7503,1.9,28.6,21.3,99,12.3,8.0,3.4,290.0,3.51,1,11,2020,1,3,3,0,0,1.0647107369924282,1.506297153514587,5.673323267171493,1.881,0.2375,7.300000000000001,0.4076
Philippines_Flood_in_Philippines_2020-11,2020-11-11,14.6089,121.0222,44.3,28.2,24.4,96,49.5,14.0,2.05,6.0,367.98,1,11,2020,3,3,3,1,0,3.8133070324889884,5.910742442029619,1.9459101490553132,42.52799999999999,3.164285714285714,3.8000000000000007,0.5147
Philippines_Flood_in_Philippines_2020-11,2020-11-01,13.5355,123.355,124.0,26.7,24.6,96,97.3,21.0,1.38,31.0,8.75,1,11,2020,4,3,3,1,0,4.8283137373023015,2.277267285009756,3.4657359027997265,119.04,5.904761904761905,2.099999999999998,0.6721
Philippines_Flood_in_Philippines_2020-10,2020-10-20,18.2489,121.8801,26.2,26.8,25.2,95,31.2,24.0,1.27,1.0,1.52,1,10,2020,3,3,3,1,0,3.3032169733019514,0.9242589015233319,0.6931471805599453,24.89,1.0916666666666666,1.6000000000000014,0.5717
Nigeria_Flood_in_Nigeria_2020-10,2020-10-06,12.4675,8.865,4.1,34.7,22.4,92,14.7,2.0,5.08,397.0,0.01,1,10,2020,1,3,3,0,0,1.62924053973028,0.009950330853168083,5.986452005284438,3.772,2.05,12.300000000000004,0.3409
South Sudan_Flood_in_South_Sudan_2020-07,2020-07-28,6.2124,31.564,11.9,24.9,22.5,96,9.1,17.0,1.87,425.0,0.0,1,7,2020,2,2,3,0,0,2.5572273113676265,0.0,6.054439346269371,11.424000000000001,0.7000000000000001,2.3999999999999986,0.4841
South Sudan_Flood_in_South_Sudan_2020-07,2020-07-29,6.2124,31.564,2.4,29.9,22.5,97,9.5,7.0,3.56,425.0,0.0,1,7,2020,1,2,3,0,0,1.2237754316221157,0.0,6.054439346269371,2.328,0.34285714285714286,7.399999999999999,0.3911
South Sudan_Flood_in_South_Sudan_2020-07,2020-07-30,6.2124,31.564,0.2,30.8,21.7,97,5.0,2.0,4.58,425.0,0.0,1,7,2020,1,2,3,0,0,0.18232155679395465,0.0,6.054439346269371,0.19400000000000003,0.1,9.100000000000001,0.3466
South Sudan_Flood_in_South_Sudan_2020-07,2020-07-31,6.2124,31.564,1.5,30.5,22.9,92,10.3,6.0,4.12,425.0,0.0,1,7,2020,1,2,3,0,0,0.9162907318741551,0.0,6.054439346269371,1.38,0.25,7.600000000000001,0.3701
South Sudan_Flood_in_South_Sudan_2020-07,2020-08-01,6.2124,31.564,9.7,31.1,22.8,96,7.9,8.0,3.83,425.0,0.0,1,8,2020,2,2,3,0,0,2.3702437414678603,0.0,6.054439346269371,9.312,1.2125,8.3,0.4063
China_Flood_in_China_2020-08,2020-08-11,30.5751,104.0662,118.6,26.7,24.2,96,31.7,22.0,0.74,485.0,88.54,1,8,2020,4,2,3,0,0,4.784152841516532,4.49468545281282,6.186208623900494,113.85599999999998,5.390909090909091,2.5,0.6595
Myanmar_Flood_in_Myanmar_2020-07,2020-07-02,25.6147,96.2977,27.9,27.3,23.7,100,5.2,24.0,2.43,360.0,248.46,1,7,2020,3,2,3,0,0,3.3638415951183864,5.519298581697563,5.8888779583328805,27.9,1.1624999999999999,3.6000000000000014,0.5748
Myanmar_Flood_in_Myanmar_2020-07,2020-07-03,25.6147,96.2977,20.0,29.6,23.6,100,5.9,24.0,2.85,360.0,234.5,1,7,2020,2,2,3,0,0,3.044522437723423,5.461710913456472,5.8888779583328805,20.0,0.8333333333333334,6.0,0.5648
China_Flood_in_China_2020-06,2020-06-21,27.612,111.8403,0.1,33.2,24.8,98,10.3,1.0,4.39,124.0,12.93,1,6,2020,1,2,3,0,0,0.09531017980432487,2.6340447877917144,4.8283137373023015,0.098,0.1,8.400000000000002,0.35
China_Flood_in_China_2020-06,2020-06-22,27.612,111.8403,15.6,32.7,24.3,99,12.6,11.0,3.83,124.0,14.0,1,6,2020,2,2,3,0,0,2.8094026953624978,2.70805020110221,4.8283137373023015,15.443999999999999,1.4181818181818182,8.400000000000002,0.4553
China_Flood_in_China_2020-06,2020-06-23,27.612,111.8403,21.5,26.0,22.6,98,7.8,18.0,1.42,124.0,21.49,1,6,2020,2,2,3,0,0,3.1135153092103742,3.1130707659712242,4.8283137373023015,21.07,1.1944444444444444,3.3999999999999986,0.5188
China_Flood_in_China_2020-06,2020-06-24,27.612,111.8403,30.1,24.8,22.8,99,6.0,21.0,1.31,124.0,50.4,1,6,2020,3,2,3,0,0,3.4372078191851885,3.9396381724611196,4.8283137373023015,29.799,1.4333333333333333,2.0,0.5571
China_Flood_in_China_2020-06,2020-06-25,27.612,111.8403,1.2,30.8,23.2,99,10.9,6.0,4.4,124.0,56.41,1,6,2020,1,2,3,0,0,0.7884573603642702,4.050218504179545,4.8283137373023015,1.188,0.19999999999999998,7.600000000000001,0.3955
Somalia_Flood_in_Somalia_2020-05,2020-05-21,2.0428,45.3386,2.0,29.6,25.5,87,29.1,12.0,4.96,31.0,,1,5,2020,1,1,3,1,0,1.0986122886681098,0.0,3.4657359027997265,1.74,0.16666666666666666,4.100000000000001,0.4217
Somalia_Flood_in_Somalia_2020-05,2020-05-22,2.0428,45.3386,1.0,28.6,24.5,90,28.8,10.0,4.59,31.0,,1,5,2020,1,1,3,1,0,0.6931471805599453,0.0,3.4657359027997265,0.9,0.1,4.100000000000001,0.4106
Somalia_Flood_in_Somalia_2020-05,2020-05-23,2.0428,45.3386,1.9,28.8,24.4,92,31.9,11.0,4.4,31.0,,1,5,2020,1,1,3,1,0,1.0647107369924282,0.0,3.4657359027997265,1.7479999999999998,0.17272727272727273,4.400000000000002,0.4247
Somalia_Flood_in_Somalia_2020-05,2020-05-24,2.0428,45.3386,1.3,29.4,25.2,89,29.7,10.0,4.64,31.0,,1,5,2020,1,1,3,1,0,0.832909122935104,0.0,3.4657359027997265,1.157,0.13,4.199999999999999,0.4087
Somalia_Flood_in_Somalia_2020-05,2020-05-25,2.0428,45.3386,1.4,29.3,25.1,92,25.2,11.0,4.37,31.0,,1,5,2020,1,1,3,1,0,0.8754687373538999,0.0,3.4657359027997265,1.2879999999999998,0.12727272727272726,4.199999999999999,0.4241
Philippines_Flood_in_Philippines_2020-05,2020-05-14,11.4999,125.5005,12.1,28.9,25.7,94,32.6,21.0,1.95,7.0,,1,5,2020,2,1,3,1,0,2.5726122302071057,0.0,2.0794415416798357,11.373999999999999,0.5761904761904761,3.1999999999999993,0.5263
Uganda_Flood_in_Uganda_2020-05,2020-05-01,1.3517,34.5636,26.2,15.5,10.5,100,10.0,23.0,2.16,2682.0,1.88,1,5,2020,3,1,3,0,0,3.3032169733019514,1.0577902941478545,7.894690850425624,26.2,1.1391304347826086,5.0,0.4902
Uganda_Flood_in_Uganda_2020-05,2020-05-02,1.3517,34.5636,24.6,15.6,9.5,100,14.5,11.0,2.22,2682.0,5.5,1,5,2020,2,1,3,0,0,3.242592351485517,1.8718021769015913,7.894690850425624,24.6,2.2363636363636363,6.1,0.3882
Uganda_Flood_in_Uganda_2020-05,2020-05-03,1.3517,34.5636,12.1,16.0,10.8,100,16.0,14.0,2.0,2682.0,3.53,1,5,2020,2,1,3,0,0,2.5726122302071057,1.5107219394949425,7.894690850425624,12.1,0.8642857142857142,5.199999999999999,0.3973
Uganda_Flood_in_Uganda_2020-05,2020-05-04,1.3517,34.5636,3.2,17.1,9.4,93,13.0,7.0,3.24,2682.0,2.97,1,5,2020,1,1,3,0,0,1.4350845252893227,1.3787660946990992,7.894690850425624,2.9760000000000004,0.4571428571428572,7.700000000000001,0.3116
Uganda_Flood_in_Uganda_2020-05,2020-05-05,1.3517,34.5636,3.9,17.2,10.1,95,15.8,8.0,2.99,2682.0,2.78,1,5,2020,1,1,3,0,0,1.589235205116581,1.3297240096314962,7.894690850425624,3.705,0.4875,7.1,0.3254
Kenya_Flood_in_Kenya_2020-04,2020-04-18,2.7656,35.5977,16.8,28.6,22.3,91,16.0,14.0,3.9,746.0,0.0,1,4,2020,2,1,3,0,0,2.8791984572980396,0.0,6.616065185132817,15.288,1.2,6.300000000000001,0.4437
Kenya_Flood_in_Kenya_2020-04,2020-04-19,2.7656,35.5977,7.0,27.1,22.5,90,18.1,7.0,2.76,746.0,0.0,1,4,2020,2,1,3,0,0,2.0794415416798357,0.0,6.616065185132817,6.3,1.0,4.600000000000001,0.3707
Kenya_Flood_in_Kenya_2020-04,2020-04-20,2.7656,35.5977,6.2,27.7,22.5,92,12.7,6.0,3.46,746.0,0.0,1,4,2020,2,1,3,0,0,1.9740810260220096,0.0,6.616065185132817,5.704,1.0333333333333334,5.199999999999999,0.3659
Kenya_Flood_in_Kenya_2020-04,2020-04-21,2.7656,35.5977,0.2,28.2,21.9,94,11.5,2.0,3.9,746.0,0.0,1,4,2020,1,1,3,0,0,0.18232155679395465,0.0,6.616065185132817,0.188,0.1,6.300000000000001,0.3296
Kenya_Flood_in_Kenya_2020-04,2020-04-22,2.7656,35.5977,14.5,26.5,22.2,93,12.8,9.0,2.53,746.0,0.0,1,4,2020,2,1,3,0,0,2.740840023925201,0.0,6.616065185132817,13.485,1.6111111111111112,4.300000000000001,0.4037
Somalia_Flood_in_Somalia_2020-04,2020-04-20,0.515,42.0757,3.8,32.0,24.6,94,15.1,9.0,3.97,20.0,0.0,1,4,2020,1,1,3,1,0,1.5686159179138452,0.0,3.044522437723423,3.572,0.4222222222222222,7.399999999999999,0.4154
Indonesia_Flood_in_Indonesia_2019-12,2019-12-31,-0.5023,117.1229,1.5,31.0,24.0,97,15.6,7.0,4.15,5.0,4284.48,1,12,2019,1,0,3,1,1,0.9162907318741551,8.362987843428035,1.791759469228055,1.455,0.21428571428571427,7.0,0.4174
Indonesia_Flood_in_Indonesia_2019-12,2020-01-01,-0.5023,117.1229,13.4,31.9,23.4,99,15.1,8.0,3.75,5.0,3998.45,1,1,2020,2,0,3,1,1,2.667228206581955,8.293912130648035,1.791759469228055,13.266000000000002,1.675,8.5,0.4445
Indonesia_Flood_in_Indonesia_2019-12,2020-01-02,-0.5023,117.1229,10.0,30.9,24.0,99,8.1,10.0,3.53,5.0,3827.25,1,1,2020,2,0,3,1,1,2.3978952727983707,8.250163058695318,1.791759469228055,9.9,1.0,6.899999999999999,0.4563
Indonesia_Flood_in_Indonesia_2019-12,2020-01-03,-0.5023,117.1229,18.1,27.4,23.5,100,6.9,21.0,2.4,5.0,3907.41,1,1,2020,2,0,3,1,1,2.9496883350525844,8.270885920658666,1.791759469228055,18.1,0.861904761904762,3.8999999999999986,0.5608
Indonesia_Flood_in_Indonesia_2019-12,2020-01-04,-0.5023,117.1229,13.1,31.6,22.8,100,9.9,9.0,3.55,5.0,4274.63,1,1,2020,2,0,3,1,1,2.6461747973841225,8.360686738934254,1.791759469228055,13.1,1.4555555555555555,8.8,0.4557
Philippines_Flood_in_Philippines_2019-12,2019-12-02,17.4136,121.444,5.7,23.4,20.8,95,24.7,21.0,1.16,186.0,1.06,1,12,2019,2,0,3,0,0,1.9021075263969205,0.7227059828014898,5.231108616854587,5.415,0.27142857142857146,2.599999999999998,0.5149
Philippines_Flood_in_Philippines_2019-12,2019-12-03,17.4136,121.444,22.6,22.5,20.1,97,26.7,24.0,1.14,186.0,3.94,1,12,2019,2,0,3,0,0,3.1612467120315646,1.597365331199831,5.231108616854587,21.922000000000004,0.9416666666666668,2.3999999999999986,0.5659
Philippines_Flood_in_Philippines_2019-12,2019-12-04,17.4136,121.444,104.7,22.9,20.9,100,19.9,24.0,0.51,186.0,6.59,1,12,2019,4,0,3,0,0,4.660604892876192,2.0268315914075385,5.231108616854587,104.7,4.3625,2.0,0.6769
Philippines_Flood_in_Philippines_2019-12,2019-12-05,17.4136,121.444,4.5,24.1,21.9,99,15.5,15.0,1.53,186.0,5.82,1,12,2019,1,0,3,0,0,1.7047480922384253,1.9198594718553708,5.231108616854587,4.455,0.3,2.200000000000003,0.4726
Uganda_Flood_in_Uganda_2019-12,2019-12-03,0.9221,33.9506,43.1,24.6,19.0,100,7.8,16.0,2.16,1076.0,59.53,1,12,2019,3,0,3,0,0,3.7864597824528,4.103139109903596,6.981934677156389,43.1,2.69375,5.600000000000001,0.5042
"Bangladesh, India_Flood_in_Bangladesh,_2019-11",2019-11-09,22.701,90.3538,38.3,25.6,23.4,95,21.5,24.0,0.9,5.0,1.25,1,11,2019,3,3,3,1,0,3.6712245188752153,0.8109302162163288,1.791759469228055,36.385,1.5958333333333332,2.200000000000003,0.5869
"Bangladesh, India_Flood_in_Bangladesh,_2019-11",2019-11-10,22.701,90.3538,152.4,25.0,23.0,96,43.7,20.0,0.63,5.0,4.11,1,11,2019,5,3,3,1,0,5.0330488889331555,1.631199404215613,1.791759469228055,146.304,7.62,2.0,0.7006
"Bangladesh, India_Flood_in_Bangladesh,_2019-11",2019-11-11,22.701,90.3538,0.5,28.0,22.8,95,17.4,5.0,2.06,5.0,4.58,1,11,2019,1,3,3,1,0,0.4054651081081644,1.7191887763932197,1.791759469228055,0.475,0.1,5.199999999999999,0.3807
"Bangladesh, India_Flood_in_Bangladesh,_2019-11",2019-11-12,22.701,90.3538,0.0,28.7,20.6,98,10.6,0.0,3.27,5.0,3.21,1,11,2019,0,3,3,1,0,0.0,1.43746264769429,1.791759469228055,0.0,0.0,8.099999999999998,0.3453
Nigeria_Flood_in_Nigeria_2019-10,2019-10-23,12.1943,14.3676,0.0,34.0,24.1,92,10.2,0.0,4.81,289.0,0.07,1,10,2019,0,3,3,0,0,0.0,0.06765864847381481,5.66988092298052,0.0,0.0,9.899999999999999,0.3225
Nigeria_Flood_in_Nigeria_2019-10,2019-10-24,12.1943,14.3676,2.5,33.3,24.6,94,11.3,2.0,4.17,289.0,0.07,1,10,2019,1,3,3,0,0,1.252762968495368,0.06765864847381481,5.66988092298052,2.35,1.25,8.699999999999996,0.3469
Nigeria_Flood_in_Nigeria_2019-10,2019-10-25,12.1943,14.3676,0.0,34.8,23.8,94,12.0,0.0,4.79,289.0,0.07,1,10,2019,0,3,3,0,0,0.0,0.06765864847381481,5.66988092298052,0.0,0.0,10.999999999999996,0.3271
Nigeria_Flood_in_Nigeria_2019-10,2019-10-26,12.1943,14.3676,0.0,34.2,24.2,91,10.9,0.0,4.16,289.0,0.07,1,10,2019,0,3,3,0,0,0.0,0.06765864847381481,5.66988092298052,0.0,0.0,10.000000000000004,0.3202
Nigeria_Flood_in_Nigeria_2019-10,2019-10-27,12.1943,14.3676,0.0,34.3,24.7,85,13.0,0.0,4.0,289.0,0.06,1,10,2019,0,3,3,0,0,0.0,0.05826890812397577,5.66988092298052,0.0,0.0,9.599999999999998,0.3064
South Sudan_Flood_in_South_Sudan_2019-10,2019-10-01,9.9656,33.808,0.0,30.2,21.6,99,7.6,0.0,3.79,460.0,40.88,1,10,2019,0,3,3,0,0,0.0,3.734808386002336,6.133398042996649,0.0,0.0,8.599999999999998,0.3333
South Sudan_Flood_in_South_Sudan_2019-10,2019-10-02,9.9656,33.808,0.1,32.8,22.5,92,11.5,1.0,4.44,460.0,41.85,1,10,2019,1,3,3,0,0,0.09531017980432487,3.7577056450437887,6.133398042996649,0.09200000000000001,0.1,10.299999999999997,0.3257
South Sudan_Flood_in_South_Sudan_2019-10,2019-10-03,9.9656,33.808,0.2,31.0,22.0,97,9.9,2.0,3.62,460.0,42.55,1,10,2019,1,3,3,0,0,0.18232155679395465,3.7739097032985116,6.133398042996649,0.19400000000000003,0.1,9.0,0.3456
South Sudan_Flood_in_South_Sudan_2019-10,2019-10-04,9.9656,33.808,7.1,31.6,22.2,97,18.1,6.0,3.79,460.0,44.71,1,10,2019,2,3,3,0,0,2.0918640616783932,3.822317092343653,6.133398042996649,6.887,1.1833333333333333,9.400000000000002,0.3877
South Sudan_Flood_in_South_Sudan_2019-10,2019-10-05,9.9656,33.808,6.0,29.7,22.8,97,7.9,10.0,3.44,460.0,47.53,1,10,2019,2,3,3,0,0,1.9459101490553132,3.882182163417125,6.133398042996649,5.82,0.6,6.899999999999999,0.4197
Somalia_Flood_in_Somalia_2019-10,2019-10-20,7.9875,49.6873,1.0,30.2,23.1,97,18.0,6.0,4.45,217.0,0.0,1,10,2019,1,3,3,0,0,0.6931471805599453,0.0,5.384495062789089,0.97,0.16666666666666666,7.099999999999998,0.3875
Japan_Flood_in_Japan_2019-10,2019-10-11,35.6762,139.6501,26.6,22.1,16.5,98,22.9,19.0,1.38,37.0,5.49,1,10,2019,3,3,3,1,0,3.3178157727231046,1.8702625307159986,3.6375861597263857,26.068,1.4000000000000001,5.600000000000001,0.5363
Japan_Flood_in_Japan_2019-10,2019-10-12,35.6762,139.6501,150.5,25.1,21.0,98,91.0,24.0,1.15,37.0,12.06,1,10,2019,5,3,3,1,0,5.020585624949423,2.569554123848285,3.6375861597263857,147.49,6.270833333333333,4.100000000000001,0.7351
Japan_Flood_in_Japan_2019-10,2019-10-13,35.6762,139.6501,2.1,27.5,17.8,80,45.4,1.0,4.91,37.0,3.54,1,10,2019,1,3,2,1,0,1.1314021114911006,1.5129270120532565,3.6375861597263857,1.68,2.1,9.7,0.3139
Japan_Flood_in_Japan_2019-10,2019-10-14,35.6762,139.6501,10.0,18.4,15.1,91,23.6,15.0,1.52,37.0,1.94,1,10,2019,2,3,3,1,0,2.3978952727983707,1.0784095813505903,3.6375861597263857,9.1,0.6666666666666666,3.299999999999999,0.4658
Japan_Flood_in_Japan_2019-10,2019-10-15,35.6762,139.6501,0.4,20.6,15.9,90,22.7,2.0,1.92,37.0,1.06,1,10,2019,1,3,3,1,0,0.33647223662121295,0.7227059828014898,3.6375861597263857,0.36,0.2,4.700000000000001,0.343
"British Virgin Islands, The Bahamas_Flood_in_British_Vir_2019-08",2019-08-28,26.7067,-78.8721,2.9,30.0,27.0,86,16.0,10.0,4.87,0.0,,1,8,2019,1,2,3,1,0,1.3609765531356006,0.0,0.0,2.494,0.29,3.0,0.4048
China_Flood_in_China_2019-07,2019-07-31,30.6692,104.1219,0.5,29.8,21.5,100,5.8,5.0,4.19,498.0,1.94,1,7,2019,1,2,3,0,0,0.4054651081081644,1.0784095813505903,6.212606095751519,0.5,0.1,8.3,0.3766
China_Flood_in_China_2019-07,2019-08-01,30.6692,104.1219,5.6,29.5,22.8,98,9.2,15.0,3.97,498.0,2.08,1,8,2019,2,2,3,0,0,1.8870696490323797,1.1249295969854831,6.212606095751519,5.4879999999999995,0.3733333333333333,6.699999999999999,0.4618
China_Flood_in_China_2019-07,2019-08-02,30.6692,104.1219,8.4,28.0,23.1,98,15.1,17.0,2.94,498.0,4.31,1,8,2019,2,2,3,0,0,2.2407096892759584,1.6695918352538475,6.212606095751519,8.232000000000001,0.49411764705882355,4.899999999999999,0.482
China_Flood_in_China_2019-07,2019-08-03,30.6692,104.1219,28.1,28.5,22.9,96,13.8,19.0,2.63,498.0,2.22,1,8,2019,3,2,3,0,0,3.370738174177447,1.169381359556317,6.212606095751519,26.976000000000003,1.4789473684210528,5.600000000000001,0.519
China_Flood_in_China_2019-07,2019-08-04,30.6692,104.1219,5.3,28.4,22.0,100,9.1,13.0,3.16,498.0,2.67,1,8,2019,2,2,3,0,0,1.840549633397487,1.3001916620664788,6.212606095751519,5.3,0.4076923076923077,6.399999999999999,0.4493
India_Flood_in_India_2019-08,2019-08-06,19.3893,85.052,88.8,27.7,25.9,97,18.8,24.0,1.35,4.0,,1,8,2019,4,2,3,1,0,4.497584975308154,0.0,1.6094379124341003,86.13600000000001,3.6999999999999997,1.8000000000000007,0.6556
Myanmar_Flood_in_Myanmar_2019-07,2019-07-14,16.8222,96.3476,19.8,29.5,25.1,96,16.1,23.0,2.65,4.0,4.08,1,7,2019,2,2,3,1,0,3.0349529867072724,1.6253112615903906,1.6094379124341003,19.008000000000003,0.8608695652173913,4.399999999999999,0.5575
Myanmar_Flood_in_Myanmar_2019-07,2019-07-15,16.8222,96.3476,39.6,30.0,24.9,97,17.2,20.0,2.01,4.0,5.28,1,7,2019,3,2,3,1,0,3.703768066607687,1.8373699804801074,1.6094379124341003,38.412000000000006,1.98,5.100000000000001,0.5599
Myanmar_Flood_in_Myanmar_2019-07,2019-07-16,16.8222,96.3476,9.0,29.5,24.9,97,18.1,19.0,2.98,4.0,5.44,1,7,2019,2,2,3,1,0,2.302585092994046,1.8625285401162623,1.6094379124341003,8.73,0.47368421052631576,4.600000000000001,0.5127
Myanmar_Flood_in_Myanmar_2019-07,2019-07-17,16.8222,96.3476,13.6,30.2,24.6,98,19.4,11.0,3.65,4.0,4.69,1,7,2019,2,2,3,1,0,2.681021528714291,1.7387102481382397,1.6094379124341003,13.328,1.2363636363636363,5.599999999999998,0.4542
Myanmar_Flood_in_Myanmar_2019-07,2019-07-18,16.8222,96.3476,5.8,31.4,24.9,97,16.4,13.0,4.31,4.0,3.89,1,7,2019,2,2,3,1,0,1.916922612182061,1.5871923034867808,1.6094379124341003,5.626,0.4461538461538461,6.5,0.4587
Pakistan_Flood_in_Pakistan_2019-07,2019-07-14,33.6811,70.3239,0.1,31.5,22.2,90,11.3,1.0,5.08,1154.0,0.0,1,7,2019,1,2,3,0,0,0.09531017980432487,0.0,7.051855622955894,0.09,0.1,9.3,0.299
Pakistan_Flood_in_Pakistan_2019-07,2019-07-15,33.6811,70.3239,0.1,29.7,21.6,83,10.8,1.0,4.88,1154.0,0.0,1,7,2019,1,2,3,0,0,0.09531017980432487,0.0,7.051855622955894,0.083,0.1,8.099999999999998,0.2829
Pakistan_Flood_in_Pakistan_2019-07,2019-07-16,33.6811,70.3239,0.5,29.5,22.5,88,9.8,3.0,4.36,1154.0,0.0,1,7,2019,1,2,3,0,0,0.4054651081081644,0.0,7.051855622955894,0.44,0.16666666666666666,7.0,0.3116
Pakistan_Flood_in_Pakistan_2019-07,2019-07-17,33.6811,70.3239,6.5,29.5,22.0,91,8.9,7.0,4.31,1154.0,0.0,1,7,2019,2,2,3,0,0,2.0149030205422647,0.0,7.051855622955894,5.915,0.9285714285714286,7.5,0.3594
Pakistan_Flood_in_Pakistan_2019-07,2019-07-18,33.6811,70.3239,1.4,28.1,22.4,94,10.9,7.0,3.52,1154.0,0.0,1,7,2019,1,2,3,0,0,0.8754687373538999,0.0,7.051855622955894,1.3159999999999998,0.19999999999999998,5.700000000000003,0.3599
Nepal_Flood_in_Nepal_2019-07,2019-07-08,27.9447,84.1495,42.0,26.3,22.1,100,4.7,19.0,2.52,895.0,2.77,1,7,2019,3,2,3,0,0,3.7612001156935624,1.3270750014599193,6.79794041297493,42.0,2.210526315789474,4.199999999999999,0.5333
Nepal_Flood_in_Nepal_2019-07,2019-07-09,27.9447,84.1495,51.1,23.7,21.3,100,4.0,24.0,1.21,895.0,3.24,1,7,2019,3,2,3,0,0,3.9531649487593215,1.4445632692438664,6.79794041297493,51.1,2.129166666666667,2.3999999999999986,0.5865
Nepal_Flood_in_Nepal_2019-07,2019-07-10,27.9447,84.1495,19.8,25.0,20.8,100,4.7,24.0,1.67,895.0,3.11,1,7,2019,2,2,3,0,0,3.0349529867072724,1.413423028508143,6.79794041297493,19.8,0.8250000000000001,4.199999999999999,0.5468
Nepal_Flood_in_Nepal_2019-07,2019-07-11,27.9447,84.1495,104.4,25.2,21.1,100,4.7,23.0,1.51,895.0,4.31,1,7,2019,4,2,3,0,0,4.657762636107262,1.6695918352538475,6.79794041297493,104.4,4.539130434782609,4.099999999999998,0.6458
Nepal_Flood_in_Nepal_2019-07,2019-07-12,27.9447,84.1495,208.2,22.2,20.4,100,15.9,24.0,0.72,895.0,13.35,1,7,2019,5,2,3,0,0,5.343290732190768,2.66374994220563,6.79794041297493,208.2,8.674999999999999,1.8000000000000007,0.7858
Bangladesh_Flood_in_Bangladesh_2019-07,2019-07-08,24.4769,90.2932,23.3,30.4,25.8,97,16.7,22.0,2.45,19.0,46.42,1,7,2019,2,2,3,1,0,3.190476350346503,3.8590440806372595,2.995732273553991,22.601,1.059090909090909,4.599999999999998,0.5555
Bangladesh_Flood_in_Bangladesh_2019-07,2019-07-09,24.4769,90.2932,29.3,30.2,25.8,98,18.4,19.0,2.44,19.0,48.43,1,7,2019,3,2,3,1,0,3.4111477125153233,3.9005575273188677,2.995732273553991,28.714000000000002,1.5421052631578949,4.399999999999999,0.5404
Bangladesh_Flood_in_Bangladesh_2019-07,2019-07-10,24.4769,90.2932,39.1,30.5,26.5,96,21.5,18.0,2.29,19.0,51.12,1,7,2019,3,2,3,1,0,3.6913763343125234,3.953548752256644,2.995732273553991,37.536,2.1722222222222225,4.0,0.54
Bangladesh_Flood_in_Bangladesh_2019-07,2019-07-11,24.4769,90.2932,53.3,30.7,26.2,97,20.1,24.0,2.33,19.0,54.98,1,7,2019,3,2,3,1,0,3.9945242269398897,4.0249944840873075,2.995732273553991,51.70099999999999,2.220833333333333,4.5,0.6103
Bangladesh_Flood_in_Bangladesh_2019-07,2019-07-12,24.4769,90.2932,13.9,30.9,26.6,96,18.9,22.0,2.48,19.0,58.02,1,7,2019,2,2,3,1,0,2.7013612129514133,4.077876369514794,2.995732273553991,13.344000000000001,0.6318181818181818,4.299999999999997,0.5414
Pakistan_Flood_in_Pakistan_2022-06,2022-06-14,36.0,75.0,0.0,0.1,-12.4,98,7.0,0.0,4.05,4749.0,0.03,1,6,2022,0,2,3,0,0,0.0,0.0295588022415444,8.465899897028686,0.0,0.0,12.5,0.1954
Pakistan_Flood_in_Pakistan_2022-06,2022-06-15,36.0,75.0,0.0,0.1,-13.7,98,7.4,0.0,3.86,4749.0,0.03,1,6,2022,0,2,3,0,0,0.0,0.0295588022415444,8.465899897028686,0.0,0.0,13.799999999999999,0.1954
Pakistan_Flood_in_Pakistan_2022-06,2022-06-16,36.0,75.0,1.4,0.4,-13.0,95,6.8,3.0,3.92,4749.0,0.03,1,6,2022,1,2,3,0,0,0.8754687373538999,0.0295588022415444,8.465899897028686,1.33,0.4666666666666666,13.4,0.2153
Pakistan_Flood_in_Pakistan_2022-06,2022-06-17,36.0,75.0,0.1,-0.6,-5.9,94,4.5,1.0,3.76,4749.0,0.03,1,6,2022,1,2,3,0,0,0.09531017980432487,0.0295588022415444,8.465899897028686,0.094,0.1,5.300000000000001,0.1947
Pakistan_Flood_in_Pakistan_2022-06,2022-06-18,36.0,75.0,10.3,-1.6,-5.4,97,4.1,24.0,3.12,4749.0,0.03,1,6,2022,2,2,3,0,0,2.424802725718295,0.0295588022415444,8.465899897028686,9.991,0.4291666666666667,3.8000000000000003,0.4062
China_Flood_in_China_2022-05,2022-05-26,23.7468,114.6954,35.1,28.3,23.4,99,7.9,23.0,2.85,48.0,1184.77,1,5,2022,3,1,3,1,1,3.586292865338835,7.078147631577284,3.8918202981106265,34.749,1.5260869565217392,4.900000000000002,0.5863
China_Flood_in_China_2022-05,2022-05-27,23.7468,114.6954,14.0,28.2,23.9,99,15.9,19.0,2.43,48.0,1424.61,1,5,2022,2,1,3,1,1,2.70805020110221,7.262355071282291,3.8918202981106265,13.86,0.7368421052631579,4.300000000000001,0.527
China_Flood_in_China_2022-05,2022-05-28,23.7468,114.6954,15.0,28.5,23.1,98,16.6,20.0,3.33,48.0,1720.87,1,5,2022,2,1,3,1,1,2.772588722239781,7.451166188525811,3.8918202981106265,14.7,0.75,5.399999999999999,0.5353
China_Flood_in_China_2022-05,2022-05-29,23.7468,114.6954,4.2,29.9,24.2,98,15.8,17.0,4.1,48.0,1744.82,1,5,2022,1,1,3,1,1,1.6486586255873816,7.4649796383016165,3.8918202981106265,4.1160000000000005,0.24705882352941178,5.699999999999999,0.4967
China_Flood_in_China_2022-05,2022-05-30,23.7468,114.6954,5.1,30.0,24.4,98,10.2,8.0,4.3,48.0,1223.62,1,5,2022,2,1,3,1,1,1.8082887711792655,7.110385870773956,3.8918202981106265,4.997999999999999,0.6375,5.600000000000001,0.4211
Brazil_Flood_in_Brazil_2022-05,2022-05-23,-7.0761,-36.0604,3.2,25.1,18.7,95,26.3,11.0,2.6,636.0,0.0,1,5,2022,1,1,3,0,0,1.4350845252893227,0.0,6.456769655572163,3.04,0.29090909090909095,6.400000000000002,0.4141
Brazil_Flood_in_Brazil_2022-05,2022-05-24,-7.0761,-36.0604,8.0,26.2,19.3,99,19.4,19.0,2.21,636.0,0.0,1,5,2022,2,1,3,0,0,2.1972245773362196,0.0,6.456769655572163,7.92,0.42105263157894735,6.899999999999999,0.4961
Brazil_Flood_in_Brazil_2022-05,2022-05-25,-7.0761,-36.0604,25.5,23.6,19.3,99,18.6,19.0,1.93,636.0,0.0,1,5,2022,3,1,3,0,0,3.2771447329921766,0.0,6.456769655572163,25.245,1.3421052631578947,4.300000000000001,0.5183
Brazil_Flood_in_Brazil_2022-05,2022-05-26,-7.0761,-36.0604,2.9,25.5,19.6,99,23.4,12.0,2.67,636.0,0.03,1,5,2022,1,1,3,0,0,1.3609765531356006,0.0295588022415444,6.456769655572163,2.8709999999999996,0.24166666666666667,5.899999999999999,0.4313
Philippines_Flood_in_Philippines_2022-04,2022-04-03,8.4007,124.71,24.9,25.3,21.6,98,9.4,22.0,2.06,450.0,3.09,1,4,2022,2,1,3,0,0,3.254242968705492,1.4085449700547104,6.111467339502679,24.401999999999997,1.1318181818181818,3.6999999999999993,0.5461
Philippines_Flood_in_Philippines_2022-04,2022-04-04,8.4007,124.71,9.8,26.6,20.6,96,11.6,11.0,3.56,450.0,3.09,1,4,2022,2,1,3,0,0,2.379546134130174,1.4085449700547104,6.111467339502679,9.408000000000001,0.890909090909091,6.0,0.4307
Philippines_Flood_in_Philippines_2022-04,2022-04-05,8.4007,124.71,57.4,25.2,21.2,97,9.4,20.0,1.51,450.0,3.09,1,4,2022,3,1,3,0,0,4.067315889834181,1.4085449700547104,6.111467339502679,55.678000000000004,2.87,4.0,0.5683
Philippines_Flood_in_Philippines_2022-04,2022-04-06,8.4007,124.71,23.2,24.3,21.7,99,7.7,24.0,1.52,450.0,3.59,1,4,2022,2,1,3,0,0,3.186352633162641,1.5238800240724537,6.111467339502679,22.967999999999996,0.9666666666666667,2.6000000000000014,0.5629
Philippines_Flood_in_Philippines_2022-04,2022-04-07,8.4007,124.71,42.3,26.4,21.5,99,11.6,24.0,2.22,450.0,3.79,1,4,2022,3,1,3,0,0,3.768152635008444,1.5665304114228238,6.111467339502679,41.876999999999995,1.7625,4.899999999999999,0.5871
South Africa_Flood_in_South_Afric_2022-04,2022-04-09,-29.8618,31.0099,14.9,21.0,16.5,95,14.9,21.0,1.47,9.0,46.1,1,4,2022,2,1,3,1,0,2.766319109226186,3.8522730010223722,2.302585092994046,14.155,0.7095238095238096,4.5,0.5323
South Africa_Flood_in_South_Afric_2022-04,2022-04-10,-29.8618,31.0099,18.9,20.1,16.5,95,10.5,23.0,0.95,9.0,56.28,1,4,2022,2,1,3,1,0,2.990719731730447,4.04795152265239,2.302585092994046,17.955,0.8217391304347825,3.6000000000000014,0.554
South Africa_Flood_in_South_Afric_2022-04,2022-04-11,-29.8618,31.0099,100.7,20.7,17.2,94,24.2,24.0,0.6,9.0,246.74,1,4,2022,4,1,3,1,0,4.622027303054514,5.512379809126054,2.302585092994046,94.65800000000002,4.195833333333334,3.5,0.6644
"France, Madagascar, Mauritius_Flood_in_France,_Mad_2022-02",2022-02-01,-18.8041,47.2272,0.1,26.0,16.0,94,18.7,1.0,5.2,1278.0,0.05,1,2,2022,1,0,3,0,0,0.09531017980432487,0.048790164169432,7.153833801578843,0.094,0.1,10.0,0.3043
"France, Madagascar, Mauritius_Flood_in_France,_Mad_2022-02",2022-02-02,-18.8041,47.2272,0.2,27.0,14.1,94,13.9,1.0,5.32,1278.0,0.03,1,2,2022,1,0,3,0,0,0.18232155679395465,0.0295588022415444,7.153833801578843,0.188,0.2,12.9,0.3044
"France, Madagascar, Mauritius_Flood_in_France,_Mad_2022-02",2022-02-03,-18.8041,47.2272,0.4,27.1,14.8,96,13.5,2.0,5.61,1278.0,0.03,1,2,2022,1,0,3,0,0,0.33647223662121295,0.0295588022415444,7.153833801578843,0.38400000000000006,0.2,12.3,0.3176
"France, Madagascar, Mauritius_Flood_in_France,_Mad_2022-02",2022-02-04,-18.8041,47.2272,22.2,26.4,16.0,99,16.0,7.0,3.44,1278.0,0.28,1,2,2022,2,0,3,0,0,3.1441522786722644,0.2468600779315258,7.153833801578843,21.977999999999998,3.1714285714285713,10.399999999999999,0.3938
"France, Madagascar, Mauritius_Flood_in_France,_Mad_2022-02",2022-02-05,-18.8041,47.2272,8.0,24.5,17.5,97,33.7,15.0,2.62,1278.0,0.52,1,2,2022,2,0,3,0,0,2.1972245773362196,0.41871033485818504,7.153833801578843,7.76,0.5333333333333333,7.0,0.4379
Brazil_Flood_in_Brazil_2021-11,2021-11-08,-18.5265,-44.1589,8.7,30.5,20.7,93,11.6,6.0,4.14,568.0,39.74,1,11,2021,2,3,3,0,0,2.272125885509337,3.70721041079866,6.343880434126331,8.091,1.45,9.8,0.3771
Brazil_Flood_in_Brazil_2021-11,2021-11-09,-18.5265,-44.1589,20.9,29.7,20.2,97,16.6,13.0,4.0,568.0,56.02,1,11,2021,2,3,3,0,0,3.086486636822455,4.043402083484526,6.343880434126331,20.273,1.6076923076923075,9.5,0.4602
Brazil_Flood_in_Brazil_2021-11,2021-11-10,-18.5265,-44.1589,11.9,29.0,20.4,98,14.3,9.0,4.22,568.0,69.63,1,11,2021,2,3,3,0,0,2.5572273113676265,4.257454983420831,6.343880434126331,11.662,1.3222222222222222,8.600000000000001,0.4178
Brazil_Flood_in_Brazil_2021-11,2021-11-11,-18.5265,-44.1589,33.1,23.5,20.5,100,5.2,24.0,1.46,568.0,84.11,1,11,2021,3,3,3,0,0,3.529297384289471,4.4439445374888695,6.343880434126331,33.1,1.3791666666666667,3.0,0.5743
Brazil_Flood_in_Brazil_2021-11,2021-11-12,-18.5265,-44.1589,14.6,26.0,19.5,100,13.3,15.0,1.93,568.0,122.88,1,11,2021,2,3,3,0,0,2.747270914255491,4.819313355105002,6.343880434126331,14.6,0.9733333333333333,6.5,0.476
Malaysia_Flood_in_Malaysia_2021-12,2021-12-17,4.8122,100.9798,20.8,25.4,22.6,99,8.2,18.0,1.24,144.0,6.13,1,12,2021,2,0,3,0,0,3.0819099697950434,1.9643112344262046,4.976733742420574,20.592000000000002,1.1555555555555557,2.799999999999997,0.5195
Malaysia_Flood_in_Malaysia_2021-12,2021-12-18,4.8122,100.9798,25.0,25.8,22.5,99,6.4,23.0,0.98,144.0,8.1,1,12,2021,2,0,3,0,0,3.258096538021482,2.2082744135228043,4.976733742420574,24.75,1.0869565217391304,3.3000000000000007,0.5665
Malaysia_Flood_in_Malaysia_2021-12,2021-12-19,4.8122,100.9798,29.9,24.1,21.8,100,4.4,17.0,1.22,144.0,8.51,1,12,2021,3,0,3,0,0,3.4307561839036995,2.252343876557299,4.976733742420574,29.9,1.7588235294117647,2.3000000000000007,0.5251
India_Flood_in_India_2021-11,2021-11-14,15.9241,80.1864,14.1,28.9,23.0,100,10.6,13.0,2.38,19.0,1.94,1,11,2021,2,3,3,1,0,2.714694743820879,1.0784095813505903,2.995732273553991,14.1,1.0846153846153845,5.899999999999999,0.4756
India_Flood_in_India_2021-11,2021-11-15,15.9241,80.1864,9.3,28.3,23.9,97,13.3,14.0,2.15,19.0,1.92,1,11,2021,2,3,3,1,0,2.33214389523559,1.0715836162801904,2.995732273553991,9.021,0.6642857142857144,4.400000000000002,0.471
India_Flood_in_India_2021-11,2021-11-16,15.9241,80.1864,8.1,29.3,23.5,99,14.4,21.0,2.6,19.0,1.89,1,11,2021,2,3,3,1,0,2.2082744135228043,1.0612565021243408,2.995732273553991,8.019,0.3857142857142857,5.800000000000001,0.5324
India_Flood_in_India_2021-11,2021-11-17,15.9241,80.1864,8.8,30.0,23.6,98,16.8,11.0,2.94,19.0,1.86,1,11,2021,2,3,3,1,0,2.2823823856765264,1.0508216248317612,2.995732273553991,8.624,0.8,6.399999999999999,0.4476
India_Flood_in_India_2021-11,2021-11-18,15.9241,80.1864,15.9,27.4,23.5,95,20.4,18.0,1.73,19.0,1.86,1,11,2021,2,3,3,1,0,2.8273136219290276,1.0508216248317612,2.995732273553991,15.105,0.8833333333333333,3.8999999999999986,0.5081
India_Flood_in_India_2021-10,2021-10-12,30.0417,79.0897,0.0,21.6,12.3,84,9.8,0.0,3.6,2080.0,3.45,1,10,2021,0,3,3,0,0,0.0,1.4929040961781488,7.640603826393634,0.0,0.0,9.3,0.2475
India_Flood_in_India_2021-10,2021-10-13,30.0417,79.0897,2.0,20.8,13.8,78,9.4,6.0,3.49,2080.0,3.33,1,10,2021,1,3,2,0,0,1.0986122886681098,1.4655675420143985,7.640603826393634,1.56,0.3333333333333333,7.0,0.2863
India_Flood_in_India_2021-10,2021-10-14,30.0417,79.0897,0.0,22.2,13.4,80,12.3,0.0,3.87,2080.0,3.22,1,10,2021,0,3,2,0,0,0.0,1.4398351280479207,7.640603826393634,0.0,0.0,8.799999999999999,0.2383
India_Flood_in_India_2021-10,2021-10-15,30.0417,79.0897,0.0,23.0,13.4,81,10.0,0.0,3.95,2080.0,3.11,1,10,2021,0,3,3,0,0,0.0,1.413423028508143,7.640603826393634,0.0,0.0,9.6,0.2406
India_Flood_in_India_2021-10,2021-10-16,30.0417,79.0897,0.0,22.9,14.0,75,11.4,0.0,4.0,2080.0,3.01,1,10,2021,0,3,2,0,0,0.0,1.3887912413184778,7.640603826393634,0.0,0.0,8.899999999999999,0.2268
Nepal_Flood_in_Nepal_2021-10,2021-10-16,28.1084,84.0917,0.0,30.0,19.0,81,7.0,0.0,3.6,614.0,6.78,1,10,2021,0,3,3,0,0,0.0,2.0515563381903004,6.421622267806518,0.0,0.0,11.0,0.287
Nepal_Flood_in_Nepal_2021-10,2021-10-17,28.1084,84.0917,5.5,28.8,20.2,99,7.9,6.0,2.96,614.0,6.46,1,10,2021,2,3,3,0,0,1.8718021769015913,2.0095554142156695,6.421622267806518,5.445,0.9166666666666666,8.600000000000001,0.3853
Nepal_Flood_in_Nepal_2021-10,2021-10-18,28.1084,84.0917,41.6,22.2,19.9,100,7.9,22.0,0.63,614.0,7.69,1,10,2021,3,3,3,0,0,3.751854253275325,2.162172939277301,6.421622267806518,41.6,1.8909090909090909,2.3000000000000007,0.5667
China_Flood_in_China_2021-09,2021-09-24,37.0,112.0,20.4,20.5,14.9,99,14.5,20.0,1.35,1047.0,0.31,1,9,2021,2,2,3,0,0,3.0633909220278057,0.27002713721306015,6.954638864880987,20.195999999999998,1.02,5.6,0.5072
China_Flood_in_China_2021-09,2021-09-25,37.0,112.0,19.2,19.9,13.8,98,20.4,9.0,1.45,1047.0,0.44,1,9,2021,2,2,3,0,0,3.005682604407159,0.3646431135879093,6.954638864880987,18.816,2.1333333333333333,6.099999999999998,0.4117
China_Flood_in_China_2021-09,2021-09-26,37.0,112.0,10.0,15.4,12.8,98,14.2,17.0,0.72,1047.0,0.59,1,9,2021,2,2,3,0,0,2.3978952727983707,0.4637340162321401,6.954638864880987,9.8,0.5882352941176471,2.5999999999999996,0.4667
China_Flood_in_China_2021-09,2021-09-27,37.0,112.0,0.0,19.6,11.8,90,13.3,0.0,2.25,1047.0,0.6,1,9,2021,0,2,3,0,0,0.0,0.4700036292457356,6.954638864880987,0.0,0.0,7.800000000000001,0.2939
China_Flood_in_China_2021-09,2021-09-28,37.0,112.0,3.6,20.8,14.1,95,16.7,7.0,2.59,1047.0,0.56,1,9,2021,1,2,3,0,0,1.5260563034950492,0.44468582126144574,6.954638864880987,3.42,0.5142857142857143,6.700000000000001,0.3683
India_Flood_in_India_2021-07,2021-07-24,31.2396,77.7198,4.6,23.4,17.1,93,7.4,14.0,2.74,2002.0,18.41,1,7,2021,1,2,3,0,0,1.7227665977411035,2.9657883971809187,7.602401335665818,4.278,0.32857142857142857,6.299999999999997,0.3932
India_Flood_in_India_2021-07,2021-07-25,31.2396,77.7198,0.9,23.4,17.7,98,8.2,6.0,3.03,2002.0,18.72,1,7,2021,1,2,3,0,0,0.6418538861723948,2.9816333491744893,7.602401335665818,0.882,0.15,5.699999999999999,0.3334
India_Flood_in_India_2021-07,2021-07-26,31.2396,77.7198,5.7,23.1,19.0,98,7.4,20.0,2.21,2002.0,18.45,1,7,2021,2,2,3,0,0,1.9021075263969205,2.9678470700644555,7.602401335665818,5.586,0.28500000000000003,4.100000000000001,0.4561
India_Flood_in_India_2021-07,2021-07-27,31.2396,77.7198,8.2,22.5,19.0,99,6.2,20.0,1.88,2002.0,19.56,1,7,2021,2,2,3,0,0,2.2192034840549946,3.0233474405869645,7.602401335665818,8.118,0.41,3.5,0.4616
India_Flood_in_India_2021-07,2021-07-28,31.2396,77.7198,46.1,21.4,18.6,96,4.3,24.0,1.17,2002.0,25.18,1,7,2021,3,2,3,0,0,3.8522730010223722,3.264995760481754,7.602401335665818,44.256,1.9208333333333334,2.799999999999997,0.5361
"China, Philippines, Taiwan_Flood_in_China,_Phil_2021-09",2021-09-06,17.674,121.8847,5.8,29.6,22.1,96,6.3,10.0,4.47,315.0,37.02,1,9,2021,2,2,3,0,0,1.916922612182061,3.6381123370602833,5.755742213586912,5.568,0.58,7.5,0.4217
"China, Philippines, Taiwan_Flood_in_China,_Phil_2021-09",2021-09-07,17.674,121.8847,2.6,30.0,21.9,97,5.2,6.0,4.46,315.0,26.8,1,9,2021,1,2,3,0,0,1.2809338454620642,3.3250360206965914,5.755742213586912,2.5220000000000002,0.43333333333333335,8.100000000000001,0.3865
"China, Philippines, Taiwan_Flood_in_China,_Phil_2021-09",2021-09-08,17.674,121.8847,5.7,26.9,23.0,100,5.5,11.0,2.29,315.0,19.84,1,9,2021,2,2,3,0,0,1.9021075263969205,3.0368742168851663,5.755742213586912,5.7,0.5181818181818182,3.8999999999999986,0.439
"China, Philippines, Taiwan_Flood_in_China,_Phil_2021-09",2021-09-09,17.674,121.8847,4.1,30.6,23.5,100,5.8,17.0,4.56,315.0,15.94,1,9,2021,1,2,3,0,0,1.62924053973028,2.8296776892239084,5.755742213586912,4.1,0.24117647058823527,7.100000000000001,0.487
"China, Philippines, Taiwan_Flood_in_China,_Phil_2021-09",2021-09-10,17.674,121.8847,60.0,26.0,23.3,100,24.2,19.0,1.33,315.0,41.07,1,9,2021,3,2,3,0,0,4.110873864173311,3.7393348976024297,5.755742213586912,60.0,3.1578947368421053,2.6999999999999993,0.5746
China_Flood_in_China_2021-08,2021-08-07,29.5647,106.5479,8.2,31.5,27.0,95,13.1,7.0,2.39,219.0,12444.14,1,8,2021,2,2,3,0,1,2.2192034840549946,9.429085464236207,5.393627546352362,7.789999999999999,1.1714285714285713,4.5,0.4417
China_Flood_in_China_2021-08,2021-08-08,29.5647,106.5479,31.3,29.2,25.5,98,10.1,19.0,2.07,219.0,13364.95,1,8,2021,3,2,3,0,1,3.475067230228611,9.500465707229065,5.393627546352362,30.674,1.6473684210526316,3.6999999999999993,0.581
China_Flood_in_China_2021-08,2021-08-09,29.5647,106.5479,3.3,30.0,24.6,97,11.3,13.0,2.8,219.0,15702.63,1,8,2021,1,2,3,0,1,1.4586150226995167,9.661647174802525,5.393627546352362,3.2009999999999996,0.25384615384615383,5.399999999999999,0.501
China_Flood_in_China_2021-08,2021-08-10,29.5647,106.5479,13.1,30.5,25.4,98,9.7,13.0,3.31,219.0,16942.38,1,8,2021,2,2,3,0,1,2.6461747973841225,9.737632476048015,5.393627546352362,12.838,1.0076923076923077,5.100000000000001,0.5198
China_Flood_in_China_2021-08,2021-08-11,29.5647,106.5479,1.8,31.4,25.5,97,9.4,13.0,4.04,219.0,16942.38,1,8,2021,1,2,3,0,1,1.0296194171811581,9.737632476048015,5.393627546352362,1.746,0.13846153846153847,5.899999999999999,0.5032
Türkiye_Flood_in_Türkiye_2021-08,2021-08-10,41.8315,34.5954,22.4,23.2,16.8,100,25.0,20.0,2.97,723.0,0.89,1,8,2021,2,2,3,0,0,3.152736022363656,0.636576829071551,6.584791392385716,22.4,1.1199999999999999,6.399999999999999,0.5222
Türkiye_Flood_in_Türkiye_2021-08,2021-08-11,41.8315,34.5954,40.7,19.0,17.1,100,23.2,24.0,0.85,723.0,1.09,1,8,2021,3,2,3,0,0,3.730501128804756,0.7371640659767197,6.584791392385716,40.7,1.6958333333333335,1.8999999999999986,0.5788
Türkiye_Flood_in_Türkiye_2021-08,2021-08-12,41.8315,34.5954,21.2,21.1,17.1,98,22.7,14.0,2.24,723.0,1.47,1,8,2021,2,2,3,0,0,3.100092288878234,0.9042181506398859,6.584791392385716,20.776,1.5142857142857142,4.0,0.4661
Afghanistan_Flood_in_Afghanistan_2021-07,2021-07-28,35.4833,71.3145,5.8,24.9,16.6,100,9.2,11.0,5.12,2601.0,1.4,1,7,2021,2,2,3,0,0,1.916922612182061,0.8754687373538999,7.86403565907245,5.8,0.5272727272727272,8.299999999999997,0.3669
Afghanistan_Flood_in_Afghanistan_2021-07,2021-07-29,35.4833,71.3145,13.1,23.3,15.3,99,8.2,13.0,4.75,2601.0,1.39,1,7,2021,2,2,3,0,0,2.6461747973841225,0.8712933659434193,7.86403565907245,12.969,1.0076923076923077,8.0,0.3905
Afghanistan_Flood_in_Afghanistan_2021-07,2021-07-30,35.4833,71.3145,7.3,22.1,15.4,98,7.5,11.0,4.41,2601.0,1.36,1,7,2021,2,2,3,0,0,2.1162555148025524,0.8586616190375187,7.86403565907245,7.154,0.6636363636363636,6.700000000000001,0.3642
Afghanistan_Flood_in_Afghanistan_2021-07,2021-07-31,35.4833,71.3145,8.2,20.8,14.1,97,7.9,17.0,3.93,2601.0,1.4,1,7,2021,2,2,3,0,0,2.2192034840549946,0.8754687373538999,7.86403565907245,7.954,0.48235294117647054,6.700000000000001,0.413
China_Flood_in_China_2021-06,2021-06-20,37.87,112.5453,0.0,29.8,18.1,64,13.5,0.0,6.39,787.0,3.22,1,6,2021,0,2,2,0,0,0.0,1.4398351280479207,6.669498089857879,0.0,0.0,11.7,0.2424
China_Flood_in_China_2021-06,2021-06-21,37.87,112.5453,0.0,30.0,18.0,53,20.9,0.0,6.26,787.0,3.19,1,6,2021,0,2,1,0,0,0.0,1.4327007339340463,6.669498089857879,0.0,0.0,12.0,0.2171
China_Flood_in_China_2021-06,2021-06-22,37.87,112.5453,0.0,31.0,17.7,69,19.5,0.0,5.84,787.0,3.16,1,6,2021,0,2,2,0,0,0.0,1.425515074273172,6.669498089857879,0.0,0.0,13.3,0.2539
China_Flood_in_China_2021-06,2021-06-23,37.87,112.5453,0.0,31.8,18.2,71,24.4,0.0,5.32,787.0,3.16,1,6,2021,0,2,2,0,0,0.0,1.425515074273172,6.669498089857879,0.0,0.0,13.600000000000001,0.2585
China_Flood_in_China_2021-06,2021-06-24,37.87,112.5453,0.0,28.8,17.8,85,11.8,0.0,4.32,787.0,3.16,1,6,2021,0,2,3,0,0,0.0,1.425515074273172,6.669498089857879,0.0,0.0,11.0,0.2907
Belgium_Flood_in_Belgium_2021-07,2021-07-14,50.2592,4.9131,31.2,17.3,15.4,99,30.7,24.0,0.73,87.0,5.9,1,7,2021,3,2,3,1,0,3.4719664525503626,1.9315214116032138,4.477336814478207,30.887999999999998,1.3,1.9000000000000004,0.5845
Belgium_Flood_in_Belgium_2021-07,2021-07-15,50.2592,4.9131,30.5,18.8,16.2,97,30.3,24.0,1.41,87.0,5.49,1,7,2021,3,2,3,1,0,3.449987545831587,1.8702625307159986,4.477336814478207,29.585,1.2708333333333333,2.6000000000000014,0.579
Belgium_Flood_in_Belgium_2021-07,2021-07-16,50.2592,4.9131,3.1,17.5,14.8,97,19.7,11.0,1.66,87.0,2.98,1,7,2021,1,2,3,1,0,1.410986973710262,1.3812818192963463,4.477336814478207,3.0069999999999997,0.2818181818181818,2.6999999999999993,0.436
Germany_Flood_in_Germany_2021-07,2021-07-13,51.4789,7.5544,11.8,21.2,17.6,94,11.2,20.0,1.27,140.0,48.55,1,7,2021,2,2,3,0,0,2.5494451709255714,3.902982260775997,4.948759890378168,11.092,0.5900000000000001,3.599999999999998,0.5136
Germany_Flood_in_Germany_2021-07,2021-07-14,51.4789,7.5544,56.0,19.5,16.6,99,18.1,22.0,0.84,140.0,102.04,1,7,2021,3,2,3,0,0,4.04305126783455,4.635117262356044,4.948759890378168,55.44,2.5454545454545454,2.8999999999999986,0.598
Germany_Flood_in_Germany_2021-07,2021-07-15,51.4789,7.5544,5.2,24.0,14.4,97,13.7,12.0,2.89,140.0,107.89,1,7,2021,2,2,3,0,0,1.824549292051046,4.69033819835797,4.948759890378168,5.0440000000000005,0.43333333333333335,9.6,0.4456
"Bangladesh, India_Flood_in_Bangladesh,_2021-05",2021-05-24,23.456,85.2557,0.0,32.8,22.2,78,21.3,0.0,6.76,694.0,0.44,1,5,2021,0,1,2,0,0,0.0,0.3646431135879093,6.543911845564792,0.0,0.0,10.599999999999998,0.2775
"Bangladesh, India_Flood_in_Bangladesh,_2021-05",2021-05-25,23.456,85.2557,8.4,27.2,22.2,97,19.1,15.0,3.0,694.0,0.59,1,5,2021,2,1,3,0,0,2.2407096892759584,0.4637340162321401,6.543911845564792,8.148000000000001,0.56,5.0,0.4568
"Bangladesh, India_Flood_in_Bangladesh,_2021-05",2021-05-26,23.456,85.2557,74.3,22.5,21.4,99,32.2,24.0,0.67,694.0,18.86,1,5,2021,3,1,3,0,0,4.321480134805848,2.9887076586170265,6.543911845564792,73.557,3.095833333333333,1.1000000000000014,0.6201
"Bangladesh, India_Flood_in_Bangladesh,_2021-05",2021-05-27,23.456,85.2557,100.6,23.4,21.5,99,27.4,24.0,0.78,694.0,12.18,1,5,2021,4,1,3,0,0,4.6210435351443815,2.578700529074361,6.543911845564792,99.594,4.191666666666666,1.8999999999999986,0.6534
"Bangladesh, India_Flood_in_Bangladesh,_2021-05",2021-05-28,23.456,85.2557,9.4,29.5,21.8,98,25.4,10.0,4.45,694.0,6.57,1,5,2021,2,1,3,0,0,2.341805806147327,2.0241930674493576,6.543911845564792,9.212,0.9400000000000001,7.699999999999999,0.4188
India_Flood_in_India_2021-05,2021-05-11,10.8132,73.6805,16.1,29.3,26.7,90,12.0,20.0,2.94,17.0,,1,5,2021,2,1,3,1,0,2.8390784635086144,0.0,2.8903717578961645,14.490000000000002,0.805,2.6000000000000014,0.5136
India_Flood_in_India_2021-05,2021-05-12,10.8132,73.6805,17.0,28.7,26.4,89,19.5,23.0,1.9,17.0,,1,5,2021,2,1,3,1,0,2.8903717578961645,0.0,2.8903717578961645,15.13,0.7391304347826086,2.3000000000000007,0.5374
India_Flood_in_India_2021-05,2021-05-13,10.8132,73.6805,8.8,29.0,27.2,89,35.0,20.0,3.75,17.0,,1,5,2021,2,1,3,1,0,2.2823823856765264,0.0,2.8903717578961645,7.832000000000001,0.44000000000000006,1.8000000000000007,0.502
India_Flood_in_India_2021-05,2021-05-14,10.8132,73.6805,46.7,29.0,26.9,92,72.5,23.0,2.63,17.0,,1,5,2021,3,1,3,1,0,3.8649313978942956,0.0,2.8903717578961645,42.964000000000006,2.0304347826086957,2.1000000000000014,0.582
India_Flood_in_India_2021-05,2021-05-15,10.8132,73.6805,29.7,29.2,27.2,90,72.7,22.0,4.92,17.0,,1,5,2021,3,1,3,1,0,3.4242626545931514,0.0,2.8903717578961645,26.73,1.3499999999999999,2.0,0.5475
Indonesia_Flood_in_Indonesia_2021-04,2021-04-03,-8.5152,125.8376,94.6,25.4,23.5,97,20.0,24.0,2.06,331.0,5.97,1,4,2021,4,1,3,0,0,4.560172820057356,1.9416152247724325,5.805134968916488,91.76199999999999,3.9416666666666664,1.8999999999999986,0.6526
Indonesia_Flood_in_Indonesia_2021-04,2021-04-04,-8.5152,125.8376,107.6,24.3,23.5,97,28.6,24.0,0.86,331.0,7.63,1,4,2021,4,1,3,0,0,4.687671407499835,2.1552445050953364,5.805134968916488,104.37199999999999,4.483333333333333,0.8000000000000007,0.6691
Indonesia_Flood_in_Indonesia_2021-04,2021-04-05,-8.5152,125.8376,41.1,25.7,23.0,97,19.7,24.0,2.0,331.0,8.35,1,4,2021,3,1,3,0,0,3.7400477406883357,2.2353763433005955,5.805134968916488,39.867000000000004,1.7125000000000001,2.6999999999999993,0.5848
Indonesia_Flood_in_Indonesia_2021-04,2021-04-06,-8.5152,125.8376,5.9,27.6,23.3,97,12.7,13.0,3.95,331.0,7.18,1,4,2021,2,1,3,0,0,1.9315214116032138,2.1016921506146558,5.805134968916488,5.723000000000001,0.4538461538461539,4.300000000000001,0.4485
Indonesia_Flood_in_Indonesia_2021-04,2021-04-07,-8.5152,125.8376,2.3,27.8,22.0,92,10.3,9.0,3.78,331.0,5.93,1,4,2021,1,1,3,0,0,1.1939224684724346,1.9358598132018119,5.805134968916488,2.116,0.25555555555555554,5.800000000000001,0.3991
India_Flood_in_India_2021-02,2021-02-07,30.2982,79.5672,0.0,12.4,-5.2,58,6.9,0.0,2.99,2396.0,1.44,1,2,2021,0,0,1,0,0,0.0,0.8919980393051105,7.781973234434385,0.0,0.0,17.6,0.1778
"Eswatini, Madagascar, Mozambique, South Africa, Zimbabwe_Flood_in_Eswatini,_M_2021-01",2021-01-19,-14.9061,50.2781,183.6,27.2,25.4,90,63.9,23.0,2.18,7.0,,1,1,2021,5,0,3,1,0,5.218191322068752,0.0,2.0794415416798357,165.24,7.982608695652174,1.8000000000000007,0.7513
"Eswatini, Madagascar, Mozambique, South Africa, Zimbabwe_Flood_in_Eswatini,_M_2021-01",2021-01-20,-14.9061,50.2781,38.7,29.0,25.1,97,38.5,11.0,2.73,7.0,,1,1,2021,3,0,3,1,0,3.681351187693145,0.0,2.0794415416798357,37.539,3.5181818181818185,3.8999999999999986,0.4836
"Eswatini, Madagascar, Mozambique, South Africa, Zimbabwe_Flood_in_Eswatini,_M_2021-01",2021-01-21,-14.9061,50.2781,0.3,29.5,23.8,100,16.1,2.0,5.21,7.0,,1,1,2021,1,0,3,1,0,0.262364264467491,0.0,2.0794415416798357,0.3,0.15,5.699999999999999,0.3668
"Eswatini, Madagascar, Mozambique, South Africa, Zimbabwe_Flood_in_Eswatini,_M_2021-01",2021-01-22,-14.9061,50.2781,1.9,29.1,23.9,99,16.7,14.0,5.03,7.0,,1,1,2021,1,0,3,1,0,1.0647107369924282,0.0,2.0794415416798357,1.881,0.1357142857142857,5.200000000000003,0.4666
"Eswatini, Madagascar, Mozambique, South Africa, Zimbabwe_Flood_in_Eswatini,_M_2021-01",2021-01-23,-14.9061,50.2781,3.5,28.8,24.6,96,16.2,20.0,4.61,7.0,,1,1,2021,1,0,3,1,0,1.5040773967762742,0.0,2.0794415416798357,3.36,0.175,4.199999999999999,0.5117
China_Flood_in_China_2023-06,2023-06-27,30.1534,120.076,1.2,30.5,23.9,96,11.5,5.0,3.26,10.0,6806.69,1,6,2023,1,2,3,1,1,0.7884573603642702,8.825808134551377,2.3978952727983707,1.152,0.24,6.600000000000001,0.4063
China_Flood_in_China_2023-06,2023-06-28,30.1534,120.076,0.4,33.2,24.2,94,14.3,2.0,4.95,10.0,5820.03,1,6,2023,1,2,3,1,1,0.33647223662121295,8.669232501012106,2.3978952727983707,0.376,0.2,9.000000000000004,0.3724
China_Flood_in_China_2023-06,2023-06-29,30.1534,120.076,0.0,33.3,25.6,92,20.1,0.0,4.82,10.0,4517.56,1,6,2023,0,2,3,1,1,0.0,8.415948637996795,2.3978952727983707,0.0,0.0,7.699999999999996,0.3463
China_Flood_in_China_2023-06,2023-06-30,30.1534,120.076,14.1,31.0,25.1,96,12.6,12.0,2.48,10.0,3506.52,1,6,2023,2,2,3,1,1,2.714694743820879,8.162664514027359,2.3978952727983707,13.536,1.175,5.899999999999999,0.47
China_Flood_in_China_2023-06,2023-07-01,30.1534,120.076,4.8,31.1,24.3,96,10.5,11.0,3.69,10.0,2970.67,1,7,2023,1,2,3,1,1,1.7578579175523736,7.996879363333494,2.3978952727983707,4.608,0.43636363636363634,6.800000000000001,0.4481
"India, Pakistan_Flood_in_India,_Paki_2023-06",2023-06-14,22.385,71.7453,0.8,38.3,26.6,84,33.8,5.0,7.59,59.0,0.33,1,6,2023,1,2,3,1,0,0.5877866649021191,0.2851789422336624,4.0943445622221,0.672,0.16,11.699999999999996,0.354
"India, Pakistan_Flood_in_India,_Paki_2023-06",2023-06-15,22.385,71.7453,5.9,35.2,27.5,82,41.8,10.0,5.51,59.0,0.34,1,6,2023,2,2,3,1,0,1.9315214116032138,0.29266961396282,4.0943445622221,4.838,0.5900000000000001,7.700000000000003,0.3976
"India, Pakistan_Flood_in_India,_Paki_2023-06",2023-06-16,22.385,71.7453,0.9,34.3,27.0,85,52.7,5.0,6.16,59.0,0.36,1,6,2023,1,2,3,1,0,0.6418538861723948,0.3074846997479606,4.0943445622221,0.765,0.18,7.299999999999997,0.3565
"Bangladesh, India, Myanmar_Flood_in_Bangladesh,_2023-05",2023-05-13,20.15,92.9,56.5,28.0,26.3,90,31.8,24.0,1.68,4.0,0.69,1,5,2023,3,1,3,1,0,4.051784947803305,0.5247285289349821,1.6094379124341003,50.85,2.3541666666666665,1.6999999999999993,0.5985
"Bangladesh, India, Myanmar_Flood_in_Bangladesh,_2023-05",2023-05-14,20.15,92.9,125.4,27.5,25.0,90,82.0,23.0,2.06,4.0,2.22,1,5,2023,4,1,3,1,0,4.839451481712757,1.169381359556317,1.6094379124341003,112.86,5.452173913043478,2.5,0.6776
"Bangladesh, India, Myanmar_Flood_in_Bangladesh,_2023-05",2023-05-15,20.15,92.9,1.4,29.9,24.8,93,19.9,7.0,5.04,4.0,1.72,1,5,2023,1,1,3,1,0,0.8754687373538999,1.000631880307906,1.6094379124341003,1.3019999999999998,0.19999999999999998,5.099999999999998,0.3939
Democratic Republic of Congo_Flood_in_Democratic__2023-05,2023-05-01,0.7795,24.2691,0.4,30.5,22.3,99,6.6,4.0,4.21,376.0,22129.94,1,5,2023,1,1,3,0,1,0.33647223662121295,10.00473190841955,5.932245187448011,0.396,0.1,8.2,0.4433
Democratic Republic of Congo_Flood_in_Democratic__2023-05,2023-05-02,0.7795,24.2691,4.5,30.8,22.1,100,6.6,3.0,4.14,376.0,22232.11,1,5,2023,1,1,3,0,1,1.7047480922384253,10.009337898207644,5.932245187448011,4.5,1.5,8.7,0.4428
Democratic Republic of Congo_Flood_in_Democratic__2023-05,2023-05-03,0.7795,24.2691,16.2,25.8,22.8,98,6.2,13.0,2.47,376.0,22645.44,1,5,2023,2,1,3,0,1,2.8449093838194073,10.027757944165055,5.932245187448011,15.876,1.2461538461538462,3.0,0.5378
Democratic Republic of Congo_Flood_in_Democratic__2023-05,2023-05-04,0.7795,24.2691,1.3,30.4,22.2,100,5.4,8.0,4.14,376.0,23279.92,1,5,2023,1,1,3,0,1,0.832909122935104,10.055389419964866,5.932245187448011,1.3,0.1625,8.2,0.4839
Democratic Republic of Congo_Flood_in_Democratic__2023-05,2023-05-05,0.7795,24.2691,0.2,31.9,22.9,99,6.8,2.0,4.66,376.0,23822.19,1,5,2023,1,1,3,0,1,0.18232155679395465,10.078414755017391,5.932245187448011,0.198,0.1,9.0,0.432
Rwanda_Flood_in_Rwanda_2023-05,2023-05-01,-1.581,29.927,9.2,17.0,12.7,100,7.1,15.0,1.8,2063.0,1.47,1,5,2023,2,1,3,0,0,2.322387720290225,0.9042181506398859,7.6324011266014535,9.2,0.6133333333333333,4.300000000000001,0.4215
Rwanda_Flood_in_Rwanda_2023-05,2023-05-02,-1.581,29.927,7.0,20.9,12.6,100,10.9,10.0,3.3,2063.0,1.47,1,5,2023,2,1,3,0,0,2.0794415416798357,0.9042181506398859,7.6324011266014535,7.0,0.7,8.299999999999999,0.3771
Rwanda_Flood_in_Rwanda_2023-05,2023-05-03,-1.581,29.927,8.7,18.9,12.6,100,9.5,16.0,2.41,2063.0,1.53,1,5,2023,2,1,3,0,0,2.272125885509337,0.9282193027394289,7.6324011266014535,8.7,0.54375,6.299999999999999,0.4292
Democratic Republic of Congo_Flood_in_Democratic__2023-04,2023-04-01,-5.901,29.1779,0.0,28.1,19.3,94,11.0,0.0,4.34,830.0,1613.36,1,4,2023,0,1,3,0,1,0.0,7.386693872285452,6.7226297948554485,0.0,0.0,8.8,0.3154
Democratic Republic of Congo_Flood_in_Democratic__2023-04,2023-04-02,-5.901,29.1779,1.0,27.1,18.6,93,9.5,6.0,4.41,830.0,1620.81,1,4,2023,1,1,3,0,1,0.6931471805599453,7.391298088479855,6.7226297948554485,0.93,0.16666666666666666,8.5,0.3644
Democratic Republic of Congo_Flood_in_Democratic__2023-04,2023-04-03,-5.901,29.1779,20.7,26.1,18.8,100,12.9,7.0,3.68,830.0,1632.05,1,4,2023,2,1,3,0,1,3.077312260546414,7.398204710995299,6.7226297948554485,20.7,2.957142857142857,7.300000000000001,0.4138
Democratic Republic of Congo_Flood_in_Democratic__2023-04,2023-04-04,-5.901,29.1779,0.5,27.5,21.1,91,16.0,4.0,4.96,830.0,1643.37,1,4,2023,1,1,3,0,1,0.4054651081081644,7.4051126111209875,6.7226297948554485,0.455,0.125,6.399999999999999,0.3425
Democratic Republic of Congo_Flood_in_Democratic__2023-04,2023-04-05,-5.901,29.1779,19.2,25.5,19.5,99,9.8,14.0,3.42,830.0,1662.41,1,4,2023,2,1,3,0,1,3.005682604407159,7.416624991199611,6.7226297948554485,19.008,1.3714285714285714,6.0,0.468
Somalia_Flood_in_Somalia_2023-03,2023-03-20,2.3372,42.2849,0.1,34.6,25.1,81,15.3,1.0,4.79,101.0,0.0,1,3,2023,1,1,3,0,0,0.09531017980432487,0.0,4.624972813284271,0.081,0.1,9.5,0.3116
Somalia_Flood_in_Somalia_2023-03,2023-03-21,2.3372,42.2849,10.5,33.0,24.0,94,16.8,11.0,4.16,101.0,0.0,1,3,2023,2,1,3,0,0,2.4423470353692043,0.0,4.624972813284271,9.87,0.9545454545454546,9.0,0.438
Somalia_Flood_in_Somalia_2023-03,2023-03-22,2.3372,42.2849,4.2,34.5,24.8,88,20.9,8.0,5.39,101.0,0.0,1,3,2023,1,1,3,0,0,1.6486586255873816,0.0,4.624972813284271,3.696,0.525,9.7,0.3912
Somalia_Flood_in_Somalia_2023-03,2023-03-23,2.3372,42.2849,14.4,34.6,24.0,93,16.3,9.0,4.32,101.0,0.0,1,3,2023,2,1,3,0,0,2.7343675094195836,0.0,4.624972813284271,13.392000000000001,1.6,10.600000000000001,0.424
Somalia_Flood_in_Somalia_2023-03,2023-03-24,2.3372,42.2849,8.8,31.9,23.9,94,10.9,10.0,2.98,101.0,0.0,1,3,2023,2,1,3,0,0,2.2823823856765264,0.0,4.624972813284271,8.272,0.8800000000000001,8.0,0.4275
Malawi_Flood_in_Malawi_2023-03,2023-03-13,-15.3064,35.3281,91.5,19.7,17.5,100,17.3,24.0,0.92,1230.0,18.59,1,3,2023,4,1,3,0,0,4.52720864451838,2.9750192319564492,7.115582126184454,91.5,3.8125,2.1999999999999993,0.6272
Malawi_Flood_in_Malawi_2023-03,2023-03-14,-15.3064,35.3281,34.7,20.0,16.8,100,12.6,24.0,1.48,1230.0,16.99,1,3,2023,3,1,3,0,0,3.5751506887855933,2.8898160479624417,7.115582126184454,34.7,1.4458333333333335,3.1999999999999993,0.5552
Malawi_Flood_in_Malawi_2023-03,2023-03-15,-15.3064,35.3281,21.0,20.8,16.1,100,5.8,19.0,2.47,1230.0,6.13,1,3,2023,2,1,3,0,0,3.091042453358316,1.9643112344262046,7.115582126184454,21.0,1.105263157894737,4.699999999999999,0.4961
Malawi_Flood_in_Malawi_2023-03,2023-03-16,-15.3064,35.3281,5.2,20.8,15.5,100,5.4,15.0,2.9,1230.0,3.81,1,3,2023,2,1,3,0,0,1.824549292051046,1.57069708411767,7.115582126184454,5.2,0.3466666666666667,5.300000000000001,0.4428
Philippines_Flood_in_Philippines_2022-12,2022-12-10,11.3278,124.9976,7.6,28.2,24.3,97,11.6,10.0,2.28,7.0,2.22,1,12,2022,2,0,3,1,0,2.151762203259462,1.169381359556317,2.0794415416798357,7.371999999999999,0.76,3.8999999999999986,0.4359
Philippines_Flood_in_Philippines_2022-12,2022-12-11,11.3278,124.9976,2.5,29.9,23.6,96,9.2,5.0,3.44,7.0,2.96,1,12,2022,1,0,3,1,0,1.252762968495368,1.3762440252663892,2.0794415416798357,2.4,0.5,6.299999999999997,0.3854
Philippines_Flood_in_Philippines_2022-12,2022-12-12,11.3278,124.9976,1.3,30.0,24.0,95,10.8,5.0,3.71,7.0,2.92,1,12,2022,1,0,3,1,0,0.832909122935104,1.366091653802371,2.0794415416798357,1.235,0.26,6.0,0.3816
Philippines_Flood_in_Philippines_2022-12,2022-12-13,11.3278,124.9976,3.6,30.5,23.5,97,9.4,13.0,3.3,7.0,2.68,1,12,2022,1,0,3,1,0,1.5260563034950492,1.3029127521808397,2.0794415416798357,3.492,0.27692307692307694,7.0,0.4558
Philippines_Flood_in_Philippines_2022-12,2022-12-14,11.3278,124.9976,2.4,30.0,23.8,96,8.9,5.0,3.35,7.0,2.56,1,12,2022,1,0,3,1,0,1.2237754316221157,1.269760544863939,2.0794415416798357,2.304,0.48,6.199999999999999,0.3853
Democratic Republic of the Congo_Flood_in_Democratic__2022-12,2022-12-13,-5.7974,13.4948,43.8,30.2,23.4,99,7.8,20.0,2.35,10.0,34039.82,1,12,2022,3,0,3,1,1,3.8022081394209395,10.435315671703865,2.3978952727983707,43.361999999999995,2.19,6.800000000000001,0.6829
Democratic Republic of the Congo_Flood_in_Democratic__2022-12,2022-12-14,-5.7974,13.4948,1.2,29.3,23.0,99,14.1,7.0,2.51,10.0,34118.29,1,12,2022,1,0,3,1,1,0.7884573603642702,10.437618192479377,2.3978952727983707,1.188,0.17142857142857143,6.300000000000001,0.5208
Democratic Republic of the Congo_Flood_in_Democratic__2022-12,2022-12-15,-5.7974,13.4948,2.7,31.9,23.4,99,10.0,9.0,3.82,10.0,34118.29,1,12,2022,1,0,3,1,1,1.308332819650179,10.437618192479377,2.3978952727983707,2.673,0.30000000000000004,8.5,0.5393
Ethiopia_Flood_in_Ethiopia_2022-08,2022-08-01,8.2504,34.5877,24.5,29.0,21.0,97,6.6,9.0,2.92,441.0,1.99,1,8,2022,2,2,3,0,0,3.2386784521643803,1.095273387402595,6.091309882077698,23.765,2.7222222222222223,8.0,0.4352
Ethiopia_Flood_in_Ethiopia_2022-08,2022-08-02,8.2504,34.5877,20.4,25.7,20.5,96,4.6,18.0,2.14,441.0,2.86,1,8,2022,2,2,3,0,0,3.0633909220278057,1.3506671834767394,6.091309882077698,19.584,1.1333333333333333,5.199999999999999,0.5028
Ethiopia_Flood_in_Ethiopia_2022-08,2022-08-03,8.2504,34.5877,1.7,29.1,20.2,96,10.9,4.0,4.13,441.0,3.75,1,8,2022,1,2,3,0,0,0.9932517730102833,1.55814461804655,6.091309882077698,1.632,0.425,8.900000000000002,0.3624
Ethiopia_Flood_in_Ethiopia_2022-08,2022-08-04,8.2504,34.5877,0.3,31.0,19.8,91,8.7,2.0,4.73,441.0,3.86,1,8,2022,1,2,3,0,0,0.262364264467491,1.5810384379124023,6.091309882077698,0.273,0.15,11.2,0.3324
Ethiopia_Flood_in_Ethiopia_2022-08,2022-08-05,8.2504,34.5877,1.5,30.6,22.2,87,13.5,7.0,4.49,441.0,3.75,1,8,2022,1,2,3,0,0,0.9162907318741551,1.55814461804655,6.091309882077698,1.305,0.21428571428571427,8.400000000000002,0.3664
Philippines_Flood_in_Philippines_2022-10,2022-10-17,12.7503,122.7312,0.6,28.5,27.8,85,36.3,3.0,4.51,0.0,,1,10,2022,1,3,3,1,0,0.4700036292457356,0.0,0.0,0.51,0.19999999999999998,0.6999999999999993,0.3413
Philippines_Flood_in_Philippines_2022-10,2022-10-18,12.7503,122.7312,8.7,28.5,26.5,87,18.2,9.0,4.42,0.0,,1,10,2022,2,3,3,1,0,2.272125885509337,0.0,0.0,7.569,0.9666666666666666,2.0,0.4061
Philippines_Flood_in_Philippines_2022-10,2022-10-19,12.7503,122.7312,11.8,28.5,26.1,89,13.5,16.0,3.94,0.0,,1,10,2022,2,3,3,1,0,2.5494451709255714,0.0,0.0,10.502,0.7375,2.3999999999999986,0.473
Philippines_Flood_in_Philippines_2022-10,2022-10-20,12.7503,122.7312,8.8,28.0,26.2,87,10.1,19.0,2.99,0.0,,1,10,2022,2,3,3,1,0,2.2823823856765264,0.0,0.0,7.656000000000001,0.46315789473684216,1.8000000000000007,0.4896
Philippines_Flood_in_Philippines_2022-10,2022-10-21,12.7503,122.7312,8.2,29.2,25.8,86,16.6,10.0,4.2,0.0,,1,10,2022,2,3,3,1,0,2.2192034840549946,0.0,0.0,7.052,0.82,3.3999999999999986,0.4115
Bangladesh_Flood_in_Bangladesh_2022-10,2022-10-24,24.4769,90.2934,83.1,24.8,21.0,95,39.3,20.0,0.8,18.0,35.73,1,10,2022,4,3,3,1,0,4.432006566978902,3.6035938598315758,2.9444389791664403,78.945,4.154999999999999,3.8000000000000007,0.6101
Bangladesh_Flood_in_Bangladesh_2022-10,2022-10-25,24.4769,90.2934,20.0,26.0,20.7,96,33.2,7.0,2.5,18.0,38.45,1,10,2022,2,3,3,1,0,3.044522437723423,3.6750340472918834,2.9444389791664403,19.2,2.857142857142857,5.300000000000001,0.4241
Bangladesh_Flood_in_Bangladesh_2022-10,2022-10-26,24.4769,90.2934,0.2,29.1,19.1,97,7.7,2.0,3.37,18.0,41.27,1,10,2022,1,3,3,1,0,0.18232155679395465,3.7440776145786985,2.9444389791664403,0.19400000000000003,0.1,10.0,0.3596
Bangladesh_Flood_in_Bangladesh_2022-10,2022-10-27,24.4769,90.2934,0.0,29.1,19.5,98,8.3,0.0,3.53,18.0,40.88,1,10,2022,0,3,3,1,0,0.0,3.734808386002336,2.9444389791664403,0.0,0.0,9.600000000000001,0.345
Bangladesh_Flood_in_Bangladesh_2022-10,2022-10-28,24.4769,90.2934,0.0,29.2,17.4,98,8.6,0.0,3.57,18.0,39.55,1,10,2022,0,3,3,1,0,0.0,3.702535780561422,2.9444389791664403,0.0,0.0,11.8,0.345
Nigeria_Flood_in_Nigeria_2022-09,2022-09-10,4.763,6.0289,4.1,28.4,23.0,96,18.6,9.0,2.94,16.0,20795.96,1,9,2022,1,2,3,1,1,1.62924053973028,9.94256210116174,2.833213344056216,3.9359999999999995,0.4555555555555555,5.399999999999999,0.4897
Nigeria_Flood_in_Nigeria_2022-09,2022-09-11,4.763,6.0289,4.9,29.0,23.1,94,14.1,10.0,3.04,16.0,20136.24,1,9,2022,1,2,3,1,1,1.7749523509116738,9.91032611616662,2.833213344056216,4.606,0.49000000000000005,5.899999999999999,0.4922
Nigeria_Flood_in_Nigeria_2022-09,2022-09-12,4.763,6.0289,12.1,27.7,22.9,97,15.4,11.0,2.64,16.0,19632.61,1,9,2022,2,2,3,1,1,2.5726122302071057,9.884998172553097,2.833213344056216,11.737,1.0999999999999999,4.800000000000001,0.5149
Nigeria_Flood_in_Nigeria_2022-09,2022-09-13,4.763,6.0289,4.2,29.0,22.2,97,12.8,10.0,3.09,16.0,19768.7,1,9,2022,1,2,3,1,1,1.6486586255873816,9.8919057415427,2.833213344056216,4.074000000000001,0.42000000000000004,6.800000000000001,0.497
Nigeria_Flood_in_Nigeria_2022-09,2022-09-14,4.763,6.0289,2.8,29.0,23.2,98,15.1,10.0,3.25,16.0,21231.45,1,9,2022,1,2,3,1,1,1.33500106673234,9.963285950770901,2.833213344056216,2.7439999999999998,0.27999999999999997,5.800000000000001,0.5024
"China, Taiwan_Flood_in_China,_Taiw_2022-09",2022-09-14,31.2323,121.4692,82.9,27.5,22.6,99,47.8,21.0,1.99,10.0,784.24,1,9,2022,4,2,3,1,0,4.429625613473161,6.665989403539832,2.3978952727983707,82.071,3.947619047619048,4.899999999999999,0.6301
"China, Taiwan_Flood_in_China,_Taiw_2022-09",2022-09-15,31.2323,121.4692,26.5,26.5,21.4,94,58.5,14.0,2.64,10.0,1338.68,1,9,2022,3,2,3,1,1,3.3141860046725258,7.200186058456122,2.3978952727983707,24.91,1.8928571428571428,5.100000000000001,0.4906
"China, Taiwan_Flood_in_China,_Taiw_2022-09",2022-09-16,31.2323,121.4692,1.0,28.1,20.1,96,12.4,6.0,3.78,10.0,1930.97,1,9,2022,1,2,3,1,1,0.6931471805599453,7.566295486701593,2.3978952727983707,0.96,0.16666666666666666,8.0,0.3982
Nigeria_Flood_in_Nigeria_2022-08,2022-08-27,8.7282,5.7576,18.6,30.5,22.8,100,8.3,19.0,2.3,123.0,3853.78,1,8,2022,2,2,3,0,1,2.975529566236472,8.257069215627054,4.820281565605037,18.6,0.9789473684210527,7.699999999999999,0.5409
Nigeria_Flood_in_Nigeria_2022-08,2022-08-28,8.7282,5.7576,11.3,28.7,22.8,97,14.0,16.0,2.52,123.0,3989.25,1,8,2022,2,2,3,0,1,2.509599262378372,8.291609164562669,4.820281565605037,10.961000000000002,0.70625,5.899999999999999,0.5002
Nigeria_Flood_in_Nigeria_2022-08,2022-08-29,8.7282,5.7576,15.2,27.1,22.7,98,10.2,18.0,1.7,123.0,4139.0,1,8,2022,2,2,3,0,1,2.785011242238338,8.32845106681936,4.820281565605037,14.895999999999999,0.8444444444444444,4.400000000000002,0.5246
Nigeria_Flood_in_Nigeria_2022-08,2022-08-30,8.7282,5.7576,14.0,29.2,22.9,99,13.4,15.0,3.49,123.0,4294.36,1,8,2022,2,2,3,0,1,2.70805020110221,8.365290649299272,4.820281565605037,13.86,0.9333333333333333,6.300000000000001,0.5009
Nigeria_Flood_in_Nigeria_2022-08,2022-08-31,8.7282,5.7576,7.6,30.0,22.7,98,10.0,15.0,3.77,123.0,4465.84,1,8,2022,2,2,3,0,1,2.151762203259462,8.40443650248811,4.820281565605037,7.4479999999999995,0.5066666666666666,7.300000000000001,0.491
India_Flood_in_India_2022-08,2022-08-11,27.1303,80.8597,0.2,33.2,27.8,75,33.3,1.0,6.32,128.0,0.36,1,8,2022,1,2,2,0,0,0.18232155679395465,0.3074846997479606,4.859812404361672,0.15,0.2,5.400000000000002,0.2971
India_Flood_in_India_2022-08,2022-08-12,27.1303,80.8597,0.7,33.3,27.4,83,31.1,6.0,5.63,128.0,0.31,1,8,2022,1,2,3,0,0,0.5306282510621704,0.27002713721306015,4.859812404361672,0.581,0.11666666666666665,5.899999999999999,0.3578
India_Flood_in_India_2022-08,2022-08-13,27.1303,80.8597,0.8,34.2,26.1,93,10.8,7.0,4.95,128.0,0.26,1,8,2022,1,2,3,0,0,0.5877866649021191,0.23111172096338664,4.859812404361672,0.7440000000000001,0.1142857142857143,8.100000000000001,0.3892
India_Flood_in_India_2022-08,2022-08-14,27.1303,80.8597,10.1,32.3,26.1,94,19.7,11.0,3.59,128.0,0.23,1,8,2022,2,2,3,0,0,2.4069451083182885,0.20701416938432615,4.859812404361672,9.494,0.9181818181818181,6.199999999999996,0.4366
India_Flood_in_India_2022-08,2022-08-15,27.1303,80.8597,19.8,30.5,25.9,90,35.3,13.0,4.74,128.0,0.2,1,8,2022,2,2,3,0,0,3.0349529867072724,0.18232155679395465,4.859812404361672,17.82,1.5230769230769232,4.600000000000001,0.4564
Japan_Flood_in_Japan_2022-08,2022-08-03,34.9332,138.0955,0.0,35.5,22.0,87,21.4,0.0,6.92,343.0,0.37,1,8,2022,0,2,3,0,0,0.0,0.31481073984003355,5.840641657373398,0.0,0.0,13.5,0.3093
Japan_Flood_in_Japan_2022-08,2022-08-04,34.9332,138.0955,7.4,30.3,23.0,100,13.2,12.0,3.35,343.0,0.34,1,8,2022,2,2,3,0,0,2.128231705849268,0.29266961396282,5.840641657373398,7.4,0.6166666666666667,7.300000000000001,0.4486
Japan_Flood_in_Japan_2022-08,2022-08-05,34.9332,138.0955,13.3,28.2,22.0,99,10.0,10.0,2.62,343.0,0.36,1,8,2022,2,2,3,0,0,2.6602595372658615,0.3074846997479606,5.840641657373398,13.167,1.33,6.199999999999999,0.4371
Japan_Flood_in_Japan_2022-08,2022-08-06,34.9332,138.0955,3.0,27.0,21.8,100,13.8,19.0,2.8,343.0,2.21,1,8,2022,1,2,3,0,0,1.3862943611198906,1.1662709371419244,5.840641657373398,3.0,0.15789473684210525,5.199999999999999,0.5013
Japan_Flood_in_Japan_2022-08,2022-08-07,34.9332,138.0955,11.3,29.6,21.8,100,8.4,12.0,4.2,343.0,2.6,1,8,2022,2,2,3,0,0,2.509599262378372,1.2809338454620642,5.840641657373398,11.3,0.9416666666666668,7.800000000000001,0.4535
France_Flood_in_France_2023-12,2023-12-30,47.2186,-1.5541,1.3,12.4,8.0,97,31.3,6.0,0.74,19.0,858.01,1,12,2023,1,0,3,1,0,0.832909122935104,6.755780563360033,2.995732273553991,1.2610000000000001,0.21666666666666667,4.4,0.397
France_Flood_in_France_2023-12,2023-12-31,47.2186,-1.5541,11.1,12.6,8.1,85,41.4,10.0,1.45,19.0,793.33,1,12,2023,2,0,3,1,0,2.4932054526026954,6.677498992030724,2.995732273553991,9.435,1.1099999999999999,4.5,0.415
France_Flood_in_France_2023-12,2024-01-01,47.2186,-1.5541,11.0,11.9,8.1,91,34.2,11.0,0.77,19.0,733.51,1,1,2024,2,0,3,1,0,2.4849066497880004,6.599203610225133,2.995732273553991,10.01,1.0,3.8000000000000007,0.4368
France_Flood_in_France_2023-12,2024-01-02,47.2186,-1.5541,37.2,13.4,11.6,92,40.0,19.0,0.61,19.0,695.63,1,1,2024,3,0,3,1,0,3.6428355156125294,6.546254423326709,2.995732273553991,34.224000000000004,1.9578947368421054,1.8000000000000007,0.5388
France_Flood_in_France_2023-12,2024-01-03,47.2186,-1.5541,4.8,11.9,10.4,89,37.3,9.0,1.16,19.0,846.23,1,1,2024,1,0,3,1,0,1.7578579175523736,6.741972204425123,2.995732273553991,4.272,0.5333333333333333,1.5,0.408
Germany_Flood_in_Germany_2023-12,2023-12-18,52.8399,9.076,0.6,7.4,5.3,90,24.7,3.0,0.52,14.0,0.37,1,12,2023,1,0,3,1,0,0.4700036292457356,0.31481073984003355,2.70805020110221,0.54,0.19999999999999998,2.1000000000000005,0.3523
Germany_Flood_in_Germany_2023-12,2023-12-19,52.8399,9.076,14.7,7.4,6.1,96,25.1,20.0,0.26,14.0,0.34,1,12,2023,2,0,3,1,0,2.7536607123542622,0.29266961396282,2.70805020110221,14.111999999999998,0.735,1.3000000000000007,0.5257
Germany_Flood_in_Germany_2023-12,2023-12-20,52.8399,9.076,6.2,7.1,4.9,94,31.4,11.0,0.36,14.0,0.47,1,12,2023,2,0,3,1,0,1.9740810260220096,0.3852624007906449,2.70805020110221,5.828,0.5636363636363636,2.1999999999999993,0.4353
Germany_Flood_in_Germany_2023-12,2023-12-21,52.8399,9.076,19.8,9.9,5.1,94,36.4,20.0,0.49,14.0,0.59,1,12,2023,2,0,3,1,0,3.0349529867072724,0.4637340162321401,2.70805020110221,18.612000000000002,0.99,4.800000000000001,0.5275
Germany_Flood_in_Germany_2023-12,2023-12-22,52.8399,9.076,6.4,5.6,3.2,93,35.4,17.0,0.64,14.0,0.74,1,12,2023,2,0,3,1,0,2.0014800002101243,0.5538851132264376,2.70805020110221,5.952000000000001,0.3764705882352941,2.3999999999999995,0.4832
Ethiopia_Flood_in_Ethiopia_2023-11,2023-11-01,7.263,43.5361,23.5,28.0,19.2,96,14.3,12.0,3.4,952.0,0.0,1,11,2023,2,3,3,0,0,3.1986731175506815,0.0,6.859614903654202,22.56,1.9583333333333333,8.8,0.4405
Ethiopia_Flood_in_Ethiopia_2023-11,2023-11-02,7.263,43.5361,16.6,24.9,18.6,98,18.1,17.0,2.05,952.0,0.0,1,11,2023,2,3,3,0,0,2.8678989020441064,0.0,6.859614903654202,16.268,0.9764705882352942,6.299999999999997,0.478
Ethiopia_Flood_in_Ethiopia_2023-11,2023-11-03,7.263,43.5361,9.8,25.0,19.5,97,14.1,15.0,2.34,952.0,0.0,1,11,2023,2,3,3,0,0,2.379546134130174,0.0,6.859614903654202,9.506,0.6533333333333334,5.5,0.4505
Ethiopia_Flood_in_Ethiopia_2023-11,2023-11-04,7.263,43.5361,6.4,26.9,19.5,94,16.3,9.0,3.54,952.0,0.0,1,11,2023,2,3,3,0,0,2.0014800002101243,0.0,6.859614903654202,6.016,0.7111111111111111,7.399999999999999,0.3893
Ethiopia_Flood_in_Ethiopia_2023-11,2023-11-05,7.263,43.5361,0.4,27.5,17.7,96,9.0,3.0,4.11,952.0,0.0,1,11,2023,1,3,3,0,0,0.33647223662121295,0.0,6.859614903654202,0.38400000000000006,0.13333333333333333,9.8,0.3362
Somalia_Flood_in_Somalia_2023-10,2023-10-04,8.3677,49.0834,0.5,34.0,24.3,85,28.5,4.0,5.22,324.0,1.09,1,10,2023,1,3,3,0,0,0.4054651081081644,0.7371640659767197,5.783825182329737,0.425,0.125,9.7,0.3393
Somalia_Flood_in_Somalia_2023-10,2023-10-05,8.3677,49.0834,5.8,32.2,23.9,86,22.7,6.0,4.71,324.0,0.96,1,10,2023,2,3,3,0,0,1.916922612182061,0.6729444732424258,5.783825182329737,4.988,0.9666666666666667,8.300000000000004,0.3649
Somalia_Flood_in_Somalia_2023-10,2023-10-06,8.3677,49.0834,0.4,33.8,23.6,86,21.6,4.0,6.1,324.0,0.87,1,10,2023,1,3,3,0,0,0.33647223662121295,0.6259384308664953,5.783825182329737,0.344,0.1,10.199999999999996,0.3414
Somalia_Flood_in_Somalia_2023-10,2023-10-07,8.3677,49.0834,0.0,36.0,23.5,81,26.8,0.0,6.65,324.0,0.81,1,10,2023,0,3,3,0,0,0.0,0.5933268452777344,5.783825182329737,0.0,0.0,12.5,0.2961
Somalia_Flood_in_Somalia_2023-10,2023-10-08,8.3677,49.0834,0.0,36.8,23.2,93,29.2,0.0,6.45,324.0,0.78,1,10,2023,0,3,3,0,0,0.0,0.5766133643039938,5.783825182329737,0.0,0.0,13.599999999999998,0.3237
Kenya_Flood_in_Kenya_2023-10,2023-10-23,1.442,38.4314,0.0,33.5,23.8,71,18.2,0.0,6.76,324.0,0.0,1,10,2023,0,3,2,0,0,0.0,0.0,5.783825182329737,0.0,0.0,9.7,0.2731
Kenya_Flood_in_Kenya_2023-10,2023-10-24,1.442,38.4314,0.0,35.2,25.3,65,18.4,0.0,6.82,324.0,0.0,1,10,2023,0,3,2,0,0,0.0,0.0,5.783825182329737,0.0,0.0,9.900000000000002,0.2593
Kenya_Flood_in_Kenya_2023-10,2023-10-25,1.442,38.4314,11.8,32.4,22.5,93,17.4,11.0,5.24,324.0,0.0,1,10,2023,2,3,3,0,0,2.5494451709255714,0.0,5.783825182329737,10.974,1.0727272727272728,9.899999999999999,0.4303
Kenya_Flood_in_Kenya_2023-10,2023-10-26,1.442,38.4314,7.4,30.5,22.9,90,16.6,13.0,4.04,324.0,0.0,1,10,2023,2,3,3,0,0,2.128231705849268,0.0,5.783825182329737,6.66,0.5692307692307692,7.600000000000001,0.4345
Kenya_Flood_in_Kenya_2023-10,2023-10-27,1.442,38.4314,6.9,30.2,21.8,94,19.1,11.0,4.06,324.0,0.0,1,10,2023,2,3,3,0,0,2.066862759472976,0.0,5.783825182329737,6.486000000000001,0.6272727272727273,8.399999999999999,0.4264
Bangladesh_Flood_in_Bangladesh_2023-10,2023-10-24,21.1766,92.0035,40.9,28.0,22.8,99,44.1,20.0,2.07,0.0,0.74,1,10,2023,3,3,3,1,0,3.735285826928092,0.5538851132264376,0.0,40.491,2.045,5.199999999999999,0.5662
Bangladesh_Flood_in_Bangladesh_2023-10,2023-10-25,21.1766,92.0035,6.5,29.7,23.5,98,42.8,10.0,3.82,0.0,0.88,1,10,2023,2,3,3,1,0,2.0149030205422647,0.6312717768418579,0.0,6.37,0.65,6.199999999999999,0.437
Bangladesh_Flood_in_Bangladesh_2023-10,2023-10-26,21.1766,92.0035,0.0,30.3,22.1,98,11.8,0.0,3.94,0.0,1.2,1,10,2023,0,3,3,1,0,0.0,0.7884573603642702,0.0,0.0,0.0,8.2,0.3454
Libya_Flood_in_Libya_2023-09,2023-09-08,32.7594,22.6383,2.3,31.5,22.9,94,13.9,8.0,4.45,48.0,0.01,1,9,2023,1,2,3,1,0,1.1939224684724346,0.009950330853168083,3.8918202981106265,2.162,0.2875,8.600000000000001,0.4043
Libya_Flood_in_Libya_2023-09,2023-09-09,32.7594,22.6383,0.8,31.7,22.6,95,18.3,5.0,5.22,48.0,0.01,1,9,2023,1,2,3,1,0,0.5877866649021191,0.009950330853168083,3.8918202981106265,0.76,0.16,9.099999999999998,0.3797
Libya_Flood_in_Libya_2023-09,2023-09-10,32.7594,22.6383,19.3,30.1,22.6,99,36.1,13.0,3.2,48.0,0.01,1,9,2023,2,2,3,1,0,3.0106208860477417,0.009950330853168083,3.8918202981106265,19.107,1.4846153846153847,7.5,0.479
Libya_Flood_in_Libya_2023-09,2023-09-11,32.7594,22.6383,55.9,26.6,22.0,98,38.5,19.0,3.14,48.0,0.4,1,9,2023,3,2,3,1,0,4.041295341132285,0.33647223662121295,3.8918202981106265,54.782,2.942105263157895,4.600000000000001,0.5731
Libya_Flood_in_Libya_2023-09,2023-09-12,32.7594,22.6383,0.0,26.6,22.5,85,25.9,0.0,4.9,48.0,0.45,1,9,2023,0,2,3,1,0,0.0,0.37156355643248307,3.8918202981106265,0.0,0.0,4.100000000000001,0.314
Pakistan_Flood_in_Pakistan_2023-08,2023-08-16,31.0,72.0,0.0,39.0,29.1,79,15.5,0.0,6.35,146.0,2785.12,1,8,2023,0,2,2,0,1,0.0,7.932405225917542,4.990432586778736,0.0,0.0,9.899999999999999,0.3064
Pakistan_Flood_in_Pakistan_2023-08,2023-08-17,31.0,72.0,0.0,38.3,29.4,69,18.2,0.0,6.66,146.0,2843.46,1,8,2023,0,2,2,0,1,0.0,7.953128521866481,4.990432586778736,0.0,0.0,8.899999999999999,0.2836
Pakistan_Flood_in_Pakistan_2023-08,2023-08-18,31.0,72.0,0.0,38.5,29.4,78,13.9,0.0,6.23,146.0,2883.03,1,8,2023,0,2,2,0,1,0.0,7.966943900569877,4.990432586778736,0.0,0.0,9.100000000000001,0.3044
India_Flood_in_India_2023-07,2023-07-07,31.8168,77.3493,2.6,22.9,14.8,94,7.3,9.0,3.71,1896.0,3.94,1,7,2023,1,2,3,0,0,1.2809338454620642,1.597365331199831,7.5480289699350145,2.444,0.2888888888888889,8.099999999999998,0.3546
India_Flood_in_India_2023-07,2023-07-08,31.8168,77.3493,36.2,21.2,16.6,97,4.8,23.0,1.33,1896.0,4.01,1,7,2023,3,2,3,0,0,3.616308761279101,1.6114359150967734,7.5480289699350145,35.114000000000004,1.5739130434782609,4.599999999999998,0.5208
India_Flood_in_India_2023-07,2023-07-09,31.8168,77.3493,87.1,17.7,16.1,96,6.4,24.0,0.64,1896.0,4.57,1,7,2023,4,2,3,0,0,4.478472532942134,1.7173950539391927,7.5480289699350145,83.61599999999999,3.6291666666666664,1.5999999999999979,0.5914
India_Flood_in_India_2023-07,2023-07-10,31.8168,77.3493,60.5,18.6,15.7,94,8.8,23.0,0.93,1896.0,5.25,1,7,2023,3,2,3,0,0,4.119037174812473,1.8325814637483102,7.5480289699350145,56.87,2.630434782608696,2.900000000000002,0.5447
India_Rajasthan_Barmer_DryMay,2023-05-01,25.75,71.39,0.3,29.9,20.3,89,17.1,3.0,4.91,207.0,0.25,0,5,2023,1,1,3,0,0,0.262364264467491,0.22314355131420976,5.337538079701318,0.267,0.09999999999999999,9.599999999999998,0.3436
India_Rajasthan_Barmer_DryMay,2023-05-02,25.75,71.39,0.0,32.3,22.0,80,15.6,0.0,5.25,207.0,0.22,0,5,2023,0,1,2,0,0,0.0,0.1988508587451652,5.337538079701318,0.0,0.0,10.299999999999997,0.2975
India_Rajasthan_Barmer_DryMay,2023-05-03,25.75,71.39,0.0,34.1,21.6,83,15.8,0.0,6.18,207.0,0.22,0,5,2023,0,1,3,0,0,0.0,0.1988508587451652,5.337538079701318,0.0,0.0,12.5,0.3044
India_Rajasthan_Barmer_DryMay,2023-05-04,25.75,71.39,0.0,36.5,23.2,68,21.5,0.0,6.62,207.0,0.22,0,5,2023,0,1,2,0,0,0.0,0.1988508587451652,5.337538079701318,0.0,0.0,13.3,0.2699
India_Rajasthan_Barmer_DryMay,2023-05-05,25.75,71.39,0.0,37.0,24.8,53,13.0,0.0,6.97,207.0,0.22,0,5,2023,0,1,1,0,0,0.0,0.1988508587451652,5.337538079701318,0.0,0.0,12.2,0.2354
India_Rajasthan_Jaisalmer_DryJun,2022-06-01,26.91,70.9,0.0,41.3,26.6,64,30.1,0.0,9.25,237.0,0.03,0,6,2022,0,2,2,0,0,0.0,0.0295588022415444,5.472270673671475,0.0,0.0,14.699999999999996,0.2598
India_Rajasthan_Jaisalmer_DryJun,2022-06-02,26.91,70.9,0.0,42.8,27.8,60,28.2,0.0,10.04,237.0,0.03,0,6,2022,0,2,1,0,0,0.0,0.0295588022415444,5.472270673671475,0.0,0.0,14.999999999999996,0.2506
India_Rajasthan_Jaisalmer_DryJun,2022-06-03,26.91,70.9,0.0,42.4,28.6,39,33.1,0.0,11.44,237.0,0.03,0,6,2022,0,2,0,0,0,0.0,0.0295588022415444,5.472270673671475,0.0,0.0,13.799999999999997,0.2023
India_Rajasthan_Jaisalmer_DryJun,2022-06-04,26.91,70.9,0.0,41.5,27.2,62,37.4,0.0,11.17,237.0,0.03,0,6,2022,0,2,2,0,0,0.0,0.0295588022415444,5.472270673671475,0.0,0.0,14.3,0.2552
India_Rajasthan_Jaisalmer_DryJun,2022-06-05,26.91,70.9,0.0,41.0,26.6,64,34.2,0.0,10.22,237.0,0.03,0,6,2022,0,2,2,0,0,0.0,0.0295588022415444,5.472270673671475,0.0,0.0,14.399999999999999,0.2598
India_Gujarat_Kutch_DryApr,2023-04-01,23.73,69.86,0.0,35.5,21.5,93,26.1,0.0,8.02,6.0,0.0,0,4,2023,0,1,3,1,0,0.0,0.0,1.9459101490553132,0.0,0.0,14.0,0.3337
India_Gujarat_Kutch_DryApr,2023-04-02,23.73,69.86,0.0,35.2,21.4,96,27.6,0.0,7.3,6.0,0.0,0,4,2023,0,1,3,1,0,0.0,0.0,1.9459101490553132,0.0,0.0,13.800000000000004,0.3406
India_Gujarat_Kutch_DryApr,2023-04-03,23.73,69.86,0.0,36.2,21.9,95,32.5,0.0,7.19,6.0,0.0,0,4,2023,0,1,3,1,0,0.0,0.0,1.9459101490553132,0.0,0.0,14.300000000000004,0.3383
India_Gujarat_Kutch_DryApr,2023-04-04,23.73,69.86,0.0,36.2,23.4,95,24.5,0.0,7.82,6.0,0.0,0,4,2023,0,1,3,1,0,0.0,0.0,1.9459101490553132,0.0,0.0,12.800000000000004,0.3383
India_Gujarat_Kutch_DryApr,2023-04-05,23.73,69.86,0.0,35.8,21.5,96,28.2,0.0,7.64,6.0,0.0,0,4,2023,0,1,3,1,0,0.0,0.0,1.9459101490553132,0.0,0.0,14.299999999999997,0.3406
India_HP_Spiti_DryFeb,2023-02-01,32.24,78.07,0.0,-16.5,-19.9,64,3.9,0.0,1.05,4128.0,0.0,0,2,2023,0,0,2,0,0,0.0,0.0,8.32579052588609,0.0,0.0,3.3999999999999986,0.1369
India_HP_Spiti_DryFeb,2023-02-02,32.24,78.07,0.2,-12.9,-18.3,39,4.5,2.0,1.13,4128.0,0.0,0,2,2023,1,0,0,0,0,0.18232155679395465,0.0,8.32579052588609,0.07800000000000001,0.1,5.4,0.0963
India_HP_Spiti_DryFeb,2023-02-03,32.24,78.07,1.7,-8.4,-15.0,55,3.6,8.0,1.44,4128.0,0.0,0,2,2023,1,0,1,0,0,0.9932517730102833,0.0,8.32579052588609,0.935,0.2125,6.6,0.185
India_HP_Spiti_DryFeb,2023-02-04,32.24,78.07,6.3,-5.8,-11.0,64,2.2,10.0,1.77,4128.0,0.0,0,2,2023,2,0,2,0,0,1.9878743481543455,0.0,8.32579052588609,4.032,0.63,5.2,0.2282
India_HP_Spiti_DryFeb,2023-02-05,32.24,78.07,0.0,-4.3,-12.0,40,2.4,0.0,1.88,4128.0,0.0,0,2,2023,0,0,0,0,0,0.0,0.0,8.32579052588609,0.0,0.0,7.7,0.0817
India_MP_Bhopal_DryDec,2022-12-01,23.25,77.41,0.0,25.2,12.4,86,9.5,0.0,3.17,501.0,0.26,0,12,2022,0,0,3,0,0,0.0,0.23111172096338664,6.218600119691729,0.0,0.0,12.799999999999999,0.302
India_MP_Bhopal_DryDec,2022-12-02,23.25,77.41,0.0,26.0,12.0,91,9.0,0.0,3.08,501.0,0.25,0,12,2022,0,0,3,0,0,0.0,0.22314355131420976,6.218600119691729,0.0,0.0,14.0,0.3135
India_MP_Bhopal_DryDec,2022-12-03,23.25,77.41,0.0,26.4,12.8,91,10.2,0.0,3.26,501.0,0.23,0,12,2022,0,0,3,0,0,0.0,0.20701416938432615,6.218600119691729,0.0,0.0,13.599999999999998,0.3135
India_MP_Bhopal_DryDec,2022-12-04,23.25,77.41,0.0,26.4,12.1,91,10.2,0.0,3.25,501.0,0.23,0,12,2022,0,0,3,0,0,0.0,0.20701416938432615,6.218600119691729,0.0,0.0,14.299999999999999,0.3135
India_MP_Bhopal_DryDec,2022-12-05,23.25,77.41,0.0,26.0,13.0,87,9.7,0.0,3.23,501.0,0.23,0,12,2022,0,0,3,0,0,0.0,0.20701416938432615,6.218600119691729,0.0,0.0,13.0,0.3043
India_Haryana_Hisar_DryJan,2023-01-01,29.15,75.72,0.0,18.6,6.1,97,9.9,0.0,1.92,212.0,0.02,0,1,2023,0,0,3,0,0,0.0,0.019802627296179712,5.3612921657094255,0.0,0.0,12.500000000000002,0.3364
India_Haryana_Hisar_DryJan,2023-01-02,29.15,75.72,0.0,18.4,5.2,98,9.4,0.0,1.97,212.0,0.02,0,1,2023,0,0,3,0,0,0.0,0.019802627296179712,5.3612921657094255,0.0,0.0,13.2,0.3387
India_Haryana_Hisar_DryJan,2023-01-03,29.15,75.72,0.0,17.1,5.5,100,10.9,0.0,1.88,212.0,0.02,0,1,2023,0,0,3,0,0,0.0,0.019802627296179712,5.3612921657094255,0.0,0.0,11.600000000000001,0.3433
India_Haryana_Hisar_DryJan,2023-01-04,29.15,75.72,0.0,17.4,4.2,99,11.0,0.0,1.9,212.0,0.02,0,1,2023,0,0,3,0,0,0.0,0.019802627296179712,5.3612921657094255,0.0,0.0,13.2,0.341
India_Haryana_Hisar_DryJan,2023-01-05,29.15,75.72,0.0,16.5,4.1,100,10.0,0.0,1.64,212.0,0.02,0,1,2023,0,0,3,0,0,0.0,0.019802627296179712,5.3612921657094255,0.0,0.0,12.4,0.3433
India_Punjab_Ludhiana_DryNov,2022-11-01,30.9,75.85,0.0,30.2,16.3,94,15.5,0.0,3.12,250.0,1.6,0,11,2022,0,3,3,0,0,0.0,0.9555114450274363,5.5254529391317835,0.0,0.0,13.899999999999999,0.3283
India_Punjab_Ludhiana_DryNov,2022-11-02,30.9,75.85,0.0,29.4,17.5,96,13.0,0.0,2.99,250.0,1.58,0,11,2022,0,3,3,0,0,0.0,0.9477893989335261,5.5254529391317835,0.0,0.0,11.899999999999999,0.3329
India_Punjab_Ludhiana_DryNov,2022-11-03,30.9,75.85,0.0,29.4,15.4,90,10.4,0.0,2.73,250.0,1.55,0,11,2022,0,3,3,0,0,0.0,0.9360933591703349,5.5254529391317835,0.0,0.0,13.999999999999998,0.3191
India_Punjab_Ludhiana_DryNov,2022-11-04,30.9,75.85,0.0,29.4,16.1,94,8.0,0.0,2.59,250.0,1.55,0,11,2022,0,3,3,0,0,0.0,0.9360933591703349,5.5254529391317835,0.0,0.0,13.299999999999997,0.3283
India_Punjab_Ludhiana_DryNov,2022-11-05,30.9,75.85,0.0,29.3,16.6,94,13.9,0.0,2.83,250.0,1.54,0,11,2022,0,3,3,0,0,0.0,0.9321640810304452,5.5254529391317835,0.0,0.0,12.7,0.3283
India_TN_Trichy_DryMay,2023-05-01,10.79,78.7,19.1,35.5,24.6,99,16.1,11.0,4.13,80.0,2.34,0,5,2023,2,1,3,1,0,3.0007198150650303,1.205970806988609,4.394449154672439,18.909000000000002,1.7363636363636366,10.899999999999999,0.4611
India_TN_Trichy_DryMay,2023-05-02,10.79,78.7,9.3,31.0,24.0,100,9.7,11.0,2.86,80.0,2.34,0,5,2023,2,1,3,1,0,2.33214389523559,1.205970806988609,4.394449154672439,9.3,0.8454545454545456,7.0,0.4509
India_TN_Trichy_DryMay,2023-05-03,10.79,78.7,5.4,33.9,24.5,97,14.4,7.0,3.97,80.0,1.5,0,5,2023,2,1,3,1,0,1.8562979903656263,0.9162907318741551,4.394449154672439,5.238,0.7714285714285715,9.399999999999999,0.4058
India_TN_Trichy_DryMay,2023-05-04,10.79,78.7,17.1,33.2,25.1,98,14.5,10.0,4.39,80.0,1.06,0,5,2023,2,1,3,1,0,2.89591193827178,0.7227059828014898,4.394449154672439,16.758000000000003,1.7100000000000002,8.100000000000001,0.4479
India_TN_Trichy_DryMay,2023-05-05,10.79,78.7,7.6,32.3,24.0,98,13.7,6.0,3.21,80.0,0.75,0,5,2023,2,1,3,1,0,2.151762203259462,0.5596157879354227,4.394449154672439,7.4479999999999995,1.2666666666666666,8.299999999999997,0.4025
India_AP_Anantapur_DryJun,2022-06-01,14.68,77.6,0.4,35.8,25.2,82,22.2,1.0,6.66,348.0,0.0,0,6,2022,1,2,3,0,0,0.33647223662121295,0.0,5.855071922202427,0.32800000000000007,0.4,10.599999999999998,0.3065
India_AP_Anantapur_DryJun,2022-06-02,14.68,77.6,0.8,36.8,25.0,83,21.3,2.0,6.75,348.0,0.0,0,6,2022,1,2,3,0,0,0.5877866649021191,0.0,5.855071922202427,0.664,0.4,11.799999999999997,0.3176
India_AP_Anantapur_DryJun,2022-06-03,14.68,77.6,13.1,36.5,24.5,86,20.7,4.0,6.66,348.0,0.0,0,6,2022,2,2,3,0,0,2.6461747973841225,0.0,5.855071922202427,11.265999999999998,3.275,12.0,0.3568
India_AP_Anantapur_DryJun,2022-06-04,14.68,77.6,0.0,37.2,24.4,87,22.4,0.0,6.59,348.0,0.0,0,6,2022,0,2,3,0,0,0.0,0.0,5.855071922202427,0.0,0.0,12.800000000000004,0.3091
India_AP_Anantapur_DryJun,2022-06-05,14.68,77.6,0.0,37.1,25.2,85,22.7,0.0,6.57,348.0,0.0,0,6,2022,0,2,3,0,0,0.0,0.0,5.855071922202427,0.0,0.0,11.900000000000002,0.3045
India_Karnataka_Bidar_DryFeb,2023-02-01,17.91,77.52,0.0,29.1,18.2,78,18.6,0.0,4.59,672.0,0.02,0,2,2023,0,0,2,0,0,0.0,0.019802627296179712,6.511745329644728,0.0,0.0,10.900000000000002,0.2782
India_Karnataka_Bidar_DryFeb,2023-02-02,17.91,77.52,0.0,29.0,17.0,78,17.6,0.0,5.09,672.0,0.02,0,2,2023,0,0,2,0,0,0.0,0.019802627296179712,6.511745329644728,0.0,0.0,12.0,0.2782
India_Karnataka_Bidar_DryFeb,2023-02-03,17.91,77.52,0.0,28.8,15.8,54,13.3,0.0,5.32,672.0,0.02,0,2,2023,0,0,1,0,0,0.0,0.019802627296179712,6.511745329644728,0.0,0.0,13.0,0.223
India_Karnataka_Bidar_DryFeb,2023-02-04,17.91,77.52,0.0,29.9,14.9,66,11.4,0.0,5.12,672.0,0.02,0,2,2023,0,0,2,0,0,0.0,0.019802627296179712,6.511745329644728,0.0,0.0,14.999999999999998,0.2506
India_Karnataka_Bidar_DryFeb,2023-02-05,17.91,77.52,0.0,30.4,15.6,60,10.5,0.0,5.26,672.0,0.02,0,2,2023,0,0,1,0,0,0.0,0.019802627296179712,6.511745329644728,0.0,0.0,14.799999999999999,0.2368
India_MH_Aurangabad_DryMar,2023-03-01,19.87,75.34,0.0,32.6,19.8,46,15.5,0.0,6.4,581.0,0.91,0,3,2023,0,1,1,0,0,0.0,0.6471032420585384,6.366470447731438,0.0,0.0,12.8,0.2075
India_MH_Aurangabad_DryMar,2023-03-02,19.87,75.34,0.0,32.8,20.3,48,11.1,0.0,6.04,581.0,0.91,0,3,2023,0,1,1,0,0,0.0,0.6471032420585384,6.366470447731438,0.0,0.0,12.499999999999996,0.2121
India_MH_Aurangabad_DryMar,2023-03-03,19.87,75.34,0.0,33.9,20.6,51,12.6,0.0,6.11,581.0,0.91,0,3,2023,0,1,1,0,0,0.0,0.6471032420585384,6.366470447731438,0.0,0.0,13.299999999999997,0.219
India_MH_Aurangabad_DryMar,2023-03-04,19.87,75.34,0.0,34.0,21.5,47,11.9,0.0,5.69,581.0,0.91,0,3,2023,0,1,1,0,0,0.0,0.6471032420585384,6.366470447731438,0.0,0.0,12.5,0.2098
India_MH_Aurangabad_DryMar,2023-03-05,19.87,75.34,0.0,33.4,22.0,45,16.5,0.0,6.27,581.0,0.91,0,3,2023,0,1,1,0,0,0.0,0.6471032420585384,6.366470447731438,0.0,0.0,11.399999999999999,0.2052
India_Jharkhand_Daltonganj_DryDec,2022-12-01,24.04,84.07,0.0,25.0,11.4,97,8.8,0.0,2.88,233.0,0.01,0,12,2022,0,0,3,0,0,0.0,0.009950330853168083,5.455321115357702,0.0,0.0,13.6,0.3357
India_Jharkhand_Daltonganj_DryDec,2022-12-02,24.04,84.07,0.0,25.2,11.6,98,11.3,0.0,2.87,233.0,0.01,0,12,2022,0,0,3,0,0,0.0,0.009950330853168083,5.455321115357702,0.0,0.0,13.6,0.338
India_Jharkhand_Daltonganj_DryDec,2022-12-03,24.04,84.07,0.0,25.0,12.4,100,8.9,0.0,2.82,233.0,0.01,0,12,2022,0,0,3,0,0,0.0,0.009950330853168083,5.455321115357702,0.0,0.0,12.6,0.3426
India_Jharkhand_Daltonganj_DryDec,2022-12-04,24.04,84.07,0.0,25.0,11.5,95,10.1,0.0,2.92,233.0,0.01,0,12,2022,0,0,3,0,0,0.0,0.009950330853168083,5.455321115357702,0.0,0.0,13.5,0.3311
India_Jharkhand_Daltonganj_DryDec,2022-12-05,24.04,84.07,0.0,23.8,10.6,98,9.0,0.0,2.76,233.0,0.01,0,12,2022,0,0,3,0,0,0.0,0.009950330853168083,5.455321115357702,0.0,0.0,13.200000000000001,0.338
India_Chhattisgarh_Raipur_DryJan,2023-01-01,21.25,81.63,0.0,26.9,14.5,76,9.2,0.0,3.47,297.0,0.34,0,1,2023,0,0,2,0,0,0.0,0.29266961396282,5.697093486505405,0.0,0.0,12.399999999999999,0.2854
India_Chhattisgarh_Raipur_DryJan,2023-01-02,21.25,81.63,0.0,26.8,13.6,82,9.2,0.0,3.29,297.0,0.34,0,1,2023,0,0,3,0,0,0.0,0.29266961396282,5.697093486505405,0.0,0.0,13.200000000000001,0.2992
India_Chhattisgarh_Raipur_DryJan,2023-01-03,21.25,81.63,0.0,26.8,13.4,87,8.7,0.0,3.16,297.0,0.34,0,1,2023,0,0,3,0,0,0.0,0.29266961396282,5.697093486505405,0.0,0.0,13.4,0.3107
India_Chhattisgarh_Raipur_DryJan,2023-01-04,21.25,81.63,0.0,25.0,15.1,93,8.4,0.0,1.96,297.0,0.33,0,1,2023,0,0,3,0,0,0.0,0.2851789422336624,5.697093486505405,0.0,0.0,9.9,0.3245
India_Chhattisgarh_Raipur_DryJan,2023-01-05,21.25,81.63,0.0,25.5,14.8,90,9.8,0.0,3.11,297.0,0.33,0,1,2023,0,0,3,0,0,0.0,0.2851789422336624,5.697093486505405,0.0,0.0,10.7,0.3176
India_Kerala_DryFeb,2023-02-01,9.55,76.52,0.0,32.1,22.0,98,10.8,0.0,4.36,2.0,1.38,0,2,2023,0,0,3,1,0,0.0,0.8671004876833833,1.0986122886681098,0.0,0.0,10.100000000000001,0.3453
India_Kerala_DryFeb,2023-02-02,9.55,76.52,3.8,30.6,22.3,98,8.0,9.0,2.72,2.0,1.69,0,2,2023,1,0,3,1,0,1.5686159179138452,0.9895411936137477,1.0986122886681098,3.7239999999999998,0.4222222222222222,8.3,0.4252
India_Kerala_DryFeb,2023-02-03,9.55,76.52,1.3,30.8,22.2,100,9.0,5.0,3.6,2.0,1.86,0,2,2023,1,0,3,1,0,0.832909122935104,1.0508216248317612,1.0986122886681098,1.3,0.26,8.600000000000001,0.3933
India_Kerala_DryFeb,2023-02-04,9.55,76.52,4.6,31.5,22.0,99,9.0,4.0,3.61,2.0,2.37,0,2,2023,1,0,3,1,0,1.7227665977411035,1.2149127443642704,1.0986122886681098,4.553999999999999,1.15,9.5,0.3868
India_Kerala_DryFeb,2023-02-05,9.55,76.52,0.0,31.8,21.9,99,11.4,0.0,4.48,2.0,2.25,0,2,2023,0,0,3,1,0,0.0,1.1786549963416462,1.0986122886681098,0.0,0.0,9.900000000000002,0.3476
India_Assam_DryDec,2022-12-01,26.14,91.74,0.0,27.3,15.9,94,10.1,0.0,2.67,55.0,0.64,0,12,2022,0,0,3,1,0,0.0,0.49469624183610705,4.02535169073515,0.0,0.0,11.4,0.3345
India_Assam_DryDec,2022-12-02,26.14,91.74,0.0,26.7,15.4,97,8.2,0.0,2.56,55.0,0.6,0,12,2022,0,0,3,1,0,0.0,0.4700036292457356,4.02535169073515,0.0,0.0,11.299999999999999,0.3414
India_Assam_DryDec,2022-12-03,26.14,91.74,0.0,26.8,15.9,96,6.5,0.0,2.6,55.0,0.6,0,12,2022,0,0,3,1,0,0.0,0.4700036292457356,4.02535169073515,0.0,0.0,10.9,0.3391
India_Assam_DryDec,2022-12-04,26.14,91.74,0.0,26.5,15.1,91,10.5,0.0,2.7,55.0,0.59,0,12,2022,0,0,3,1,0,0.0,0.4637340162321401,4.02535169073515,0.0,0.0,11.4,0.3276
India_Assam_DryDec,2022-12-05,26.14,91.74,0.0,26.5,14.8,93,9.1,0.0,2.6,55.0,0.59,0,12,2022,0,0,3,1,0,0.0,0.4637340162321401,4.02535169073515,0.0,0.0,11.7,0.3322
India_Bihar_DryJan,2023-01-01,25.59,85.14,0.0,21.6,10.0,99,9.5,0.0,2.03,55.0,1.19,0,1,2023,0,0,3,1,0,0.0,0.7839015438284094,4.02535169073515,0.0,0.0,11.600000000000001,0.346
India_Bihar_DryJan,2023-01-02,25.59,85.14,0.0,21.1,10.9,99,11.2,0.0,2.01,55.0,1.18,0,1,2023,0,0,3,1,0,0.0,0.7793248768009976,4.02535169073515,0.0,0.0,10.200000000000001,0.346
India_Bihar_DryJan,2023-01-03,25.59,85.14,0.0,20.1,9.2,99,9.8,0.0,2.02,55.0,1.18,0,1,2023,0,0,3,1,0,0.0,0.7793248768009976,4.02535169073515,0.0,0.0,10.900000000000002,0.346
India_Bihar_DryJan,2023-01-04,25.59,85.14,0.0,18.5,8.6,98,11.0,0.0,2.0,55.0,1.17,0,1,2023,0,0,3,1,0,0.0,0.7747271675523681,4.02535169073515,0.0,0.0,9.9,0.3437
India_Bihar_DryJan,2023-01-05,25.59,85.14,0.0,18.5,8.1,97,10.8,0.0,1.95,55.0,1.17,0,1,2023,0,0,3,1,0,0.0,0.7747271675523681,4.02535169073515,0.0,0.0,10.4,0.3414
India_WB_DryFeb,2023-02-01,22.57,88.36,0.0,24.5,18.5,81,11.1,0.0,1.82,12.0,3.22,0,2,2023,0,0,3,1,0,0.0,1.4398351280479207,2.5649493574615367,0.0,0.0,6.0,0.306
India_WB_DryFeb,2023-02-02,22.57,88.36,0.0,25.9,15.8,81,16.6,0.0,4.09,12.0,3.47,0,2,2023,0,0,3,1,0,0.0,1.4973884086254776,2.5649493574615367,0.0,0.0,10.099999999999998,0.306
India_WB_DryFeb,2023-02-03,22.57,88.36,0.0,25.9,14.1,93,14.7,0.0,3.46,12.0,3.73,0,2,2023,0,0,3,1,0,0.0,1.5539252025038417,2.5649493574615367,0.0,0.0,11.799999999999999,0.3335
India_WB_DryFeb,2023-02-04,22.57,88.36,0.0,26.9,13.3,96,12.5,0.0,3.75,12.0,3.76,0,2,2023,0,0,3,1,0,0.0,1.5602476682433286,2.5649493574615367,0.0,0.0,13.599999999999998,0.3404
India_WB_DryFeb,2023-02-05,22.57,88.36,0.0,27.5,14.1,88,9.2,0.0,3.71,12.0,3.75,0,2,2023,0,0,3,1,0,0.0,1.55814461804655,2.5649493574615367,0.0,0.0,13.4,0.322
India_Odisha_DryMar,2023-03-01,20.29,85.82,0.0,35.6,19.9,97,16.5,0.0,5.22,54.0,0.19,0,3,2023,0,1,3,1,0,0.0,0.17395330712343804,4.007333185232471,0.0,0.0,15.700000000000003,0.3414
India_Odisha_DryMar,2023-03-02,20.29,85.82,0.0,36.2,21.0,83,20.4,0.0,5.28,54.0,0.19,0,3,2023,0,1,3,1,0,0.0,0.17395330712343804,4.007333185232471,0.0,0.0,15.200000000000003,0.3092
India_Odisha_DryMar,2023-03-03,20.29,85.82,0.0,36.3,20.9,80,15.4,0.0,5.51,54.0,0.19,0,3,2023,0,1,2,1,0,0.0,0.17395330712343804,4.007333185232471,0.0,0.0,15.399999999999999,0.3023
India_Odisha_DryMar,2023-03-04,20.29,85.82,0.0,36.3,20.5,72,15.2,0.0,6.07,54.0,0.19,0,3,2023,0,1,2,1,0,0.0,0.17395330712343804,4.007333185232471,0.0,0.0,15.799999999999997,0.2839
India_Odisha_DryMar,2023-03-05,20.29,85.82,0.0,36.4,20.5,73,14.4,0.0,6.0,54.0,0.19,0,3,2023,0,1,2,1,0,0.0,0.17395330712343804,4.007333185232471,0.0,0.0,15.899999999999999,0.2862
Pakistan_Punjab_Lahore_DryJan,2023-01-01,31.55,74.34,0.0,16.9,6.1,97,9.2,0.0,1.32,219.0,0.4,0,1,2023,0,0,3,0,0,0.0,0.33647223662121295,5.393627546352362,0.0,0.0,10.799999999999999,0.3362
Pakistan_Punjab_Lahore_DryJan,2023-01-02,31.55,74.34,0.0,15.7,3.8,100,7.4,0.0,1.37,219.0,0.37,0,1,2023,0,0,3,0,0,0.0,0.31481073984003355,5.393627546352362,0.0,0.0,11.899999999999999,0.3431
Pakistan_Punjab_Lahore_DryJan,2023-01-03,31.55,74.34,0.0,16.0,3.3,100,10.0,0.0,1.29,219.0,0.36,0,1,2023,0,0,3,0,0,0.0,0.3074846997479606,5.393627546352362,0.0,0.0,12.7,0.3431
Pakistan_Punjab_Lahore_DryJan,2023-01-04,31.55,74.34,0.0,16.5,5.2,99,9.7,0.0,1.55,219.0,0.34,0,1,2023,0,0,3,0,0,0.0,0.29266961396282,5.393627546352362,0.0,0.0,11.3,0.3408
Pakistan_Punjab_Lahore_DryJan,2023-01-05,31.55,74.34,0.0,15.1,1.2,100,6.3,0.0,1.28,219.0,0.34,0,1,2023,0,0,3,0,0,0.0,0.29266961396282,5.393627546352362,0.0,0.0,13.9,0.3431
Pakistan_Sind_Hyderabad_DryNov,2022-11-01,25.4,68.37,0.0,35.8,22.2,85,19.7,0.0,5.76,39.0,0.01,0,11,2022,0,3,3,1,0,0.0,0.009950330853168083,3.6888794541139363,0.0,0.0,13.599999999999998,0.3143
Pakistan_Sind_Hyderabad_DryNov,2022-11-02,25.4,68.37,0.0,36.2,22.0,94,20.1,0.0,5.59,39.0,0.01,0,11,2022,0,3,3,1,0,0.0,0.009950330853168083,3.6888794541139363,0.0,0.0,14.200000000000003,0.335
Pakistan_Sind_Hyderabad_DryNov,2022-11-03,25.4,68.37,0.0,38.0,22.5,70,21.4,0.0,6.24,39.0,0.01,0,11,2022,0,3,2,1,0,0.0,0.009950330853168083,3.6888794541139363,0.0,0.0,15.5,0.2798
Pakistan_Sind_Hyderabad_DryNov,2022-11-04,25.4,68.37,0.0,38.0,22.0,68,18.8,0.0,6.5,39.0,0.0,0,11,2022,0,3,2,1,0,0.0,0.0,3.6888794541139363,0.0,0.0,16.0,0.2752
Pakistan_Sind_Hyderabad_DryNov,2022-11-05,25.4,68.37,0.0,36.9,22.8,53,19.7,0.0,7.22,39.0,0.0,0,11,2022,0,3,1,1,0,0.0,0.0,3.6888794541139363,0.0,0.0,14.099999999999998,0.2407
Pakistan_Balochistan_Quetta_Dry,2023-02-01,30.19,67.0,0.0,13.6,1.3,79,10.9,0.0,2.64,1672.0,0.0,0,2,2023,0,0,2,0,0,0.0,0.0,7.422373700986824,0.0,0.0,12.299999999999999,0.2489
Pakistan_Balochistan_Quetta_Dry,2023-02-02,30.19,67.0,0.0,14.0,2.2,79,8.9,0.0,2.61,1672.0,0.0,0,2,2023,0,0,2,0,0,0.0,0.0,7.422373700986824,0.0,0.0,11.8,0.2489
Pakistan_Balochistan_Quetta_Dry,2023-02-03,30.19,67.0,2.5,13.8,5.1,83,11.5,5.0,2.11,1672.0,0.0,0,2,2023,1,0,3,0,0,1.252762968495368,0.0,7.422373700986824,2.075,0.5,8.700000000000001,0.3029
Pakistan_Balochistan_Quetta_Dry,2023-02-04,30.19,67.0,0.0,14.1,5.5,89,8.4,0.0,2.5,1672.0,0.0,0,2,2023,0,0,3,0,0,0.0,0.0,7.422373700986824,0.0,0.0,8.6,0.2719
Pakistan_Balochistan_Quetta_Dry,2023-02-05,30.19,67.0,3.2,14.8,3.8,81,15.0,9.0,2.34,1672.0,0.0,0,2,2023,1,0,3,0,0,1.4350845252893227,0.0,7.422373700986824,2.592,0.35555555555555557,11.0,0.3326
Pakistan_KPK_Peshawar_DryDec,2022-12-01,34.01,71.57,0.0,22.2,8.0,95,5.1,0.0,1.61,334.0,18.41,0,12,2022,0,0,3,0,0,0.0,2.9657883971809187,5.814130531825066,0.0,0.0,14.2,0.328
Pakistan_KPK_Peshawar_DryDec,2022-12-02,34.01,71.57,0.0,21.9,7.8,96,4.1,0.0,1.72,334.0,17.75,0,12,2022,0,0,3,0,0,0.0,2.9311937524164198,5.814130531825066,0.0,0.0,14.099999999999998,0.3303
Pakistan_KPK_Peshawar_DryDec,2022-12-03,34.01,71.57,0.0,21.9,9.6,69,5.2,0.0,1.7,334.0,17.2,0,12,2022,0,0,2,0,0,0.0,2.9014215940827497,5.814130531825066,0.0,0.0,12.299999999999999,0.2682
Pakistan_KPK_Peshawar_DryDec,2022-12-04,34.01,71.57,0.0,22.5,7.8,82,9.2,0.0,1.74,334.0,16.7,0,12,2022,0,0,3,0,0,0.0,2.8735646395797834,5.814130531825066,0.0,0.0,14.7,0.2981
Pakistan_KPK_Peshawar_DryDec,2022-12-05,34.01,71.57,0.0,20.6,6.1,88,5.5,0.0,1.63,334.0,16.26,0,12,2022,0,0,3,0,0,0.0,2.848391685655282,5.814130531825066,0.0,0.0,14.500000000000002,0.3119
Pakistan_FATA_DryNov,2022-11-01,33.0,70.5,0.0,27.1,18.0,67,12.7,0.0,3.35,423.0,13.72,0,11,2022,0,3,2,0,0,0.0,2.6892071133007303,6.049733455231958,0.0,0.0,9.100000000000001,0.2608
Pakistan_FATA_DryNov,2022-11-02,33.0,70.5,0.0,28.0,18.3,66,11.6,0.0,3.37,423.0,13.86,0,11,2022,0,3,2,0,0,0.0,2.698673039289613,6.049733455231958,0.0,0.0,9.7,0.2585
Pakistan_FATA_DryNov,2022-11-03,33.0,70.5,0.0,28.6,18.2,65,13.7,0.0,3.51,423.0,13.89,0,11,2022,0,3,2,0,0,0.0,2.7006898466959175,6.049733455231958,0.0,0.0,10.400000000000002,0.2562
Pakistan_FATA_DryNov,2022-11-04,33.0,70.5,0.0,28.3,18.1,72,11.6,0.0,3.27,423.0,13.89,0,11,2022,0,3,2,0,0,0.0,2.7006898466959175,6.049733455231958,0.0,0.0,10.2,0.2723
Pakistan_FATA_DryNov,2022-11-05,33.0,70.5,5.5,25.9,17.5,76,17.9,3.0,2.97,423.0,13.86,0,11,2022,2,3,2,0,0,1.8718021769015913,2.698673039289613,6.049733455231958,4.18,1.8333333333333333,8.399999999999999,0.3135
Bangladesh_Dhaka_DryJan,2023-01-01,23.81,90.41,0.0,23.8,11.9,95,8.7,0.0,2.48,9.0,10.8,0,1,2023,0,0,3,1,0,0.0,2.468099531471619,2.302585092994046,0.0,0.0,11.9,0.3383
Bangladesh_Dhaka_DryJan,2023-01-02,23.81,90.41,0.0,24.4,12.4,95,9.3,0.0,2.65,9.0,10.8,0,1,2023,0,0,3,1,0,0.0,2.468099531471619,2.302585092994046,0.0,0.0,11.999999999999998,0.3383
Bangladesh_Dhaka_DryJan,2023-01-03,23.81,90.41,0.0,23.5,11.9,94,11.0,0.0,2.55,9.0,10.8,0,1,2023,0,0,3,1,0,0.0,2.468099531471619,2.302585092994046,0.0,0.0,11.6,0.336
Bangladesh_Dhaka_DryJan,2023-01-04,23.81,90.41,0.0,23.4,13.2,95,12.2,0.0,2.51,9.0,10.72,0,1,2023,0,0,3,1,0,0.0,2.4612967841488667,2.302585092994046,0.0,0.0,10.2,0.3383
Bangladesh_Dhaka_DryJan,2023-01-05,23.81,90.41,0.0,22.8,12.3,95,14.8,0.0,2.41,9.0,10.67,0,1,2023,0,0,3,1,0,0.0,2.4570214462984645,2.302585092994046,0.0,0.0,10.5,0.3383
Bangladesh_Chittagong_DryFeb,2023-02-01,22.34,91.83,0.0,29.1,14.2,99,12.9,0.0,3.92,18.0,188.23,0,2,2023,0,0,3,1,0,0.0,5.242963206415959,2.9444389791664403,0.0,0.0,14.900000000000002,0.3478
Bangladesh_Chittagong_DryFeb,2023-02-02,22.34,91.83,0.0,28.5,17.1,80,16.6,0.0,4.16,18.0,188.23,0,2,2023,0,0,2,1,0,0.0,5.242963206415959,2.9444389791664403,0.0,0.0,11.399999999999999,0.3041
Bangladesh_Chittagong_DryFeb,2023-02-03,22.34,91.83,0.0,26.5,14.2,87,10.8,0.0,3.58,18.0,196.24,0,2,2023,0,0,3,1,0,0.0,5.284421261355925,2.9444389791664403,0.0,0.0,12.3,0.3202
Bangladesh_Chittagong_DryFeb,2023-02-04,22.34,91.83,0.0,26.5,14.1,97,10.7,0.0,3.59,18.0,202.7,0,2,2023,0,0,3,1,0,0.0,5.31664832323276,2.9444389791664403,0.0,0.0,12.4,0.3432
Bangladesh_Chittagong_DryFeb,2023-02-05,22.34,91.83,0.0,26.4,14.3,96,11.7,0.0,3.62,18.0,204.12,0,2,2023,0,0,3,1,0,0.0,5.323595173732305,2.9444389791664403,0.0,0.0,12.099999999999998,0.3409
Nepal_Kathmandu_DryJan,2023-01-01,27.7,85.32,0.0,14.9,6.7,92,10.8,0.0,1.67,1289.0,0.03,0,1,2023,0,0,3,0,0,0.0,0.0295588022415444,7.162397497355718,0.0,0.0,8.2,0.2909
Nepal_Kathmandu_DryJan,2023-01-02,27.7,85.32,0.0,16.0,4.9,95,9.7,0.0,1.99,1289.0,0.03,0,1,2023,0,0,3,0,0,0.0,0.0295588022415444,7.162397497355718,0.0,0.0,11.1,0.2978
Nepal_Kathmandu_DryJan,2023-01-03,27.7,85.32,0.0,16.3,1.4,100,10.4,0.0,2.12,1289.0,0.02,0,1,2023,0,0,3,0,0,0.0,0.019802627296179712,7.162397497355718,0.0,0.0,14.9,0.3093
Nepal_Kathmandu_DryJan,2023-01-04,27.7,85.32,0.0,16.9,0.9,100,9.2,0.0,2.12,1289.0,0.03,0,1,2023,0,0,3,0,0,0.0,0.0295588022415444,7.162397497355718,0.0,0.0,15.999999999999998,0.3093
Nepal_Kathmandu_DryJan,2023-01-05,27.7,85.32,0.0,16.7,2.1,82,5.6,0.0,2.19,1289.0,0.03,0,1,2023,0,0,3,0,0,0.0,0.0295588022415444,7.162397497355718,0.0,0.0,14.6,0.2679
Nepal_Pokhara_DryFeb,2023-02-01,28.21,83.99,0.0,20.2,5.7,80,7.7,0.0,2.62,845.0,0.85,0,2,2023,0,0,2,0,0,0.0,0.6151856390902334,6.740519359606223,0.0,0.0,14.5,0.2773
Nepal_Pokhara_DryFeb,2023-02-02,28.21,83.99,0.0,18.8,5.4,91,8.7,0.0,2.51,845.0,0.87,0,2,2023,0,0,3,0,0,0.0,0.6259384308664953,6.740519359606223,0.0,0.0,13.4,0.3026
Nepal_Pokhara_DryFeb,2023-02-03,28.21,83.99,0.0,19.0,9.1,88,6.3,0.0,2.44,845.0,0.81,0,2,2023,0,0,3,0,0,0.0,0.5933268452777344,6.740519359606223,0.0,0.0,9.9,0.2957
Nepal_Pokhara_DryFeb,2023-02-04,28.21,83.99,0.0,19.1,7.7,89,9.2,0.0,2.52,845.0,0.92,0,2,2023,0,0,3,0,0,0.0,0.6523251860396903,6.740519359606223,0.0,0.0,11.400000000000002,0.298
Nepal_Pokhara_DryFeb,2023-02-05,28.21,83.99,0.0,17.4,7.8,89,11.8,0.0,2.33,845.0,1.12,0,2,2023,0,0,3,0,0,0.0,0.7514160886839212,6.740519359606223,0.0,0.0,9.599999999999998,0.298
SriLanka_Colombo_DryAug,2022-08-01,6.93,79.86,31.2,26.8,23.9,94,30.6,20.0,1.61,8.0,148.62,0,8,2022,3,2,3,1,0,3.4719664525503626,5.008098746444259,2.1972245773362196,29.327999999999996,1.56,2.900000000000002,0.5427
SriLanka_Colombo_DryAug,2022-08-02,6.93,79.86,38.3,27.3,24.5,88,30.1,23.0,2.91,8.0,206.01,0,8,2022,3,2,3,1,0,3.6712245188752153,5.332767101277263,2.1972245773362196,33.70399999999999,1.6652173913043478,2.8000000000000007,0.5631
SriLanka_Colombo_DryAug,2022-08-03,6.93,79.86,28.9,26.9,24.5,89,30.1,24.0,2.86,8.0,290.74,0,8,2022,3,2,3,1,0,3.3978584803966405,5.675862994658067,2.1972245773362196,25.721,1.2041666666666666,2.3999999999999986,0.5621
SriLanka_Colombo_DryAug,2022-08-04,6.93,79.86,21.7,27.8,24.2,90,27.2,18.0,3.88,8.0,323.34,0,8,2022,2,2,3,1,0,3.122364924487357,5.781792348291228,2.1972245773362196,19.53,1.2055555555555555,3.6000000000000014,0.5053
SriLanka_Colombo_DryAug,2022-08-05,6.93,79.86,5.9,27.3,25.3,90,24.2,14.0,3.77,8.0,310.89,0,8,2022,2,2,3,1,0,1.9315214116032138,5.742650561541583,2.1972245773362196,5.31,0.42142857142857143,2.0,0.4519
Myanmar_Yangon_DryFeb,2023-02-01,16.87,96.19,0.0,32.6,20.3,96,12.4,0.0,4.23,6.0,0.03,0,2,2023,0,0,3,1,0,0.0,0.0295588022415444,1.9459101490553132,0.0,0.0,12.3,0.3406
Myanmar_Yangon_DryFeb,2023-02-02,16.87,96.19,0.0,33.0,20.9,95,12.5,0.0,4.36,6.0,0.03,0,2,2023,0,0,3,1,0,0.0,0.0295588022415444,1.9459101490553132,0.0,0.0,12.100000000000001,0.3383
Myanmar_Yangon_DryFeb,2023-02-03,16.87,96.19,0.0,34.2,21.8,96,14.8,0.0,4.42,6.0,0.03,0,2,2023,0,0,3,1,0,0.0,0.0295588022415444,1.9459101490553132,0.0,0.0,12.400000000000002,0.3406
Myanmar_Yangon_DryFeb,2023-02-04,16.87,96.19,0.0,35.0,22.5,91,12.6,0.0,4.8,6.0,0.03,0,2,2023,0,0,3,1,0,0.0,0.0295588022415444,1.9459101490553132,0.0,0.0,12.5,0.3291
Myanmar_Yangon_DryFeb,2023-02-05,16.87,96.19,0.4,34.5,22.9,82,13.7,2.0,4.9,6.0,0.03,0,2,2023,1,0,3,1,0,0.33647223662121295,0.0295588022415444,1.9459101490553132,0.32800000000000007,0.2,11.600000000000001,0.3256
Thailand_Bangkok_DryMar,2023-03-01,13.75,100.52,0.0,34.8,21.3,74,11.1,0.0,5.39,8.0,0.09,0,3,2023,0,1,2,1,0,0.0,0.08617769624105233,2.1972245773362196,0.0,0.0,13.499999999999996,0.29
Thailand_Bangkok_DryMar,2023-03-02,13.75,100.52,0.0,34.2,23.2,85,16.9,0.0,5.41,8.0,0.06,0,3,2023,0,1,3,1,0,0.0,0.05826890812397577,2.1972245773362196,0.0,0.0,11.000000000000004,0.3153
Thailand_Bangkok_DryMar,2023-03-03,13.75,100.52,0.0,33.7,22.0,78,15.9,0.0,5.72,8.0,0.06,0,3,2023,0,1,2,1,0,0.0,0.05826890812397577,2.1972245773362196,0.0,0.0,11.700000000000003,0.2992
Thailand_Bangkok_DryMar,2023-03-04,13.75,100.52,0.0,33.2,21.6,76,17.8,0.0,5.83,8.0,0.06,0,3,2023,0,1,2,1,0,0.0,0.05826890812397577,2.1972245773362196,0.0,0.0,11.600000000000001,0.2946
Thailand_Bangkok_DryMar,2023-03-05,13.75,100.52,0.0,33.5,21.2,80,16.0,0.0,5.73,8.0,0.06,0,3,2023,0,1,2,1,0,0.0,0.05826890812397577,2.1972245773362196,0.0,0.0,12.3,0.3038
Vietnam_Hanoi_DryJan,2023-01-01,21.03,105.83,0.0,20.2,9.2,91,10.5,0.0,2.61,14.0,1053.39,0,1,2023,0,0,3,1,1,0.0,6.960717679636501,2.70805020110221,0.0,0.0,11.0,0.3324
Vietnam_Hanoi_DryJan,2023-01-02,21.03,105.83,0.3,19.0,11.1,96,11.7,3.0,1.43,14.0,1072.99,0,1,2023,1,0,3,1,1,0.262364264467491,6.979135964038498,2.70805020110221,0.288,0.09999999999999999,7.9,0.3693
Vietnam_Hanoi_DryJan,2023-01-03,21.03,105.83,0.0,19.5,14.4,86,9.3,0.0,1.77,14.0,1034.14,0,1,2023,0,0,3,1,1,0.0,6.942291962252373,2.70805020110221,0.0,0.0,5.1,0.3208
Vietnam_Hanoi_DryJan,2023-01-04,21.03,105.83,0.0,22.0,14.6,84,9.4,0.0,2.42,14.0,965.05,0,1,2023,0,0,3,1,0,0.0,6.873215592707393,2.70805020110221,0.0,0.0,7.4,0.316
Vietnam_Hanoi_DryJan,2023-01-05,21.03,105.83,0.0,21.5,14.1,94,9.2,0.0,1.58,14.0,894.36,0,1,2023,0,0,3,1,0,0.0,6.797225872037061,2.70805020110221,0.0,0.0,7.4,0.3387
Indonesia_Jakarta_DryAug,2022-08-01,-6.21,106.85,0.0,33.5,23.6,92,14.2,0.0,4.51,14.0,0.95,0,8,2022,0,2,3,1,0,0.0,0.6678293725756554,2.70805020110221,0.0,0.0,9.899999999999999,0.3312
Indonesia_Jakarta_DryAug,2022-08-02,-6.21,106.85,2.2,32.0,23.3,95,10.4,8.0,3.86,14.0,0.87,0,8,2022,1,2,3,1,0,1.1631508098056809,0.6259384308664953,2.70805020110221,2.0900000000000003,0.275,8.7,0.4075
Indonesia_Jakarta_DryAug,2022-08-03,-6.21,106.85,20.8,31.1,23.5,96,12.2,17.0,3.36,14.0,0.81,0,8,2022,2,2,3,1,0,3.0819099697950434,0.5933268452777344,2.70805020110221,19.968000000000004,1.223529411764706,7.600000000000001,0.5084
Indonesia_Jakarta_DryAug,2022-08-04,-6.21,106.85,12.6,30.8,22.1,99,10.9,11.0,3.58,14.0,1.2,0,8,2022,2,2,3,1,0,2.6100697927420065,0.7884573603642702,2.70805020110221,12.473999999999998,1.1454545454545455,8.7,0.4549
Indonesia_Jakarta_DryAug,2022-08-05,-6.21,106.85,1.1,29.3,22.3,98,12.1,5.0,3.37,14.0,1.8,0,8,2022,1,2,3,1,0,0.7419373447293773,1.0296194171811581,2.70805020110221,1.078,0.22000000000000003,7.0,0.388
Indonesia_Surabaya_DryJul,2022-07-01,-7.25,112.75,0.0,30.4,24.1,92,19.7,0.0,4.69,10.0,,0,7,2022,0,2,3,1,0,0.0,0.0,2.3978952727983707,0.0,0.0,6.299999999999997,0.3313
Indonesia_Surabaya_DryJul,2022-07-02,-7.25,112.75,0.8,30.5,25.3,86,16.1,5.0,3.68,10.0,,0,7,2022,1,2,3,1,0,0.5877866649021191,0.0,2.3978952727983707,0.688,0.16,5.199999999999999,0.3602
Indonesia_Surabaya_DryJul,2022-07-03,-7.25,112.75,4.2,29.4,26.4,86,16.4,11.0,3.76,10.0,,0,7,2022,1,2,3,1,0,1.6486586255873816,0.0,2.3978952727983707,3.612,0.38181818181818183,3.0,0.4145
Indonesia_Surabaya_DryJul,2022-07-04,-7.25,112.75,6.4,28.3,26.3,89,17.1,10.0,3.12,10.0,,0,7,2022,2,2,3,1,0,2.0014800002101243,0.0,2.3978952727983707,5.696000000000001,0.64,2.0,0.4158
Indonesia_Surabaya_DryJul,2022-07-05,-7.25,112.75,6.1,29.8,25.5,94,11.1,10.0,3.54,10.0,,0,7,2022,2,2,3,1,0,1.9600947840472698,0.0,2.3978952727983707,5.734,0.61,4.300000000000001,0.427
Philippines_Manila_DryFeb,2023-02-01,14.59,120.98,0.0,31.0,22.9,94,21.1,0.0,4.0,5.0,192.64,0,2,2023,0,0,3,1,0,0.0,5.266000765071493,1.791759469228055,0.0,0.0,8.100000000000001,0.3367
Philippines_Manila_DryFeb,2023-02-02,14.59,120.98,0.5,31.1,23.8,97,15.9,3.0,3.58,5.0,175.6,0,2,2023,1,0,3,1,0,0.4054651081081644,5.173887288169859,1.791759469228055,0.485,0.16666666666666666,7.300000000000001,0.3692
Philippines_Manila_DryFeb,2023-02-03,14.59,120.98,0.9,31.7,22.8,100,16.2,6.0,4.54,5.0,151.05,0,2,2023,1,0,3,1,0,0.6418538861723948,5.024209414123374,1.791759469228055,0.9,0.15,8.899999999999999,0.4015
Philippines_Manila_DryFeb,2023-02-04,14.59,120.98,0.0,30.8,23.1,96,18.4,0.0,4.36,5.0,126.06,0,2,2023,0,0,3,1,0,0.0,4.844659415838387,1.791759469228055,0.0,0.0,7.699999999999999,0.3411
Philippines_Manila_DryFeb,2023-02-05,14.59,120.98,0.4,30.6,22.5,93,15.2,2.0,3.77,5.0,102.99,0,2,2023,1,0,3,1,0,0.33647223662121295,4.644294740672142,1.791759469228055,0.37200000000000005,0.2,8.100000000000001,0.3513
China_Beijing_DryDec,2022-12-01,39.91,116.4,0.0,-1.2,-8.1,23,19.6,0.0,1.51,47.0,5.01,0,12,2022,0,0,0,1,0,0.0,1.7934247485471162,3.871201010907891,0.0,0.0,6.8999999999999995,0.1715
China_Beijing_DryDec,2022-12-02,39.91,116.4,0.0,-2.3,-9.1,56,12.7,0.0,0.83,47.0,4.81,0,12,2022,0,0,1,1,0,0.0,1.7595805708638197,3.871201010907891,0.0,0.0,6.8,0.2474
China_Beijing_DryDec,2022-12-03,39.91,116.4,0.0,1.7,-7.8,57,24.1,0.0,1.8,47.0,4.81,0,12,2022,0,0,1,1,0,0.0,1.7595805708638197,3.871201010907891,0.0,0.0,9.5,0.2497
China_Beijing_DryDec,2022-12-04,39.91,116.4,0.0,0.2,-7.7,41,16.6,0.0,1.29,47.0,4.79,0,12,2022,0,0,1,1,0,0.0,1.7561322915849038,3.871201010907891,0.0,0.0,7.9,0.2129
China_Beijing_DryDec,2022-12-05,39.91,116.4,0.0,3.4,-7.1,38,16.6,0.0,1.41,47.0,4.79,0,12,2022,0,0,0,1,0,0.0,1.7561322915849038,3.871201010907891,0.0,0.0,10.5,0.206
China_Xinjiang_DryJun,2022-06-01,43.8,87.61,5.7,20.8,13.8,84,21.9,7.0,2.77,866.0,0.03,0,6,2022,2,2,3,0,0,1.9021075263969205,0.0295588022415444,6.7650389767805414,4.788,0.8142857142857143,7.0,0.3514
China_Xinjiang_DryJun,2022-06-02,43.8,87.61,8.8,22.5,13.3,81,25.6,5.0,4.4,866.0,0.03,0,6,2022,2,2,3,0,0,2.2823823856765264,0.0295588022415444,6.7650389767805414,7.128000000000001,1.7600000000000002,9.2,0.3318
China_Xinjiang_DryJun,2022-06-03,43.8,87.61,0.0,23.2,11.6,72,18.3,0.0,5.52,866.0,0.0,0,6,2022,0,2,2,0,0,0.0,0.0,6.7650389767805414,0.0,0.0,11.6,0.2583
China_Xinjiang_DryJun,2022-06-04,43.8,87.61,0.7,24.9,12.6,70,26.9,3.0,5.08,866.0,0.03,0,6,2022,1,2,2,0,0,0.5306282510621704,0.0295588022415444,6.7650389767805414,0.49,0.2333333333333333,12.299999999999999,0.2796
China_Xinjiang_DryJun,2022-06-05,43.8,87.61,0.1,25.2,12.0,85,13.4,1.0,5.21,866.0,0.0,0,6,2022,1,2,3,0,0,0.09531017980432487,0.0,6.7650389767805414,0.085,0.1,13.2,0.2966
Japan_Tokyo_DryJan,2023-01-01,35.69,139.69,0.0,10.8,-2.2,91,19.1,0.0,1.4,43.0,0.24,0,1,2023,0,0,3,1,0,0.0,0.2151113796169455,3.784189633918261,0.0,0.0,13.0,0.328
Japan_Tokyo_DryJan,2023-01-02,35.69,139.69,0.0,8.9,1.1,74,24.5,0.0,1.76,43.0,0.24,0,1,2023,0,0,2,1,0,0.0,0.2151113796169455,3.784189633918261,0.0,0.0,7.800000000000001,0.2889
Japan_Tokyo_DryJan,2023-01-03,35.69,139.69,0.0,8.9,-1.1,70,22.7,0.0,1.83,43.0,0.23,0,1,2023,0,0,2,1,0,0.0,0.20701416938432615,3.784189633918261,0.0,0.0,10.0,0.2797
Japan_Tokyo_DryJan,2023-01-04,35.69,139.69,0.0,8.6,0.3,70,23.4,0.0,1.75,43.0,0.23,0,1,2023,0,0,2,1,0,0.0,0.20701416938432615,3.784189633918261,0.0,0.0,8.299999999999999,0.2797
Japan_Tokyo_DryJan,2023-01-05,35.69,139.69,0.0,9.3,0.2,67,26.0,0.0,2.16,43.0,0.23,0,1,2023,0,0,2,1,0,0.0,0.20701416938432615,3.784189633918261,0.0,0.0,9.100000000000001,0.2728
SouthKorea_Seoul_DryDec,2022-12-01,37.57,126.98,0.0,-3.5,-9.1,66,11.3,0.0,0.84,37.0,1.44,0,12,2022,0,0,2,1,0,0.0,0.8919980393051105,3.6375861597263857,0.0,0.0,5.6,0.2707
SouthKorea_Seoul_DryDec,2022-12-02,37.57,126.98,0.0,-0.4,-8.1,68,13.0,0.0,1.02,37.0,1.11,0,12,2022,0,0,2,1,0,0.0,0.7466879474879752,3.6375861597263857,0.0,0.0,7.699999999999999,0.2753
SouthKorea_Seoul_DryDec,2022-12-03,37.57,126.98,2.4,6.7,-2.3,88,18.3,5.0,1.18,37.0,0.98,0,12,2022,1,0,3,1,0,1.2237754316221157,0.6830968447064438,3.6375861597263857,2.112,0.48,9.0,0.366
SouthKorea_Seoul_DryDec,2022-12-04,37.57,126.98,0.0,-2.0,-7.1,51,18.4,0.0,1.34,37.0,0.91,0,12,2022,0,0,1,1,0,0.0,0.6471032420585384,3.6375861597263857,0.0,0.0,5.1,0.2362
SouthKorea_Seoul_DryDec,2022-12-05,37.57,126.98,0.0,-0.2,-7.2,64,12.6,0.0,1.15,37.0,0.86,0,12,2022,0,0,2,1,0,0.0,0.6205764877251099,3.6375861597263857,0.0,0.0,7.0,0.2661
Iran_Tehran_DryAug,2022-08-01,35.69,51.42,0.0,36.0,23.5,52,18.1,0.0,7.17,1166.0,1.2,0,8,2022,0,2,1,0,0,0.0,0.7884573603642702,7.062191632286556,0.0,0.0,12.5,0.2028
Iran_Tehran_DryAug,2022-08-02,35.69,51.42,0.0,37.3,24.8,38,13.5,0.0,7.54,1166.0,0.53,0,8,2022,0,2,0,0,0,0.0,0.4252677354043441,7.062191632286556,0.0,0.0,12.499999999999996,0.1706
Iran_Tehran_DryAug,2022-08-03,35.69,51.42,0.0,38.3,26.0,30,14.0,0.0,7.53,1166.0,0.26,0,8,2022,0,2,0,0,0,0.0,0.23111172096338664,7.062191632286556,0.0,0.0,12.299999999999997,0.1523
Iran_Tehran_DryAug,2022-08-04,35.69,51.42,0.0,39.2,26.9,26,13.0,0.0,8.51,1166.0,0.16,0,8,2022,0,2,0,0,0,0.0,0.1484200051182733,7.062191632286556,0.0,0.0,12.300000000000004,0.1431
Iran_Tehran_DryAug,2022-08-05,35.69,51.42,0.0,37.1,26.6,30,12.6,0.0,7.42,1166.0,0.09,0,8,2022,0,2,0,0,0,0.0,0.08617769624105233,7.062191632286556,0.0,0.0,10.5,0.1523
UAE_Dubai_DryJun,2022-06-01,25.2,55.27,0.0,41.8,24.9,88,30.8,0.0,9.34,0.0,2.85,0,6,2022,0,2,3,1,0,0.0,1.3480731482996928,0.0,0.0,0.0,16.9,0.3224
UAE_Dubai_DryJun,2022-06-02,25.2,55.27,0.0,38.8,28.0,64,24.5,0.0,8.16,0.0,2.97,0,6,2022,0,2,2,1,0,0.0,1.3787660946990992,0.0,0.0,0.0,10.799999999999997,0.2673
UAE_Dubai_DryJun,2022-06-03,25.2,55.27,0.0,39.3,25.4,81,26.2,0.0,7.71,0.0,2.97,0,6,2022,0,2,3,1,0,0.0,1.3787660946990992,0.0,0.0,0.0,13.899999999999999,0.3063
UAE_Dubai_DryJun,2022-06-04,25.2,55.27,0.0,39.5,23.6,77,26.7,0.0,7.47,0.0,2.97,0,6,2022,0,2,2,1,0,0.0,1.3787660946990992,0.0,0.0,0.0,15.899999999999999,0.2971
UAE_Dubai_DryJun,2022-06-05,25.2,55.27,0.0,40.8,24.1,85,25.5,0.0,7.74,0.0,2.97,0,6,2022,0,2,3,1,0,0.0,1.3787660946990992,0.0,0.0,0.0,16.699999999999996,0.3155
Iraq_Baghdad_DryJul,2023-07-01,33.32,44.4,0.0,42.8,30.3,31,25.2,0.0,12.13,36.0,0.08,0,7,2023,0,2,0,1,0,0.0,0.07696104113612832,3.6109179126442243,0.0,0.0,12.499999999999996,0.1902
Iraq_Baghdad_DryJul,2023-07-02,33.32,44.4,0.0,43.0,28.9,30,30.1,0.0,12.87,36.0,0.08,0,7,2023,0,2,0,1,0,0.0,0.07696104113612832,3.6109179126442243,0.0,0.0,14.100000000000001,0.1879
Iraq_Baghdad_DryJul,2023-07-03,33.32,44.4,0.0,42.3,29.2,25,31.9,0.0,12.95,36.0,0.08,0,7,2023,0,2,0,1,0,0.0,0.07696104113612832,3.6109179126442243,0.0,0.0,13.099999999999998,0.1764
Iraq_Baghdad_DryJul,2023-07-04,33.32,44.4,0.0,44.7,28.8,35,25.5,0.0,12.7,36.0,0.08,0,7,2023,0,2,0,1,0,0.0,0.07696104113612832,3.6109179126442243,0.0,0.0,15.900000000000002,0.1994
Iraq_Baghdad_DryJul,2023-07-05,33.32,44.4,0.0,45.2,30.4,31,28.0,0.0,13.53,36.0,0.08,0,7,2023,0,2,0,1,0,0.0,0.07696104113612832,3.6109179126442243,0.0,0.0,14.800000000000004,0.1902
Jordan_Amman_DryAug,2022-08-01,31.96,35.95,0.0,32.0,18.5,65,21.7,0.0,7.75,784.0,3.36,0,8,2022,0,2,2,0,0,0.0,1.4724720573609429,6.665683717782408,0.0,0.0,13.5,0.2448
Jordan_Amman_DryAug,2022-08-02,31.96,35.95,0.0,33.2,21.3,54,20.0,0.0,8.18,784.0,3.38,0,8,2022,0,2,1,0,0,0.0,1.4770487243883548,6.665683717782408,0.0,0.0,11.900000000000002,0.2195
Jordan_Amman_DryAug,2022-08-03,31.96,35.95,0.0,35.8,21.5,60,17.8,0.0,8.07,784.0,3.38,0,8,2022,0,2,1,0,0,0.0,1.4770487243883548,6.665683717782408,0.0,0.0,14.299999999999997,0.2333
Jordan_Amman_DryAug,2022-08-04,31.96,35.95,0.0,38.3,23.2,51,19.1,0.0,8.2,784.0,3.38,0,8,2022,0,2,1,0,0,0.0,1.4770487243883548,6.665683717782408,0.0,0.0,15.099999999999998,0.2126
Jordan_Amman_DryAug,2022-08-05,31.96,35.95,0.0,37.4,24.9,54,23.4,0.0,9.1,784.0,3.38,0,8,2022,0,2,1,0,0,0.0,1.4770487243883548,6.665683717782408,0.0,0.0,12.5,0.2195
Kenya_Nairobi_DryJul,2022-07-01,-1.29,36.82,0.1,19.5,10.6,91,9.2,1.0,2.4,1668.0,0.02,0,7,2022,1,2,3,0,0,0.09531017980432487,0.019802627296179712,7.419979923661835,0.091,0.1,8.9,0.2851
Kenya_Nairobi_DryJul,2022-07-02,-1.29,36.82,0.0,24.0,11.9,90,10.3,0.0,3.99,1668.0,0.02,0,7,2022,0,2,3,0,0,0.0,0.019802627296179712,7.419979923661835,0.0,0.0,12.1,0.2743
Kenya_Nairobi_DryJul,2022-07-03,-1.29,36.82,0.0,24.0,10.2,92,13.7,0.0,3.64,1668.0,0.02,0,7,2022,0,2,3,0,0,0.0,0.019802627296179712,7.419979923661835,0.0,0.0,13.8,0.2789
Kenya_Nairobi_DryJul,2022-07-04,-1.29,36.82,0.0,23.0,8.9,81,13.3,0.0,4.36,1668.0,0.02,0,7,2022,0,2,3,0,0,0.0,0.019802627296179712,7.419979923661835,0.0,0.0,14.1,0.2536
Kenya_Nairobi_DryJul,2022-07-05,-1.29,36.82,0.0,21.4,10.6,94,12.4,0.0,2.58,1668.0,0.02,0,7,2022,0,2,3,0,0,0.0,0.019802627296179712,7.419979923661835,0.0,0.0,10.799999999999999,0.2835
Egypt_Cairo_DryJun,2022-06-01,30.04,31.23,0.0,34.2,19.7,89,17.3,0.0,7.47,14.0,0.16,0,6,2022,0,2,3,1,0,0.0,0.1484200051182733,2.70805020110221,0.0,0.0,14.500000000000004,0.3243
Egypt_Cairo_DryJun,2022-06-02,30.04,31.23,0.0,34.3,18.9,91,15.1,0.0,7.39,14.0,0.16,0,6,2022,0,2,3,1,0,0.0,0.1484200051182733,2.70805020110221,0.0,0.0,15.399999999999999,0.3289
Egypt_Cairo_DryJun,2022-06-03,30.04,31.23,0.0,35.7,18.9,95,14.8,0.0,7.17,14.0,0.16,0,6,2022,0,2,3,1,0,0.0,0.1484200051182733,2.70805020110221,0.0,0.0,16.800000000000004,0.3381
Egypt_Cairo_DryJun,2022-06-04,30.04,31.23,0.0,37.7,21.9,82,18.5,0.0,7.94,14.0,0.16,0,6,2022,0,2,3,1,0,0.0,0.1484200051182733,2.70805020110221,0.0,0.0,15.800000000000004,0.3082
Egypt_Cairo_DryJun,2022-06-05,30.04,31.23,0.0,37.4,21.8,87,15.0,0.0,7.72,14.0,0.16,0,6,2022,0,2,3,1,0,0.0,0.1484200051182733,2.70805020110221,0.0,0.0,15.599999999999998,0.3197
Libya_Tripoli_DryAug,2022-08-01,32.9,13.18,0.0,31.5,24.1,97,14.2,0.0,5.57,0.0,,0,8,2022,0,2,3,1,0,0.0,0.0,0.0,0.0,0.0,7.399999999999999,0.3431
Libya_Tripoli_DryAug,2022-08-02,32.9,13.18,0.0,31.7,23.9,94,15.5,0.0,5.76,0.0,,0,8,2022,0,2,3,1,0,0.0,0.0,0.0,0.0,0.0,7.800000000000001,0.3362
Libya_Tripoli_DryAug,2022-08-03,32.9,13.18,0.0,31.0,24.0,92,23.1,0.0,6.12,0.0,,0,8,2022,0,2,3,1,0,0.0,0.0,0.0,0.0,0.0,7.0,0.3316
Libya_Tripoli_DryAug,2022-08-04,32.9,13.18,0.0,31.5,25.4,87,26.0,0.0,6.25,0.0,,0,8,2022,0,2,3,1,0,0.0,0.0,0.0,0.0,0.0,6.100000000000001,0.3201
Libya_Tripoli_DryAug,2022-08-05,32.9,13.18,0.0,32.2,24.6,82,22.4,0.0,6.46,0.0,,0,8,2022,0,2,3,1,0,0.0,0.0,0.0,0.0,0.0,7.600000000000001,0.3086
Morocco_Rabat_DryJul,2023-07-01,34.02,-6.83,0.0,26.4,19.2,98,15.5,0.0,5.19,26.0,0.41,0,7,2023,0,2,3,1,0,0.0,0.3435897043900769,3.295836866004329,0.0,0.0,7.199999999999999,0.3446
Morocco_Rabat_DryJul,2023-07-02,34.02,-6.83,0.0,27.6,21.9,93,16.5,0.0,5.26,26.0,0.42,0,7,2023,0,2,3,1,0,0.0,0.3506568716131694,3.295836866004329,0.0,0.0,5.700000000000003,0.3331
Morocco_Rabat_DryJul,2023-07-03,34.02,-6.83,0.0,27.4,22.2,92,17.0,0.0,5.17,26.0,0.42,0,7,2023,0,2,3,1,0,0.0,0.3506568716131694,3.295836866004329,0.0,0.0,5.199999999999999,0.3308
Morocco_Rabat_DryJul,2023-07-04,34.02,-6.83,0.0,27.4,21.5,96,15.3,0.0,5.13,26.0,0.42,0,7,2023,0,2,3,1,0,0.0,0.3506568716131694,3.295836866004329,0.0,0.0,5.899999999999999,0.34
Morocco_Rabat_DryJul,2023-07-05,34.02,-6.83,0.0,28.3,21.2,99,16.4,0.0,5.23,26.0,0.42,0,7,2023,0,2,3,1,0,0.0,0.3506568716131694,3.295836866004329,0.0,0.0,7.100000000000001,0.3469
Tanzania_Dodoma_DryJun,2022-06-01,-6.17,35.73,1.3,26.8,15.9,95,25.9,5.0,4.8,1131.0,0.0,0,6,2022,1,2,3,0,0,0.832909122935104,0.0,7.0317412587631285,1.235,0.26,10.9,0.3461
Tanzania_Dodoma_DryJun,2022-06-02,-6.17,35.73,0.0,26.9,16.2,80,26.2,0.0,5.07,1131.0,0.0,0,6,2022,0,2,2,0,0,0.0,0.0,7.0317412587631285,0.0,0.0,10.7,0.2683
Tanzania_Dodoma_DryJun,2022-06-03,-6.17,35.73,0.0,27.5,15.2,70,27.0,0.0,5.52,1131.0,0.0,0,6,2022,0,2,2,0,0,0.0,0.0,7.0317412587631285,0.0,0.0,12.3,0.2453
Tanzania_Dodoma_DryJun,2022-06-04,-6.17,35.73,0.0,27.0,14.6,65,25.6,0.0,6.23,1131.0,0.0,0,6,2022,0,2,2,0,0,0.0,0.0,7.0317412587631285,0.0,0.0,12.4,0.2338
Tanzania_Dodoma_DryJun,2022-06-05,-6.17,35.73,0.0,28.0,15.5,66,24.4,0.0,5.51,1131.0,0.0,0,6,2022,0,2,2,0,0,0.0,0.0,7.0317412587631285,0.0,0.0,12.5,0.2361
Botswana_Gaborone_DryJul,2022-07-01,-24.65,25.91,0.0,18.6,6.2,94,13.0,0.0,2.65,1002.0,1.05,0,7,2022,0,2,3,0,0,0.0,0.7178397931503169,6.910750787961936,0.0,0.0,12.400000000000002,0.3046
Botswana_Gaborone_DryJul,2022-07-02,-24.65,25.91,0.0,19.9,5.4,90,10.7,0.0,2.63,1002.0,0.8,0,7,2022,0,2,3,0,0,0.0,0.5877866649021191,6.910750787961936,0.0,0.0,14.499999999999998,0.2954
Botswana_Gaborone_DryJul,2022-07-03,-24.65,25.91,0.0,21.0,7.7,87,10.2,0.0,2.61,1002.0,0.63,0,7,2022,0,2,3,0,0,0.0,0.48858001481867097,6.910750787961936,0.0,0.0,13.3,0.2885
Botswana_Gaborone_DryJul,2022-07-04,-24.65,25.91,0.0,21.6,7.4,87,13.0,0.0,2.82,1002.0,0.5,0,7,2022,0,2,3,0,0,0.0,0.4054651081081644,6.910750787961936,0.0,0.0,14.200000000000001,0.2885
Botswana_Gaborone_DryJul,2022-07-05,-24.65,25.91,0.0,22.8,9.1,75,10.9,0.0,2.98,1002.0,0.41,0,7,2022,0,2,2,0,0,0.0,0.3435897043900769,6.910750787961936,0.0,0.0,13.700000000000001,0.2609
Namibia_Windhoek_DryJun,2022-06-01,-22.56,17.08,0.0,19.5,6.1,29,24.9,0.0,5.37,1651.0,0.0,0,6,2022,0,2,0,0,0,0.0,0.0,7.409741954080923,0.0,0.0,13.4,0.1346
Namibia_Windhoek_DryJun,2022-06-02,-22.56,17.08,0.0,20.0,7.3,34,24.0,0.0,5.02,1651.0,0.0,0,6,2022,0,2,0,0,0,0.0,0.0,7.409741954080923,0.0,0.0,12.7,0.1461
Namibia_Windhoek_DryJun,2022-06-03,-22.56,17.08,0.0,19.5,5.4,45,18.6,0.0,4.24,1651.0,0.0,0,6,2022,0,2,1,0,0,0.0,0.0,7.409741954080923,0.0,0.0,14.1,0.1714
Namibia_Windhoek_DryJun,2022-06-04,-22.56,17.08,0.0,19.9,4.8,65,17.9,0.0,3.86,1651.0,0.0,0,6,2022,0,2,2,0,0,0.0,0.0,7.409741954080923,0.0,0.0,15.099999999999998,0.2174
Namibia_Windhoek_DryJun,2022-06-05,-22.56,17.08,0.0,20.4,6.2,60,25.3,0.0,4.08,1651.0,0.0,0,6,2022,0,2,1,0,0,0.0,0.0,7.409741954080923,0.0,0.0,14.2,0.2059
UK_London_DryAug,2022-08-01,51.51,-0.12,0.0,25.3,17.0,84,16.7,0.0,3.37,31.0,9.47,0,8,2022,0,2,3,1,0,0.0,2.3485140248824456,3.4657359027997265,0.0,0.0,8.3,0.3123
UK_London_DryAug,2022-08-02,51.51,-0.12,0.2,25.4,17.5,93,25.6,1.0,3.38,31.0,9.12,0,8,2022,1,2,3,1,0,0.18232155679395465,2.3145136638593193,3.4657359027997265,0.18600000000000003,0.2,7.899999999999999,0.3415
UK_London_DryAug,2022-08-03,51.51,-0.12,0.0,27.0,17.1,96,24.7,0.0,3.88,31.0,8.93,0,8,2022,0,2,3,1,0,0.0,2.295560478057081,3.4657359027997265,0.0,0.0,9.899999999999999,0.3399
UK_London_DryAug,2022-08-04,51.51,-0.12,0.0,24.2,16.8,79,17.7,0.0,4.47,31.0,8.57,0,8,2022,0,2,2,1,0,0.0,2.258633205464863,3.4657359027997265,0.0,0.0,7.399999999999999,0.3008
UK_London_DryAug,2022-08-05,51.51,-0.12,0.0,21.8,13.8,64,18.4,0.0,4.96,31.0,8.23,0,8,2022,0,2,2,1,0,0.0,2.222459048514761,3.4657359027997265,0.0,0.0,8.0,0.2663
France_Paris_DryJul,2023-07-01,48.86,2.35,2.8,22.6,16.7,92,26.5,8.0,3.66,50.0,1.4,0,7,2023,1,2,3,1,0,1.33500106673234,0.8754687373538999,3.9318256327243257,2.5759999999999996,0.35,5.900000000000002,0.4003
France_Paris_DryJul,2023-07-02,48.86,2.35,0.0,23.2,13.8,85,21.6,0.0,5.07,50.0,1.34,0,7,2023,0,2,3,1,0,0.0,0.8501509293696101,3.9318256327243257,0.0,0.0,9.399999999999999,0.3139
France_Paris_DryJul,2023-07-03,48.86,2.35,0.3,24.6,14.4,84,21.4,2.0,4.98,50.0,1.33,0,7,2023,1,2,3,1,0,0.262364264467491,0.8458682675776092,3.9318256327243257,0.252,0.15,10.200000000000001,0.3287
France_Paris_DryJul,2023-07-04,48.86,2.35,6.3,22.3,12.4,90,23.8,7.0,3.3,50.0,1.92,0,7,2023,2,2,3,1,0,1.9878743481543455,1.0715836162801904,3.9318256327243257,5.67,0.9,9.9,0.3918
France_Paris_DryJul,2023-07-05,48.86,2.35,0.7,21.2,11.6,87,27.2,6.0,4.29,50.0,1.5,0,7,2023,1,2,3,1,0,0.5306282510621704,0.9162907318741551,3.9318256327243257,0.609,0.11666666666666665,9.6,0.3694
Germany_Munich_DryAug,2022-08-01,48.14,11.58,2.8,27.5,17.7,91,17.8,2.0,5.22,524.0,2.77,0,8,2022,1,2,3,0,0,1.33500106673234,1.3270750014599193,6.263398262591624,2.548,1.4,9.8,0.333
Germany_Munich_DryAug,2022-08-02,48.14,11.58,1.8,27.2,15.6,94,16.4,5.0,4.64,524.0,3.58,0,8,2022,1,2,3,0,0,1.0296194171811581,1.5216989981260935,6.263398262591624,1.6920000000000002,0.36,11.6,0.3636
Germany_Munich_DryAug,2022-08-03,48.14,11.58,0.0,30.9,14.2,95,9.7,0.0,5.68,524.0,2.95,0,8,2022,0,2,3,0,0,0.0,1.3737155789130306,6.263398262591624,0.0,0.0,16.7,0.322
Germany_Munich_DryAug,2022-08-04,48.14,11.58,0.0,33.5,16.0,90,11.5,0.0,5.89,524.0,2.6,0,8,2022,0,2,3,0,0,0.0,1.2809338454620642,6.263398262591624,0.0,0.0,17.5,0.3105
Germany_Munich_DryAug,2022-08-05,48.14,11.58,1.7,31.0,19.5,79,16.6,2.0,5.52,524.0,2.39,0,8,2022,1,2,2,0,0,0.9932517730102833,1.220829921392359,6.263398262591624,1.3429999999999997,0.85,11.5,0.304
Spain_Madrid_DryJul,2023-07-01,40.42,-3.7,0.0,32.5,17.4,57,20.0,0.0,7.3,667.0,1.53,0,7,2023,0,2,1,0,0,0.0,0.9282193027394289,6.504288173536645,0.0,0.0,15.100000000000001,0.2301
Spain_Madrid_DryJul,2023-07-02,40.42,-3.7,0.3,35.0,20.5,61,30.3,1.0,7.1,667.0,1.52,0,7,2023,1,2,2,0,0,0.262364264467491,0.9242589015233319,6.504288173536645,0.183,0.3,14.5,0.248
Spain_Madrid_DryJul,2023-07-03,40.42,-3.7,0.0,35.4,20.8,67,27.5,0.0,8.27,667.0,1.52,0,7,2023,0,2,2,0,0,0.0,0.9242589015233319,6.504288173536645,0.0,0.0,14.599999999999998,0.2531
Spain_Madrid_DryJul,2023-07-04,40.42,-3.7,0.0,34.2,20.9,77,15.8,0.0,7.82,667.0,1.52,0,7,2023,0,2,2,0,0,0.0,0.9242589015233319,6.504288173536645,0.0,0.0,13.300000000000004,0.2761
Spain_Madrid_DryJul,2023-07-05,40.42,-3.7,0.1,33.1,18.4,59,16.6,1.0,7.66,667.0,1.52,0,7,2023,1,2,1,0,0,0.09531017980432487,0.9242589015233319,6.504288173536645,0.059000000000000004,0.1,14.700000000000003,0.2431
Italy_Rome_DryAug,2022-08-01,41.9,12.48,0.0,34.3,22.3,72,22.2,0.0,6.72,29.0,25.67,0,8,2022,0,2,2,1,0,0.0,3.283539338193923,3.4011973816621555,0.0,0.0,11.999999999999996,0.2848
Italy_Rome_DryAug,2022-08-02,41.9,12.48,0.0,35.4,22.3,80,18.7,0.0,5.73,29.0,25.18,0,8,2022,0,2,2,1,0,0.0,3.264995760481754,3.4011973816621555,0.0,0.0,13.099999999999998,0.3032
Italy_Rome_DryAug,2022-08-03,41.9,12.48,0.0,35.5,22.5,77,20.0,0.0,6.62,29.0,24.29,0,8,2022,0,2,2,1,0,0.0,3.2304090606818736,3.4011973816621555,0.0,0.0,13.0,0.2963
Italy_Rome_DryAug,2022-08-04,41.9,12.48,0.1,35.7,23.3,93,19.1,1.0,6.0,29.0,23.38,0,8,2022,1,2,3,1,0,0.09531017980432487,3.1937631240531252,3.4011973816621555,0.09300000000000001,0.1,12.400000000000002,0.3415
Italy_Rome_DryAug,2022-08-05,41.9,12.48,0.0,34.8,23.2,95,18.0,0.0,5.93,29.0,22.55,0,8,2022,0,2,3,1,0,0.0,3.159125820462427,3.4011973816621555,0.0,0.0,11.599999999999998,0.3377
Greece_Athens_DryJul,2023-07-01,37.97,23.73,0.0,30.4,22.2,79,17.9,0.0,5.81,87.0,1.75,0,7,2023,0,2,2,1,0,0.0,1.0116009116784799,4.477336814478207,0.0,0.0,8.2,0.299
Greece_Athens_DryJul,2023-07-02,37.97,23.73,0.0,31.4,23.4,86,15.5,0.0,5.92,87.0,1.74,0,7,2023,0,2,3,1,0,0.0,1.007957920399979,4.477336814478207,0.0,0.0,8.0,0.3151
Greece_Athens_DryJul,2023-07-03,37.97,23.73,0.6,32.4,23.2,80,10.4,5.0,5.69,87.0,1.74,0,7,2023,1,2,2,1,0,0.4700036292457356,1.007957920399979,4.477336814478207,0.48,0.12,9.2,0.3437
Greece_Athens_DryJul,2023-07-04,37.97,23.73,0.8,31.8,22.4,83,8.3,4.0,5.85,87.0,1.74,0,7,2023,1,2,3,1,0,0.5877866649021191,1.007957920399979,4.477336814478207,0.664,0.2,9.400000000000002,0.3425
Greece_Athens_DryJul,2023-07-05,37.97,23.73,0.2,34.7,22.6,78,13.8,1.0,6.04,87.0,1.74,0,7,2023,1,2,2,1,0,0.18232155679395465,1.007957920399979,4.477336814478207,0.15600000000000003,0.2,12.100000000000001,0.3053
Turkey_Ankara_DryAug,2022-08-01,39.92,32.85,0.0,33.4,19.9,78,23.2,0.0,6.51,876.0,0.02,0,8,2022,0,2,2,0,0,0.0,0.019802627296179712,6.776506992372183,0.0,0.0,13.5,0.2718
Turkey_Ankara_DryAug,2022-08-02,39.92,32.85,0.0,32.4,19.5,80,21.6,0.0,6.6,876.0,0.02,0,8,2022,0,2,2,0,0,0.0,0.019802627296179712,6.776506992372183,0.0,0.0,12.899999999999999,0.2764
Turkey_Ankara_DryAug,2022-08-03,39.92,32.85,0.0,32.5,18.6,74,19.9,0.0,6.51,876.0,0.02,0,8,2022,0,2,2,0,0,0.0,0.019802627296179712,6.776506992372183,0.0,0.0,13.899999999999999,0.2626
Turkey_Ankara_DryAug,2022-08-04,39.92,32.85,0.0,34.0,20.4,75,19.6,0.0,6.63,876.0,0.02,0,8,2022,0,2,2,0,0,0.0,0.019802627296179712,6.776506992372183,0.0,0.0,13.600000000000001,0.2649
Turkey_Ankara_DryAug,2022-08-05,39.92,32.85,0.0,33.9,22.1,67,23.2,0.0,6.75,876.0,0.0,0,8,2022,0,2,2,0,0,0.0,0.0,6.776506992372183,0.0,0.0,11.799999999999997,0.2465
USA_Arizona_DryJun,2022-06-01,33.45,-112.07,0.0,37.5,21.8,21,17.0,0.0,9.02,335.0,0.81,0,6,2022,0,2,0,0,0,0.0,0.5933268452777344,5.817111159963204,0.0,0.0,15.7,0.1578
USA_Arizona_DryJun,2022-06-02,33.45,-112.07,0.0,39.2,22.9,20,18.9,0.0,8.48,335.0,0.85,0,6,2022,0,2,0,0,0,0.0,0.6151856390902334,5.817111159963204,0.0,0.0,16.300000000000004,0.1555
USA_Arizona_DryJun,2022-06-03,33.45,-112.07,0.0,39.0,23.0,26,20.1,0.0,9.86,335.0,0.85,0,6,2022,0,2,0,0,0,0.0,0.6151856390902334,5.817111159963204,0.0,0.0,16.0,0.1693
USA_Arizona_DryJun,2022-06-04,33.45,-112.07,0.0,38.2,22.4,23,15.5,0.0,8.9,335.0,0.85,0,6,2022,0,2,0,0,0,0.0,0.6151856390902334,5.817111159963204,0.0,0.0,15.800000000000004,0.1624
USA_Arizona_DryJun,2022-06-05,33.45,-112.07,0.0,38.6,24.4,32,19.7,0.0,9.06,335.0,0.85,0,6,2022,0,2,0,0,0,0.0,0.6151856390902334,5.817111159963204,0.0,0.0,14.200000000000003,0.1831
USA_Nevada_DryJul,2023-07-01,36.17,-115.14,0.0,41.6,26.8,19,16.2,0.0,8.02,615.0,14.24,0,7,2023,0,2,0,0,0,0.0,2.7239235502585,6.423246963533519,0.0,0.0,14.8,0.1444
USA_Nevada_DryJul,2023-07-02,36.17,-115.14,0.0,44.4,27.5,18,10.8,0.0,8.05,615.0,14.6,0,7,2023,0,2,0,0,0,0.0,2.747270914255491,6.423246963533519,0.0,0.0,16.9,0.1421
USA_Nevada_DryJul,2023-07-03,36.17,-115.14,0.0,45.0,27.6,17,33.7,0.0,11.37,615.0,14.6,0,7,2023,0,2,0,0,0,0.0,2.747270914255491,6.423246963533519,0.0,0.0,17.4,0.1398
USA_Nevada_DryJul,2023-07-04,36.17,-115.14,0.0,39.9,27.4,18,32.4,0.0,12.45,615.0,14.6,0,7,2023,0,2,0,0,0,0.0,2.747270914255491,6.423246963533519,0.0,0.0,12.5,0.1421
USA_Nevada_DryJul,2023-07-05,36.17,-115.14,0.0,41.0,24.4,22,22.6,0.0,8.68,615.0,14.6,0,7,2023,0,2,0,0,0,0.0,2.747270914255491,6.423246963533519,0.0,0.0,16.6,0.1513
Mexico_Chihuahua_DryJun,2022-06-01,28.64,-106.08,0.0,35.2,22.0,28,23.5,0.0,8.47,1417.0,0.0,0,6,2022,0,2,0,0,0,0.0,0.0,7.257002707092073,0.0,0.0,13.200000000000003,0.1397
Mexico_Chihuahua_DryJun,2022-06-02,28.64,-106.08,3.1,34.0,20.2,66,24.2,3.0,6.64,1417.0,0.0,0,6,2022,1,2,2,0,0,1.410986973710262,0.0,7.257002707092073,2.046,1.0333333333333334,13.8,0.256
Mexico_Chihuahua_DryJun,2022-06-03,28.64,-106.08,3.2,31.6,17.5,84,25.9,1.0,6.11,1417.0,0.06,0,6,2022,1,2,3,0,0,1.4350845252893227,0.05826890812397577,7.257002707092073,2.688,3.2,14.100000000000001,0.2809
Mexico_Chihuahua_DryJun,2022-06-04,28.64,-106.08,0.0,31.5,18.2,68,18.4,0.0,6.82,1417.0,0.03,0,6,2022,0,2,2,0,0,0.0,0.0295588022415444,7.257002707092073,0.0,0.0,13.3,0.2317
Mexico_Chihuahua_DryJun,2022-06-05,28.64,-106.08,0.0,36.2,19.1,57,28.5,0.0,9.09,1417.0,0.03,0,6,2022,0,2,1,0,0,0.0,0.0295588022415444,7.257002707092073,0.0,0.0,17.1,0.2064
Chile_Atacama_DryJun,2022-06-01,-24.5,-69.25,0.0,9.2,-3.2,56,20.3,0.0,2.82,2652.0,0.0,0,6,2022,0,2,1,0,0,0.0,0.0,7.88344635413774,0.0,0.0,12.399999999999999,0.1651
Chile_Atacama_DryJun,2022-06-02,-24.5,-69.25,0.0,13.4,-1.4,53,18.4,0.0,3.47,2652.0,0.0,0,6,2022,0,2,1,0,0,0.0,0.0,7.88344635413774,0.0,0.0,14.8,0.1582
Chile_Atacama_DryJun,2022-06-03,-24.5,-69.25,0.0,14.7,2.3,52,17.7,0.0,3.53,2652.0,0.0,0,6,2022,0,2,1,0,0,0.0,0.0,7.88344635413774,0.0,0.0,12.399999999999999,0.1559
Chile_Atacama_DryJun,2022-06-04,-24.5,-69.25,0.0,15.0,5.3,72,21.5,0.0,2.86,2652.0,0.0,0,6,2022,0,2,2,0,0,0.0,0.0,7.88344635413774,0.0,0.0,9.7,0.2019
Chile_Atacama_DryJun,2022-06-05,-24.5,-69.25,3.7,11.6,2.7,73,21.6,8.0,2.21,2652.0,0.0,0,6,2022,1,2,2,0,0,1.547562508716013,0.0,7.88344635413774,2.701,0.4625,8.899999999999999,0.2755
Peru_Lima_DryJul,2023-07-01,-12.05,-77.04,0.0,20.8,15.8,91,21.1,0.0,3.02,148.0,37.37,0,7,2023,0,2,3,0,0,0.0,3.647275904258861,5.003946305945459,0.0,0.0,5.0,0.3248
Peru_Lima_DryJul,2023-07-02,-12.05,-77.04,0.0,21.2,16.5,90,20.6,0.0,3.21,148.0,36.93,0,7,2023,0,2,3,0,0,0.0,3.6357423557008075,5.003946305945459,0.0,0.0,4.699999999999999,0.3225
Peru_Lima_DryJul,2023-07-03,-12.05,-77.04,0.0,22.0,17.1,84,22.9,0.0,3.41,148.0,36.5,0,7,2023,0,2,3,0,0,0.0,3.624340932976365,5.003946305945459,0.0,0.0,4.899999999999999,0.3087
Peru_Lima_DryJul,2023-07-04,-12.05,-77.04,0.0,21.7,17.2,86,28.7,0.0,3.3,148.0,36.15,0,7,2023,0,2,3,0,0,0.0,3.6149637711637683,5.003946305945459,0.0,0.0,4.5,0.3133
Peru_Lima_DryJul,2023-07-05,-12.05,-77.04,0.0,21.5,16.0,95,26.0,0.0,3.08,148.0,35.9,0,7,2023,0,2,3,0,0,0.0,3.6082115510464816,5.003946305945459,0.0,0.0,5.5,0.334
Argentina_Mendoza_DryJul,2022-07-01,-32.89,-68.83,4.8,12.1,2.5,82,25.2,6.0,1.7,744.0,2.28,0,7,2022,1,2,3,0,0,1.7578579175523736,1.1878434223960523,6.61338421837956,3.9359999999999995,0.7999999999999999,9.6,0.3412
Argentina_Mendoza_DryJul,2022-07-02,-32.89,-68.83,0.0,11.2,3.0,71,12.3,0.0,1.78,744.0,1.61,0,7,2022,0,2,2,0,0,0.0,0.959350221334602,6.61338421837956,0.0,0.0,8.2,0.2598
Argentina_Mendoza_DryJul,2022-07-03,-32.89,-68.83,0.0,11.8,6.8,49,7.9,0.0,1.24,744.0,1.25,0,7,2022,0,2,1,0,0,0.0,0.8109302162163288,6.61338421837956,0.0,0.0,5.000000000000001,0.2093
Argentina_Mendoza_DryJul,2022-07-04,-32.89,-68.83,0.0,13.9,4.2,63,17.7,0.0,1.98,744.0,1.09,0,7,2022,0,2,2,0,0,0.0,0.7371640659767197,6.61338421837956,0.0,0.0,9.7,0.2414
Argentina_Mendoza_DryJul,2022-07-05,-32.89,-68.83,0.0,10.9,6.2,68,10.5,0.0,1.76,744.0,1.01,0,7,2022,0,2,2,0,0,0.0,0.6981347220709844,6.61338421837956,0.0,0.0,4.7,0.2529
Australia_Alice_DryJun,2022-06-01,-23.7,133.88,9.5,16.5,9.6,88,21.2,15.0,1.24,581.0,0.0,0,6,2022,2,2,3,0,0,2.3513752571634776,0.0,6.366470447731438,8.36,0.6333333333333333,6.9,0.4411
Australia_Alice_DryJun,2022-06-02,-23.7,133.88,10.3,20.4,12.4,94,21.7,10.0,1.8,581.0,0.0,0,6,2022,2,2,3,0,0,2.424802725718295,0.0,6.366470447731438,9.682,1.03,7.999999999999998,0.4142
Australia_Alice_DryJun,2022-06-03,-23.7,133.88,0.1,17.4,9.1,96,20.0,1.0,1.9,581.0,0.0,0,6,2022,1,2,3,0,0,0.09531017980432487,0.0,6.366470447731438,0.09600000000000002,0.1,8.299999999999999,0.3309
Australia_Alice_DryJun,2022-06-04,-23.7,133.88,0.0,18.0,6.2,94,13.7,0.0,2.56,581.0,0.0,0,6,2022,0,2,3,0,0,0.0,0.0,6.366470447731438,0.0,0.0,11.8,0.3179
Australia_Alice_DryJun,2022-06-05,-23.7,133.88,0.0,19.9,9.9,90,16.4,0.0,2.72,581.0,0.0,0,6,2022,0,2,3,0,0,0.0,0.0,6.366470447731438,0.0,0.0,9.999999999999998,0.3087
Australia_Perth_DryJan,2023-01-01,-31.95,115.86,0.0,26.0,16.6,75,37.6,0.0,6.67,16.0,0.37,0,1,2023,0,0,2,1,0,0.0,0.31481073984003355,2.833213344056216,0.0,0.0,9.399999999999999,0.292
Australia_Perth_DryJan,2023-01-02,-31.95,115.86,0.0,32.0,16.2,65,23.5,0.0,9.01,16.0,0.37,0,1,2023,0,0,2,1,0,0.0,0.31481073984003355,2.833213344056216,0.0,0.0,15.8,0.269
Australia_Perth_DryJan,2023-01-03,-31.95,115.86,0.0,34.8,17.6,63,25.6,0.0,9.61,16.0,0.37,0,1,2023,0,0,2,1,0,0.0,0.31481073984003355,2.833213344056216,0.0,0.0,17.199999999999996,0.2644
Australia_Perth_DryJan,2023-01-04,-31.95,115.86,0.0,35.8,18.6,62,24.1,0.0,9.53,16.0,0.36,0,1,2023,0,0,2,1,0,0.0,0.3074846997479606,2.833213344056216,0.0,0.0,17.199999999999996,0.2621
Australia_Perth_DryJan,2023-01-05,-31.95,115.86,0.0,36.9,22.5,44,33.9,0.0,10.62,16.0,0.36,0,1,2023,0,0,1,1,0,0.0,0.3074846997479606,2.833213344056216,0.0,0.0,14.399999999999999,0.2208
Russia_Novosibirsk_DryFeb,2023-02-01,55.01,82.93,0.0,-15.0,-23.1,90,12.1,0.0,0.16,111.0,0.31,0,2,2023,0,0,3,0,0,0.0,0.27002713721306015,4.718498871295094,0.0,0.0,8.100000000000001,0.3235
Russia_Novosibirsk_DryFeb,2023-02-02,55.01,82.93,0.0,-18.0,-26.5,83,12.2,0.0,0.15,111.0,0.33,0,2,2023,0,0,3,0,0,0.0,0.2851789422336624,4.718498871295094,0.0,0.0,8.5,0.3074
Russia_Novosibirsk_DryFeb,2023-02-03,55.01,82.93,0.0,-15.2,-21.7,87,11.4,0.0,0.17,111.0,0.33,0,2,2023,0,0,3,0,0,0.0,0.2851789422336624,4.718498871295094,0.0,0.0,6.5,0.3166
Russia_Novosibirsk_DryFeb,2023-02-04,55.01,82.93,0.0,-12.4,-22.8,87,12.1,0.0,0.18,111.0,0.33,0,2,2023,0,0,3,0,0,0.0,0.2851789422336624,4.718498871295094,0.0,0.0,10.4,0.3166
Russia_Novosibirsk_DryFeb,2023-02-05,55.01,82.93,0.0,-11.9,-20.7,90,10.3,0.0,0.18,111.0,0.33,0,2,2023,0,0,3,0,0,0.0,0.2851789422336624,4.718498871295094,0.0,0.0,8.799999999999999,0.3235
Kazakhstan_Astana_DryJan,2023-01-01,51.18,71.45,0.0,-8.6,-13.5,89,20.1,0.0,0.17,360.0,0.44,0,1,2023,0,0,3,0,0,0.0,0.3646431135879093,5.8888779583328805,0.0,0.0,4.9,0.3133
Kazakhstan_Astana_DryJan,2023-01-02,51.18,71.45,0.4,-4.3,-11.2,91,21.0,3.0,0.21,360.0,0.44,0,1,2023,1,0,3,0,0,0.33647223662121295,0.3646431135879093,5.8888779583328805,0.364,0.13333333333333333,6.8999999999999995,0.3434
Kazakhstan_Astana_DryJan,2023-01-03,51.18,71.45,4.5,0.3,-4.6,91,33.9,16.0,0.28,360.0,0.44,0,1,2023,1,0,3,0,0,1.7047480922384253,0.3646431135879093,5.8888779583328805,4.095,0.28125,4.8999999999999995,0.457
Kazakhstan_Astana_DryJan,2023-01-04,51.18,71.45,5.2,-1.7,-7.1,90,35.2,16.0,0.32,360.0,0.44,0,1,2023,2,0,3,0,0,1.824549292051046,0.3646431135879093,5.8888779583328805,4.68,0.325,5.3999999999999995,0.4556
Kazakhstan_Astana_DryJan,2023-01-05,51.18,71.45,3.0,0.4,-0.6,98,32.7,12.0,0.21,360.0,0.44,0,1,2023,1,0,3,0,0,1.3862943611198906,0.3646431135879093,5.8888779583328805,2.94,0.25,1.0,0.4378
Mongolia_Ulaanbaatar_DryJan,2023-01-01,47.91,106.92,0.0,-18.7,-22.5,89,7.4,0.0,0.18,1290.0,0.0,0,1,2023,0,0,3,0,0,0.0,0.0,7.1631723908466425,0.0,0.0,3.8000000000000007,0.284
Mongolia_Ulaanbaatar_DryJan,2023-01-02,47.91,106.92,0.0,-15.0,-29.2,87,10.9,0.0,0.22,1290.0,0.0,0,1,2023,0,0,3,0,0,0.0,0.0,7.1631723908466425,0.0,0.0,14.2,0.2794
Mongolia_Ulaanbaatar_DryJan,2023-01-03,47.91,106.92,0.0,-17.5,-23.3,86,9.1,0.0,0.19,1290.0,0.0,0,1,2023,0,0,3,0,0,0.0,0.0,7.1631723908466425,0.0,0.0,5.800000000000001,0.2771
Mongolia_Ulaanbaatar_DryJan,2023-01-04,47.91,106.92,0.0,-12.9,-27.6,88,10.5,0.0,0.28,1290.0,0.0,0,1,2023,0,0,3,0,0,0.0,0.0,7.1631723908466425,0.0,0.0,14.700000000000001,0.2817
Mongolia_Ulaanbaatar_DryJan,2023-01-05,47.91,106.92,0.1,-10.1,-24.0,85,9.4,1.0,0.29,1290.0,0.0,0,1,2023,1,0,3,0,0,0.09531017980432487,0.0,7.1631723908466425,0.085,0.1,13.9,0.2832
SAFE_18.57_73.77_2026-05-15,2026-05-15,18.574,73.768,0.2,36.0,24.9,80,17.7,2.0,6.98,578.0,2.37,0,5,2026,1,1,2,0,0,0.18232155679395465,1.2149127443642704,6.361302477572996,0.16,0.1,11.100000000000001,0.3027
SAFE_18.57_73.77_2026-05-16,2026-05-16,18.574,73.768,0.0,37.7,23.5,89,18.1,0.0,6.58,578.0,2.34,0,5,2026,0,1,3,0,0,0.0,1.205970806988609,6.361302477572996,0.0,0.0,14.200000000000003,0.3065
SAFE_18.57_73.77_2026-05-17,2026-05-17,18.574,73.768,0.2,38.1,24.6,90,16.1,2.0,6.68,578.0,2.31,0,5,2026,1,1,3,0,0,0.18232155679395465,1.1969481893889715,6.361302477572996,0.18,0.1,13.5,0.3257
SAFE_18.57_73.77_2026-05-18,2026-05-18,18.574,73.768,0.0,39.9,22.6,88,20.0,0.0,6.79,578.0,2.28,0,5,2026,0,1,3,0,0,0.0,1.1878434223960523,6.361302477572996,0.0,0.0,17.299999999999997,0.3042
SAFE_18.57_73.77_2026-05-19,2026-05-19,18.574,73.768,0.5,35.9,24.1,85,15.8,4.0,6.52,578.0,2.28,0,5,2026,1,1,3,0,0,0.4054651081081644,1.1878434223960523,6.361302477572996,0.425,0.125,11.799999999999997,0.3312
SAFE_18.57_73.77_2026-05-20,2026-05-20,18.574,73.768,2.8,35.2,23.5,89,15.6,3.0,5.9,578.0,2.31,0,5,2026,1,1,3,0,0,1.33500106673234,1.1969481893889715,6.361302477572996,2.492,0.9333333333333332,11.700000000000003,0.335
SAFE_18.57_73.77_2026-05-21,2026-05-21,18.574,73.768,0.7,37.2,24.0,88,17.6,2.0,6.31,578.0,2.5,0,5,2026,1,1,3,0,0,0.5306282510621704,1.252762968495368,6.361302477572996,0.616,0.35,13.200000000000003,0.3217
SAFE_18.57_73.77_2026-05-22,2026-05-22,18.574,73.768,9.5,36.2,25.3,85,17.6,7.0,4.91,578.0,2.75,0,5,2026,2,1,3,0,0,2.3513752571634776,1.3217558399823195,6.361302477572996,8.075,1.3571428571428572,10.900000000000002,0.3676
SAFE_18.60_73.74_2026-05-15,2026-05-15,18.597,73.738,0.2,36.0,24.9,80,17.7,2.0,6.98,577.0,1.0,0,5,2026,1,1,2,0,0,0.18232155679395465,0.6931471805599453,6.359573868672378,0.16,0.1,11.100000000000001,0.3027
SAFE_18.60_73.74_2026-05-16,2026-05-16,18.597,73.738,0.0,37.7,23.5,89,18.1,0.0,6.58,577.0,1.0,0,5,2026,0,1,3,0,0,0.0,0.6931471805599453,6.359573868672378,0.0,0.0,14.200000000000003,0.3065
SAFE_18.60_73.74_2026-05-17,2026-05-17,18.597,73.738,0.2,38.1,24.6,90,16.1,2.0,6.68,577.0,0.97,0,5,2026,1,1,3,0,0,0.18232155679395465,0.6780335427498971,6.359573868672378,0.18,0.1,13.5,0.3257
SAFE_18.60_73.74_2026-05-18,2026-05-18,18.597,73.738,0.0,39.9,22.6,88,20.0,0.0,6.79,577.0,0.97,0,5,2026,0,1,3,0,0,0.0,0.6780335427498971,6.359573868672378,0.0,0.0,17.299999999999997,0.3042
SAFE_18.60_73.74_2026-05-19,2026-05-19,18.597,73.738,0.5,35.9,24.1,85,15.8,4.0,6.52,577.0,0.97,0,5,2026,1,1,3,0,0,0.4054651081081644,0.6780335427498971,6.359573868672378,0.425,0.125,11.799999999999997,0.3313
SAFE_18.60_73.74_2026-05-20,2026-05-20,18.597,73.738,2.8,35.2,23.5,89,15.6,3.0,5.9,577.0,0.97,0,5,2026,1,1,3,0,0,1.33500106673234,0.6780335427498971,6.359573868672378,2.492,0.9333333333333332,11.700000000000003,0.335
SAFE_18.60_73.74_2026-05-21,2026-05-21,18.597,73.738,0.7,37.2,24.0,88,17.6,2.0,6.31,577.0,1.0,0,5,2026,1,1,3,0,0,0.5306282510621704,0.6931471805599453,6.359573868672378,0.616,0.35,13.200000000000003,0.3217
SAFE_18.60_73.74_2026-05-22,2026-05-22,18.597,73.738,9.5,36.2,25.3,85,17.6,7.0,4.91,577.0,1.19,0,5,2026,2,1,3,0,0,2.3513752571634776,0.7839015438284094,6.359573868672378,8.075,1.3571428571428572,10.900000000000002,0.3677
SAFE_26.91_75.79_2026-05-15,2026-05-15,26.912,75.787,0.3,38.8,26.5,58,16.2,2.0,7.54,431.0,0.91,0,5,2026,1,1,1,0,0,0.262364264467491,0.6471032420585384,6.068425588244111,0.174,0.15,12.299999999999997,0.2569
SAFE_26.91_75.79_2026-05-16,2026-05-16,26.912,75.787,0.0,40.2,27.9,42,13.4,0.0,7.53,431.0,0.91,0,5,2026,0,1,1,0,0,0.0,0.6471032420585384,6.068425588244111,0.0,0.0,12.300000000000004,0.2031
SAFE_26.91_75.79_2026-05-17,2026-05-17,26.912,75.787,0.0,41.7,28.8,41,17.3,0.0,8.27,431.0,0.91,0,5,2026,0,1,1,0,0,0.0,0.6471032420585384,6.068425588244111,0.0,0.0,12.900000000000002,0.2008
SAFE_26.91_75.79_2026-05-18,2026-05-18,26.912,75.787,0.0,42.6,30.8,33,16.4,0.0,9.47,431.0,0.91,0,5,2026,0,1,0,0,0,0.0,0.6471032420585384,6.068425588244111,0.0,0.0,11.8,0.1824
SAFE_26.91_75.79_2026-05-19,2026-05-19,26.912,75.787,0.0,42.7,31.6,23,16.3,0.0,9.11,431.0,0.91,0,5,2026,0,1,0,0,0,0.0,0.6471032420585384,6.068425588244111,0.0,0.0,11.100000000000001,0.1594
SAFE_26.91_75.79_2026-05-20,2026-05-20,26.912,75.787,0.0,40.9,31.5,32,14.6,0.0,9.31,431.0,0.91,0,5,2026,0,1,0,0,0,0.0,0.6471032420585384,6.068425588244111,0.0,0.0,9.399999999999999,0.1801
SAFE_26.91_75.79_2026-05-21,2026-05-21,26.912,75.787,0.0,40.7,31.6,30,18.2,0.0,10.17,431.0,0.91,0,5,2026,0,1,0,0,0,0.0,0.6471032420585384,6.068425588244111,0.0,0.0,9.100000000000001,0.1755
SAFE_26.91_75.79_2026-05-22,2026-05-22,26.912,75.787,0.0,40.5,31.0,29,17.6,0.0,9.78,431.0,0.91,0,5,2026,0,1,0,0,0,0.0,0.6471032420585384,6.068425588244111,0.0,0.0,9.5,0.1732
SAFE_23.03_72.58_2026-05-15,2026-05-15,23.033,72.585,0.0,40.0,28.0,77,13.6,0.0,7.85,52.0,1.4,0,5,2026,0,1,2,1,0,0.0,0.8754687373538999,3.970291913552122,0.0,0.0,12.0,0.2955
SAFE_23.03_72.58_2026-05-16,2026-05-16,23.033,72.585,0.0,41.0,28.8,74,10.7,0.0,7.8,52.0,1.44,0,5,2026,0,1,2,1,0,0.0,0.8919980393051105,3.970291913552122,0.0,0.0,12.2,0.2886
SAFE_23.03_72.58_2026-05-17,2026-05-17,23.033,72.585,0.0,42.0,30.2,63,12.5,0.0,8.2,52.0,1.4,0,5,2026,0,1,2,1,0,0.0,0.8754687373538999,3.970291913552122,0.0,0.0,11.8,0.2633
SAFE_23.03_72.58_2026-05-18,2026-05-18,23.033,72.585,0.0,43.0,31.2,38,14.7,0.0,9.53,52.0,1.4,0,5,2026,0,1,0,1,0,0.0,0.8754687373538999,3.970291913552122,0.0,0.0,11.8,0.2058
SAFE_23.03_72.58_2026-05-19,2026-05-19,23.033,72.585,0.0,42.2,29.0,58,13.8,0.0,8.62,52.0,1.4,0,5,2026,0,1,1,1,0,0.0,0.8754687373538999,3.970291913552122,0.0,0.0,13.200000000000003,0.2518
SAFE_23.03_72.58_2026-05-20,2026-05-20,23.033,72.585,0.0,42.1,28.6,70,14.6,0.0,7.85,52.0,1.4,0,5,2026,0,1,2,1,0,0.0,0.8754687373538999,3.970291913552122,0.0,0.0,13.5,0.2794
SAFE_23.03_72.58_2026-05-21,2026-05-21,23.033,72.585,0.0,41.0,28.9,70,12.1,0.0,7.54,52.0,1.44,0,5,2026,0,1,2,1,0,0.0,0.8919980393051105,3.970291913552122,0.0,0.0,12.100000000000001,0.2794
SAFE_23.03_72.58_2026-05-22,2026-05-22,23.033,72.585,0.0,41.8,29.5,62,14.5,0.0,7.91,52.0,1.4,0,5,2026,0,1,2,1,0,0.0,0.8754687373538999,3.970291913552122,0.0,0.0,12.299999999999997,0.261
SAFE_23.26_77.41_2026-05-15,2026-05-15,23.259,77.412,0.0,41.0,30.8,29,17.4,0.0,9.25,497.0,0.31,0,5,2026,0,1,0,0,0,0.0,0.27002713721306015,6.210600077024653,0.0,0.0,10.2,0.1711
SAFE_23.26_77.41_2026-05-16,2026-05-16,23.259,77.412,0.0,41.4,29.9,28,18.1,0.0,9.55,497.0,0.31,0,5,2026,0,1,0,0,0,0.0,0.27002713721306015,6.210600077024653,0.0,0.0,11.5,0.1688
SAFE_23.26_77.41_2026-05-17,2026-05-17,23.259,77.412,0.0,41.9,30.0,35,15.3,0.0,8.74,497.0,0.31,0,5,2026,0,1,0,0,0,0.0,0.27002713721306015,6.210600077024653,0.0,0.0,11.899999999999999,0.1849
SAFE_23.26_77.41_2026-05-18,2026-05-18,23.259,77.412,0.0,42.6,31.1,28,14.1,0.0,8.37,497.0,0.31,0,5,2026,0,1,0,0,0,0.0,0.27002713721306015,6.210600077024653,0.0,0.0,11.5,0.1688
SAFE_23.26_77.41_2026-05-19,2026-05-19,23.259,77.412,0.0,43.0,31.8,26,17.7,0.0,8.52,497.0,0.31,0,5,2026,0,1,0,0,0,0.0,0.27002713721306015,6.210600077024653,0.0,0.0,11.2,0.1642
SAFE_23.26_77.41_2026-05-20,2026-05-20,23.259,77.412,0.0,42.3,31.9,23,19.8,0.0,10.53,497.0,0.31,0,5,2026,0,1,0,0,0,0.0,0.27002713721306015,6.210600077024653,0.0,0.0,10.399999999999999,0.1573
SAFE_23.26_77.41_2026-05-21,2026-05-21,23.259,77.412,0.0,41.3,31.1,32,18.2,0.0,10.09,497.0,0.31,0,5,2026,0,1,0,0,0,0.0,0.27002713721306015,6.210600077024653,0.0,0.0,10.199999999999996,0.178
SAFE_23.26_77.41_2026-05-22,2026-05-22,23.259,77.412,0.0,41.7,30.5,25,16.7,0.0,9.88,497.0,0.31,0,5,2026,0,1,0,0,0,0.0,0.27002713721306015,6.210600077024653,0.0,0.0,11.200000000000003,0.1619
SAFE_21.14_79.09_2026-05-15,2026-05-15,21.145,79.089,0.0,42.5,31.6,50,20.4,0.0,8.47,307.0,1.34,0,5,2026,0,1,1,0,0,0.0,0.8501509293696101,5.730099782973574,0.0,0.0,10.899999999999999,0.2254
SAFE_21.14_79.09_2026-05-16,2026-05-16,21.145,79.089,0.0,42.8,30.6,48,14.0,0.0,7.82,307.0,1.34,0,5,2026,0,1,1,0,0,0.0,0.8501509293696101,5.730099782973574,0.0,0.0,12.199999999999996,0.2208
SAFE_21.14_79.09_2026-05-17,2026-05-17,21.145,79.089,0.0,43.0,29.5,60,12.5,0.0,7.48,307.0,1.34,0,5,2026,0,1,1,0,0,0.0,0.8501509293696101,5.730099782973574,0.0,0.0,13.5,0.2484
SAFE_21.14_79.09_2026-05-18,2026-05-18,21.145,79.089,0.0,43.8,31.8,49,16.0,0.0,8.62,307.0,1.34,0,5,2026,0,1,1,0,0,0.0,0.8501509293696101,5.730099782973574,0.0,0.0,11.999999999999996,0.2231
SAFE_21.14_79.09_2026-05-19,2026-05-19,21.145,79.089,0.0,44.5,32.5,46,14.5,0.0,8.5,307.0,1.34,0,5,2026,0,1,1,0,0,0.0,0.8501509293696101,5.730099782973574,0.0,0.0,12.0,0.2162
SAFE_21.14_79.09_2026-05-20,2026-05-20,21.145,79.089,0.0,44.8,31.9,41,17.2,0.0,8.64,307.0,1.34,0,5,2026,0,1,1,0,0,0.0,0.8501509293696101,5.730099782973574,0.0,0.0,12.899999999999999,0.2047
SAFE_21.14_79.09_2026-05-21,2026-05-21,21.145,79.089,0.0,44.0,34.0,27,16.3,0.0,9.26,307.0,1.34,0,5,2026,0,1,0,0,0,0.0,0.8501509293696101,5.730099782973574,0.0,0.0,10.0,0.1725
SAFE_21.14_79.09_2026-05-22,2026-05-22,21.145,79.089,0.0,44.3,33.7,27,16.1,0.0,9.45,307.0,1.34,0,5,2026,0,1,0,0,0,0.0,0.8501509293696101,5.730099782973574,0.0,0.0,10.599999999999994,0.1725
SAFE_22.72_75.86_2026-05-15,2026-05-15,22.719,75.857,0.0,40.5,28.8,37,18.0,0.0,9.98,555.0,0.59,0,5,2026,0,1,0,0,0,0.0,0.4637340162321401,6.320768294250582,0.0,0.0,11.7,0.1876
SAFE_22.72_75.86_2026-05-16,2026-05-16,22.719,75.857,0.0,39.1,26.6,59,16.2,0.0,8.89,555.0,0.59,0,5,2026,0,1,1,0,0,0.0,0.4637340162321401,6.320768294250582,0.0,0.0,12.5,0.2382
SAFE_22.72_75.86_2026-05-17,2026-05-17,22.719,75.857,0.0,41.4,28.5,34,12.6,0.0,8.34,555.0,0.59,0,5,2026,0,1,0,0,0,0.0,0.4637340162321401,6.320768294250582,0.0,0.0,12.899999999999999,0.1807
SAFE_22.72_75.86_2026-05-18,2026-05-18,22.719,75.857,0.0,42.2,30.1,36,21.3,0.0,8.44,555.0,0.59,0,5,2026,0,1,0,0,0,0.0,0.4637340162321401,6.320768294250582,0.0,0.0,12.100000000000001,0.1853
SAFE_22.72_75.86_2026-05-19,2026-05-19,22.719,75.857,0.0,42.0,30.1,30,17.7,0.0,9.63,555.0,0.59,0,5,2026,0,1,0,0,0,0.0,0.4637340162321401,6.320768294250582,0.0,0.0,11.899999999999999,0.1716
SAFE_22.72_75.86_2026-05-20,2026-05-20,22.719,75.857,0.0,40.0,28.4,47,16.6,0.0,9.02,555.0,0.59,0,5,2026,0,1,1,0,0,0.0,0.4637340162321401,6.320768294250582,0.0,0.0,11.600000000000001,0.2106
SAFE_22.72_75.86_2026-05-21,2026-05-21,22.719,75.857,0.0,39.8,27.8,56,14.7,0.0,8.89,555.0,0.59,0,5,2026,0,1,1,0,0,0.0,0.4637340162321401,6.320768294250582,0.0,0.0,11.999999999999996,0.2313
SAFE_22.72_75.86_2026-05-22,2026-05-22,22.719,75.857,0.0,40.3,29.0,42,16.7,0.0,9.28,555.0,0.59,0,5,2026,0,1,1,0,0,0.0,0.4637340162321401,6.320768294250582,0.0,0.0,11.299999999999997,0.1991
SAFE_17.39_78.49_2026-05-15,2026-05-15,17.385,78.486,0.2,37.4,27.5,68,9.8,2.0,6.06,508.0,9.35,0,5,2026,1,1,2,0,0,0.18232155679395465,2.336986519711378,6.2324480165505225,0.136,0.1,9.899999999999999,0.2773
SAFE_17.39_78.49_2026-05-16,2026-05-16,17.385,78.486,1.0,37.7,29.4,63,14.1,2.0,6.21,508.0,9.4,0,5,2026,1,1,2,0,0,0.6931471805599453,2.341805806147327,6.2324480165505225,0.63,0.5,8.300000000000004,0.2669
SAFE_17.39_78.49_2026-05-17,2026-05-17,17.385,78.486,0.4,36.5,27.6,68,12.1,2.0,6.03,508.0,9.47,0,5,2026,1,1,2,0,0,0.33647223662121295,2.3485140248824456,6.2324480165505225,0.272,0.2,8.899999999999999,0.2776
SAFE_17.39_78.49_2026-05-18,2026-05-18,17.385,78.486,0.6,36.7,27.8,68,13.2,3.0,6.25,508.0,9.45,0,5,2026,1,1,2,0,0,0.4700036292457356,2.34660197841082,6.2324480165505225,0.408,0.19999999999999998,8.900000000000002,0.2862
SAFE_17.39_78.49_2026-05-19,2026-05-19,17.385,78.486,0.3,37.9,28.0,71,11.3,2.0,6.67,508.0,9.38,0,5,2026,1,1,2,0,0,0.262364264467491,2.3398808777377424,6.2324480165505225,0.213,0.15,9.899999999999999,0.2844
SAFE_17.39_78.49_2026-05-20,2026-05-20,17.385,78.486,0.3,38.5,28.1,66,12.4,2.0,7.35,508.0,9.28,0,5,2026,1,1,2,0,0,0.262364264467491,2.330200260027019,6.2324480165505225,0.198,0.15,10.399999999999999,0.2729
SAFE_17.39_78.49_2026-05-21,2026-05-21,17.385,78.486,0.0,40.0,29.3,56,13.4,0.0,7.45,508.0,9.16,0,5,2026,0,1,1,0,0,0.0,2.318458442150336,6.2324480165505225,0.0,0.0,10.7,0.2328
SAFE_17.39_78.49_2026-05-22,2026-05-22,17.385,78.486,0.0,40.3,29.6,59,21.5,0.0,8.22,508.0,9.19,0,5,2026,0,1,1,0,0,0.0,2.321406847234633,6.2324480165505225,0.0,0.0,10.699999999999996,0.2397
SAFE_12.97_77.59_2026-05-15,2026-05-15,12.971,77.594,0.4,31.0,22.5,89,14.1,1.0,4.04,916.0,0.63,0,5,2026,1,1,3,0,0,0.33647223662121295,0.48858001481867097,6.821107472256465,0.35600000000000004,0.4,8.5,0.3046
SAFE_12.97_77.59_2026-05-16,2026-05-16,12.971,77.594,4.0,33.2,23.5,80,13.2,9.0,4.17,916.0,0.63,0,5,2026,1,1,2,0,0,1.6094379124341003,0.48858001481867097,6.821107472256465,3.2,0.4444444444444444,9.700000000000003,0.3552
SAFE_12.97_77.59_2026-05-17,2026-05-17,12.971,77.594,0.0,34.0,22.6,90,13.9,0.0,5.28,916.0,0.63,0,5,2026,0,1,3,0,0,0.0,0.48858001481867097,6.821107472256465,0.0,0.0,11.399999999999999,0.2981
SAFE_12.97_77.59_2026-05-18,2026-05-18,12.971,77.594,31.0,33.2,22.5,96,14.9,7.0,3.98,916.0,0.63,0,5,2026,3,1,3,0,0,3.4657359027997265,0.48858001481867097,6.821107472256465,29.76,4.428571428571429,10.700000000000003,0.4095
SAFE_12.97_77.59_2026-05-19,2026-05-19,12.971,77.594,2.9,29.0,21.4,98,15.4,7.0,4.3,916.0,1.31,0,5,2026,1,1,3,0,0,1.3609765531356006,0.8372475245337022,6.821107472256465,2.842,0.41428571428571426,7.600000000000001,0.3785
SAFE_12.97_77.59_2026-05-20,2026-05-20,12.971,77.594,5.7,30.0,21.9,90,14.7,5.0,4.45,916.0,1.44,0,5,2026,2,1,3,0,0,1.9021075263969205,0.8919980393051105,6.821107472256465,5.13,1.1400000000000001,8.100000000000001,0.347
SAFE_12.97_77.59_2026-05-21,2026-05-21,12.971,77.594,0.2,32.0,22.1,96,13.2,2.0,5.24,916.0,1.59,0,5,2026,1,1,3,0,0,0.18232155679395465,0.9516578757114464,6.821107472256465,0.19200000000000003,0.1,9.899999999999999,0.3288
SAFE_12.97_77.59_2026-05-22,2026-05-22,12.971,77.594,11.4,31.9,21.9,94,13.2,6.0,3.76,916.0,1.72,0,5,2026,2,1,3,0,0,2.517696472610991,1.000631880307906,6.821107472256465,10.716000000000001,1.9000000000000001,10.0,0.3717
SAFE_28.53_77.21_2026-05-15,2026-05-15,28.527,77.211,0.0,39.6,28.6,49,18.6,0.0,7.74,229.0,1.22,0,5,2026,0,1,1,0,0,0.0,0.7975071958841881,5.438079308923196,0.0,0.0,11.0,0.2255
SAFE_28.53_77.21_2026-05-16,2026-05-16,28.527,77.211,0.0,40.0,28.5,46,17.0,0.0,7.88,229.0,1.09,0,5,2026,0,1,1,0,0,0.0,0.7371640659767197,5.438079308923196,0.0,0.0,11.5,0.2186
SAFE_28.53_77.21_2026-05-17,2026-05-17,28.527,77.211,0.1,40.8,29.5,39,21.4,1.0,9.03,229.0,1.09,0,5,2026,1,1,0,0,0,0.09531017980432487,0.7371640659767197,5.438079308923196,0.03900000000000001,0.1,11.299999999999997,0.211
SAFE_28.53_77.21_2026-05-18,2026-05-18,28.527,77.211,0.0,42.8,29.2,43,18.6,0.0,9.15,229.0,1.09,0,5,2026,0,1,1,0,0,0.0,0.7371640659767197,5.438079308923196,0.0,0.0,13.599999999999998,0.2117
SAFE_28.53_77.21_2026-05-19,2026-05-19,28.527,77.211,0.0,44.0,30.6,30,16.6,0.0,9.39,229.0,1.09,0,5,2026,0,1,0,0,0,0.0,0.7371640659767197,5.438079308923196,0.0,0.0,13.399999999999999,0.1819
SAFE_28.53_77.21_2026-05-20,2026-05-20,28.527,77.211,0.0,43.2,31.4,28,14.3,0.0,8.64,229.0,1.06,0,5,2026,0,1,0,0,0,0.0,0.7227059828014898,5.438079308923196,0.0,0.0,11.800000000000004,0.1773
SAFE_28.53_77.21_2026-05-21,2026-05-21,28.527,77.211,0.0,42.2,32.8,34,21.3,0.0,10.33,229.0,1.06,0,5,2026,0,1,0,0,0,0.0,0.7227059828014898,5.438079308923196,0.0,0.0,9.400000000000006,0.191
SAFE_28.53_77.21_2026-05-22,2026-05-22,28.527,77.211,0.0,42.2,31.4,30,15.4,0.0,9.18,229.0,1.06,0,5,2026,0,1,0,0,0,0.0,0.7227059828014898,5.438079308923196,0.0,0.0,10.800000000000004,0.1819
SAFE_30.73_76.78_2026-05-15,2026-05-15,30.733,76.779,0.7,35.1,23.6,68,17.3,1.0,6.3,345.0,0.16,0,5,2026,1,1,2,0,0,0.5306282510621704,0.1484200051182733,5.846438775057725,0.4759999999999999,0.7,11.5,0.2748
SAFE_30.73_76.78_2026-05-16,2026-05-16,30.733,76.779,0.1,35.8,24.2,53,17.7,1.0,6.9,345.0,0.16,0,5,2026,1,1,1,0,0,0.09531017980432487,0.1484200051182733,5.846438775057725,0.053000000000000005,0.1,11.599999999999998,0.2395
SAFE_30.73_76.78_2026-05-17,2026-05-17,30.733,76.779,0.0,37.8,25.2,48,19.6,0.0,8.12,345.0,0.16,0,5,2026,0,1,1,0,0,0.0,0.1484200051182733,5.846438775057725,0.0,0.0,12.599999999999998,0.2196
SAFE_30.73_76.78_2026-05-18,2026-05-18,30.733,76.779,0.0,39.8,26.4,47,16.9,0.0,8.22,345.0,0.16,0,5,2026,0,1,1,0,0,0.0,0.1484200051182733,5.846438775057725,0.0,0.0,13.399999999999999,0.2173
SAFE_30.73_76.78_2026-05-19,2026-05-19,30.733,76.779,0.0,40.8,30.0,44,14.3,0.0,7.79,345.0,0.16,0,5,2026,0,1,1,0,0,0.0,0.1484200051182733,5.846438775057725,0.0,0.0,10.799999999999997,0.2104
SAFE_30.73_76.78_2026-05-20,2026-05-20,30.733,76.779,0.0,41.8,26.0,47,9.5,0.0,7.05,345.0,0.16,0,5,2026,0,1,1,0,0,0.0,0.1484200051182733,5.846438775057725,0.0,0.0,15.799999999999997,0.2173
SAFE_30.73_76.78_2026-05-21,2026-05-21,30.733,76.779,0.0,41.3,25.5,54,16.3,0.0,7.24,345.0,0.16,0,5,2026,0,1,1,0,0,0.0,0.1484200051182733,5.846438775057725,0.0,0.0,15.799999999999997,0.2334
SAFE_30.73_76.78_2026-05-22,2026-05-22,30.733,76.779,0.2,39.3,28.2,43,19.1,1.0,7.38,345.0,0.16,0,5,2026,1,1,1,0,0,0.18232155679395465,0.1484200051182733,5.846438775057725,0.086,0.2,11.099999999999998,0.2167
SAFE_26.85_80.95_2026-05-15,2026-05-15,26.847,80.947,5.0,36.4,26.6,91,15.1,3.0,4.92,118.0,19.46,0,5,2026,1,1,3,0,0,1.791759469228055,3.0184717605234805,4.77912349311153,4.55,1.6666666666666667,9.799999999999997,0.357
SAFE_26.85_80.95_2026-05-16,2026-05-16,26.847,80.947,0.0,39.7,27.4,81,14.3,0.0,6.6,118.0,20.38,0,5,2026,0,1,3,0,0,0.0,3.062455905596899,4.77912349311153,0.0,0.0,12.300000000000004,0.3027
SAFE_26.85_80.95_2026-05-17,2026-05-17,26.847,80.947,0.0,40.9,28.6,53,20.7,0.0,8.38,118.0,20.09,0,5,2026,0,1,1,0,0,0.0,3.0487989944906833,4.77912349311153,0.0,0.0,12.299999999999997,0.2383
SAFE_26.85_80.95_2026-05-18,2026-05-18,26.847,80.947,0.0,42.0,30.6,41,14.8,0.0,8.05,118.0,18.91,0,5,2026,0,1,1,0,0,0.0,2.991222118076105,4.77912349311153,0.0,0.0,11.399999999999999,0.2107
SAFE_26.85_80.95_2026-05-19,2026-05-19,26.847,80.947,0.0,41.8,30.2,61,12.5,0.0,6.82,118.0,18.72,0,5,2026,0,1,2,0,0,0.0,2.9816333491744893,4.77912349311153,0.0,0.0,11.599999999999998,0.2567
SAFE_26.85_80.95_2026-05-20,2026-05-20,26.847,80.947,0.0,42.8,30.0,70,15.1,0.0,7.03,118.0,18.59,0,5,2026,0,1,2,0,0,0.0,2.9750192319564492,4.77912349311153,0.0,0.0,12.799999999999997,0.2774
SAFE_26.85_80.95_2026-05-21,2026-05-21,26.847,80.947,0.0,42.8,31.5,61,15.0,0.0,8.2,118.0,18.45,0,5,2026,0,1,2,0,0,0.0,2.9678470700644555,4.77912349311153,0.0,0.0,11.299999999999997,0.2567
SAFE_26.85_80.95_2026-05-22,2026-05-22,26.847,80.947,0.0,41.9,29.2,60,13.1,0.0,7.46,118.0,18.36,0,5,2026,0,1,1,0,0,0.0,2.963209081848431,4.77912349311153,0.0,0.0,12.7,0.2544
SAFE_25.61_85.14_2026-05-15,2026-05-15,25.614,85.144,0.0,35.8,25.9,87,10.7,0.0,5.34,55.0,3046.89,0,5,2026,0,1,3,1,1,0.0,8.02220482691646,4.02535169073515,0.0,0.0,9.899999999999999,0.3285
SAFE_25.61_85.14_2026-05-16,2026-05-16,25.614,85.144,0.0,37.0,27.1,90,8.3,0.0,5.53,55.0,3046.89,0,5,2026,0,1,3,1,1,0.0,8.02220482691646,4.02535169073515,0.0,0.0,9.899999999999999,0.3354
SAFE_25.61_85.14_2026-05-17,2026-05-17,25.614,85.144,0.0,39.4,27.3,94,17.3,0.0,6.33,55.0,3082.19,0,5,2026,0,1,3,1,1,0.0,8.033720054271345,4.02535169073515,0.0,0.0,12.099999999999998,0.3447
SAFE_25.61_85.14_2026-05-18,2026-05-18,25.614,85.144,0.0,37.8,27.4,92,17.1,0.0,5.84,55.0,3075.1,0,5,2026,0,1,3,1,1,0.0,8.03141783985003,4.02535169073515,0.0,0.0,10.399999999999999,0.3401
SAFE_25.61_85.14_2026-05-19,2026-05-19,25.614,85.144,0.0,34.8,27.2,90,18.2,0.0,5.51,55.0,3053.92,0,5,2026,0,1,3,1,1,0.0,8.024508684683443,4.02535169073515,0.0,0.0,7.599999999999998,0.3354
SAFE_25.61_85.14_2026-05-20,2026-05-20,25.614,85.144,0.5,35.9,28.1,87,11.3,4.0,5.31,55.0,3018.95,0,5,2026,1,1,3,1,1,0.4054651081081644,8.012995553940467,4.02535169073515,0.435,0.125,7.799999999999997,0.3624
SAFE_25.61_85.14_2026-05-21,2026-05-21,25.614,85.144,0.0,38.3,28.9,86,16.9,0.0,6.09,55.0,2970.67,0,5,2026,0,1,3,1,1,0.0,7.996879363333494,4.02535169073515,0.0,0.0,9.399999999999999,0.326
SAFE_25.61_85.14_2026-05-22,2026-05-22,25.614,85.144,0.0,38.2,28.0,88,12.1,0.0,5.84,55.0,2923.15,0,5,2026,0,1,3,1,1,0.0,7.980759119143493,4.02535169073515,0.0,0.0,10.200000000000003,0.3304
SAFE_26.92_70.90_2026-05-15,2026-05-15,26.92,70.9,0.0,38.5,27.5,63,16.3,0.0,7.24,240.0,0.03,0,5,2026,0,1,2,0,0,0.0,0.0295588022415444,5.484796933490655,0.0,0.0,11.0,0.2574
SAFE_26.92_70.90_2026-05-16,2026-05-16,26.92,70.9,0.0,40.8,28.6,66,14.0,0.0,7.28,240.0,0.03,0,5,2026,0,1,2,0,0,0.0,0.0295588022415444,5.484796933490655,0.0,0.0,12.199999999999996,0.2643
SAFE_26.92_70.90_2026-05-17,2026-05-17,26.92,70.9,0.0,42.5,30.0,52,16.4,0.0,9.52,240.0,0.03,0,5,2026,0,1,1,0,0,0.0,0.0295588022415444,5.484796933490655,0.0,0.0,12.5,0.2321
SAFE_26.92_70.90_2026-05-18,2026-05-18,26.92,70.9,0.0,41.8,28.9,33,19.9,0.0,11.04,240.0,0.03,0,5,2026,0,1,0,0,0,0.0,0.0295588022415444,5.484796933490655,0.0,0.0,12.899999999999999,0.1884
SAFE_26.92_70.90_2026-05-19,2026-05-19,26.92,70.9,0.0,41.3,26.1,68,19.3,0.0,8.86,240.0,0.03,0,5,2026,0,1,2,0,0,0.0,0.0295588022415444,5.484796933490655,0.0,0.0,15.199999999999996,0.2689
SAFE_26.92_70.90_2026-05-20,2026-05-20,26.92,70.9,0.0,42.0,28.5,61,21.0,0.0,9.87,240.0,0.03,0,5,2026,0,1,2,0,0,0.0,0.0295588022415444,5.484796933490655,0.0,0.0,13.5,0.2528
SAFE_26.92_70.90_2026-05-21,2026-05-21,26.92,70.9,0.0,39.7,27.4,57,21.7,0.0,9.54,240.0,0.03,0,5,2026,0,1,1,0,0,0.0,0.0295588022415444,5.484796933490655,0.0,0.0,12.300000000000004,0.2436
SAFE_26.92_70.90_2026-05-22,2026-05-22,26.92,70.9,0.0,41.4,27.4,64,16.3,0.0,7.95,240.0,0.03,0,5,2026,0,1,2,0,0,0.0,0.0295588022415444,5.484796933490655,0.0,0.0,14.0,0.2597
SAFE_27.50_72.00_2026-05-15,2026-05-15,27.5,72.0,0.0,39.2,27.1,62,13.2,0.0,7.11,182.0,0.0,0,5,2026,0,1,2,0,0,0.0,0.0,5.209486152841421,0.0,0.0,12.100000000000001,0.2569
SAFE_27.50_72.00_2026-05-16,2026-05-16,27.5,72.0,0.0,41.0,25.8,58,12.0,0.0,6.77,182.0,0.0,0,5,2026,0,1,1,0,0,0.0,0.0,5.209486152841421,0.0,0.0,15.2,0.2477
SAFE_27.50_72.00_2026-05-17,2026-05-17,27.5,72.0,0.0,43.4,30.2,37,15.2,0.0,8.83,182.0,0.0,0,5,2026,0,1,0,0,0,0.0,0.0,5.209486152841421,0.0,0.0,13.2,0.1994
SAFE_27.50_72.00_2026-05-18,2026-05-18,27.5,72.0,0.0,44.2,31.0,23,21.1,0.0,11.46,182.0,0.0,0,5,2026,0,1,0,0,0,0.0,0.0,5.209486152841421,0.0,0.0,13.200000000000003,0.1672
SAFE_27.50_72.00_2026-05-19,2026-05-19,27.5,72.0,0.0,42.7,27.8,47,16.4,0.0,9.3,182.0,0.0,0,5,2026,0,1,1,0,0,0.0,0.0,5.209486152841421,0.0,0.0,14.900000000000002,0.2224
SAFE_27.50_72.00_2026-05-20,2026-05-20,27.5,72.0,0.0,42.5,31.4,51,21.1,0.0,9.95,182.0,0.0,0,5,2026,0,1,1,0,0,0.0,0.0,5.209486152841421,0.0,0.0,11.100000000000001,0.2316
SAFE_27.50_72.00_2026-05-21,2026-05-21,27.5,72.0,0.0,41.2,29.1,38,21.5,0.0,9.48,182.0,0.0,0,5,2026,0,1,0,0,0,0.0,0.0,5.209486152841421,0.0,0.0,12.100000000000001,0.2017
SAFE_27.50_72.00_2026-05-22,2026-05-22,27.5,72.0,0.0,42.0,30.4,43,12.6,0.0,7.34,182.0,0.0,0,5,2026,0,1,1,0,0,0.0,0.0,5.209486152841421,0.0,0.0,11.600000000000001,0.2132
SAFE_25.75_71.39_2026-05-15,2026-05-15,25.747,71.394,0.0,38.8,26.7,69,16.9,0.0,7.81,201.0,0.12,0,5,2026,0,1,2,0,0,0.0,0.11332868530700317,5.308267697401205,0.0,0.0,12.099999999999998,0.2724
SAFE_25.75_71.39_2026-05-16,2026-05-16,25.747,71.394,0.0,40.3,28.1,66,16.3,0.0,7.69,201.0,0.12,0,5,2026,0,1,2,0,0,0.0,0.11332868530700317,5.308267697401205,0.0,0.0,12.199999999999996,0.2655
SAFE_25.75_71.39_2026-05-17,2026-05-17,25.747,71.394,0.0,42.5,29.5,53,18.2,0.0,9.61,201.0,0.12,0,5,2026,0,1,1,0,0,0.0,0.11332868530700317,5.308267697401205,0.0,0.0,13.0,0.2356
SAFE_25.75_71.39_2026-05-18,2026-05-18,25.747,71.394,0.0,42.0,28.8,34,19.8,0.0,11.01,201.0,0.12,0,5,2026,0,1,0,0,0,0.0,0.11332868530700317,5.308267697401205,0.0,0.0,13.2,0.1919
SAFE_25.75_71.39_2026-05-19,2026-05-19,25.747,71.394,0.0,41.4,25.5,71,20.9,0.0,9.29,201.0,0.12,0,5,2026,0,1,2,0,0,0.0,0.11332868530700317,5.308267697401205,0.0,0.0,15.899999999999999,0.277
SAFE_25.75_71.39_2026-05-20,2026-05-20,25.747,71.394,0.0,42.0,27.5,75,21.3,0.0,9.85,201.0,0.12,0,5,2026,0,1,2,0,0,0.0,0.11332868530700317,5.308267697401205,0.0,0.0,14.5,0.2862
SAFE_25.75_71.39_2026-05-21,2026-05-21,25.747,71.394,0.0,41.1,26.9,62,22.4,0.0,10.34,201.0,0.12,0,5,2026,0,1,2,0,0,0.0,0.11332868530700317,5.308267697401205,0.0,0.0,14.200000000000003,0.2563
SAFE_25.75_71.39_2026-05-22,2026-05-22,25.747,71.394,0.0,41.2,26.2,74,18.0,0.0,8.71,201.0,0.12,0,5,2026,0,1,2,0,0,0.0,0.11332868530700317,5.308267697401205,0.0,0.0,15.000000000000004,0.2839
SAFE_-1.29_36.82_2026-05-15,2026-05-15,-1.286,36.817,0.7,23.3,16.0,90,9.8,4.0,4.03,1671.0,14.7,0,5,2026,1,1,3,0,0,0.5306282510621704,2.7536607123542622,7.421775793644647,0.6299999999999999,0.175,7.300000000000001,0.3085
SAFE_-1.29_36.82_2026-05-16,2026-05-16,-1.286,36.817,1.7,24.4,15.9,95,13.1,8.0,4.06,1671.0,11.19,0,5,2026,1,1,3,0,0,0.9932517730102833,2.5006159434931803,7.421775793644647,1.615,0.2125,8.499999999999998,0.3546
SAFE_-1.29_36.82_2026-05-17,2026-05-17,-1.286,36.817,1.6,23.4,15.4,97,9.3,8.0,4.13,1671.0,6.41,0,5,2026,1,1,3,0,0,0.9555114450274363,2.0028304393079956,7.421775793644647,1.5520000000000003,0.2,7.999999999999998,0.359
SAFE_-1.29_36.82_2026-05-18,2026-05-18,-1.286,36.817,0.7,23.6,15.7,95,9.5,6.0,3.94,1671.0,5.25,0,5,2026,1,1,3,0,0,0.5306282510621704,1.8325814637483102,7.421775793644647,0.665,0.11666666666666665,7.900000000000002,0.3366
SAFE_-1.29_36.82_2026-05-19,2026-05-19,-1.286,36.817,0.0,24.4,14.3,95,10.0,0.0,4.51,1671.0,4.37,0,5,2026,0,1,3,0,0,0.0,1.6808279085207734,7.421775793644647,0.0,0.0,10.099999999999998,0.2857
SAFE_-1.29_36.82_2026-05-20,2026-05-20,-1.286,36.817,0.0,24.5,14.6,98,9.3,0.0,4.41,1671.0,2.4,0,5,2026,0,1,3,0,0,0.0,1.2237754316221157,7.421775793644647,0.0,0.0,9.9,0.2926
SAFE_-1.29_36.82_2026-05-21,2026-05-21,-1.286,36.817,0.7,24.8,16.0,92,9.4,5.0,3.8,1671.0,1.25,0,5,2026,1,1,3,0,0,0.5306282510621704,0.8109302162163288,7.421775793644647,0.6439999999999999,0.13999999999999999,8.8,0.3214
SAFE_-1.29_36.82_2026-05-22,2026-05-22,-1.286,36.817,0.1,25.1,14.9,96,11.7,1.0,4.37,1671.0,1.78,0,5,2026,1,1,3,0,0,0.09531017980432487,1.0224509277025458,7.421775793644647,0.09600000000000002,0.1,10.200000000000001,0.2965
SAFE_24.69_46.72_2026-05-15,2026-05-15,24.688,46.722,0.0,39.1,27.7,18,14.2,0.0,8.41,611.0,0.66,0,5,2026,0,1,0,0,0,0.0,0.5068176023684519,6.416732282512326,0.0,0.0,11.400000000000002,0.1422
SAFE_24.69_46.72_2026-05-16,2026-05-16,24.688,46.722,0.0,41.7,28.7,17,17.9,0.0,8.9,611.0,0.66,0,5,2026,0,1,0,0,0,0.0,0.5068176023684519,6.416732282512326,0.0,0.0,13.000000000000004,0.1399
SAFE_24.69_46.72_2026-05-17,2026-05-17,24.688,46.722,0.0,35.1,24.9,13,14.2,0.0,8.47,611.0,0.66,0,5,2026,0,1,0,0,0,0.0,0.5068176023684519,6.416732282512326,0.0,0.0,10.200000000000003,0.1307
SAFE_24.69_46.72_2026-05-18,2026-05-18,24.688,46.722,0.0,36.2,24.0,19,9.4,0.0,7.09,611.0,0.66,0,5,2026,0,1,0,0,0,0.0,0.5068176023684519,6.416732282512326,0.0,0.0,12.200000000000003,0.1445
SAFE_24.69_46.72_2026-05-19,2026-05-19,24.688,46.722,0.0,42.0,28.2,18,15.7,0.0,8.72,611.0,0.66,0,5,2026,0,1,0,0,0,0.0,0.5068176023684519,6.416732282512326,0.0,0.0,13.8,0.1422
SAFE_24.69_46.72_2026-05-20,2026-05-20,24.688,46.722,0.0,39.3,30.5,20,11.3,0.0,7.84,611.0,0.66,0,5,2026,0,1,0,0,0,0.0,0.5068176023684519,6.416732282512326,0.0,0.0,8.799999999999997,0.1468
SAFE_24.69_46.72_2026-05-21,2026-05-21,24.688,46.722,0.0,42.7,28.4,16,15.5,0.0,8.27,611.0,0.66,0,5,2026,0,1,0,0,0,0.0,0.5068176023684519,6.416732282512326,0.0,0.0,14.300000000000004,0.1376
SAFE_24.69_46.72_2026-05-22,2026-05-22,24.688,46.722,0.0,38.9,28.2,20,13.1,0.0,8.51,611.0,0.66,0,5,2026,0,1,0,0,0,0.0,0.5068176023684519,6.416732282512326,0.0,0.0,10.7,0.1468
SAFE_30.04_31.24_2026-05-15,2026-05-15,30.044,31.236,0.0,33.0,21.2,56,17.0,0.0,7.66,23.0,0.16,0,5,2026,0,1,1,1,0,0.0,0.1484200051182733,3.1780538303479458,0.0,0.0,11.8,0.2481
SAFE_30.04_31.24_2026-05-16,2026-05-16,30.044,31.236,0.0,32.8,17.9,80,10.6,0.0,6.14,23.0,0.16,0,5,2026,0,1,2,1,0,0.0,0.1484200051182733,3.1780538303479458,0.0,0.0,14.899999999999999,0.3033
SAFE_30.04_31.24_2026-05-17,2026-05-17,30.044,31.236,0.0,41.3,22.9,54,19.8,0.0,8.18,23.0,0.16,0,5,2026,0,1,1,1,0,0.0,0.1484200051182733,3.1780538303479458,0.0,0.0,18.4,0.2435
SAFE_30.04_31.24_2026-05-18,2026-05-18,30.044,31.236,0.0,39.7,25.2,45,15.8,0.0,8.58,23.0,0.16,0,5,2026,0,1,1,1,0,0.0,0.1484200051182733,3.1780538303479458,0.0,0.0,14.500000000000004,0.2228
SAFE_30.04_31.24_2026-05-19,2026-05-19,30.044,31.236,0.0,37.0,22.4,55,16.7,0.0,8.06,23.0,0.16,0,5,2026,0,1,1,1,0,0.0,0.1484200051182733,3.1780538303479458,0.0,0.0,14.600000000000001,0.2458
SAFE_30.04_31.24_2026-05-20,2026-05-20,30.044,31.236,0.0,30.5,21.0,56,18.3,0.0,7.19,23.0,0.16,0,5,2026,0,1,1,1,0,0.0,0.1484200051182733,3.1780538303479458,0.0,0.0,9.5,0.2481
SAFE_30.04_31.24_2026-05-21,2026-05-21,30.044,31.236,0.0,29.1,17.8,75,13.9,0.0,6.02,23.0,0.16,0,5,2026,0,1,2,1,0,0.0,0.1484200051182733,3.1780538303479458,0.0,0.0,11.3,0.2918
SAFE_30.04_31.24_2026-05-22,2026-05-22,30.044,31.236,0.0,30.5,17.8,76,15.5,0.0,6.38,23.0,0.16,0,5,2026,0,1,2,1,0,0.0,0.1484200051182733,3.1780538303479458,0.0,0.0,12.7,0.2941
SAFE_33.45_-112.07_2026-05-15,2026-05-15,33.448,-112.073,0.0,36.2,22.8,23,11.8,0.0,7.21,335.0,8.16,0,5,2026,0,1,0,0,0,0.0,2.214846178686039,5.817111159963204,0.0,0.0,13.400000000000002,0.1624
SAFE_33.45_-112.07_2026-05-16,2026-05-16,33.448,-112.073,0.0,36.2,23.4,26,19.2,0.0,8.75,335.0,8.16,0,5,2026,0,1,0,0,0,0.0,2.214846178686039,5.817111159963204,0.0,0.0,12.800000000000004,0.1693
SAFE_33.45_-112.07_2026-05-17,2026-05-17,33.448,-112.073,0.0,34.4,22.5,30,18.8,0.0,8.17,335.0,8.16,0,5,2026,0,1,0,0,0,0.0,2.214846178686039,5.817111159963204,0.0,0.0,11.899999999999999,0.1785
SAFE_33.45_-112.07_2026-05-18,2026-05-18,33.448,-112.073,0.0,29.6,19.6,54,11.6,0.0,6.65,335.0,8.12,0,5,2026,0,1,1,0,0,0.0,2.21046980408624,5.817111159963204,0.0,0.0,10.0,0.2337
SAFE_33.45_-112.07_2026-05-19,2026-05-19,33.448,-112.073,0.0,32.1,20.3,24,10.5,0.0,6.69,335.0,8.16,0,5,2026,0,1,0,0,0,0.0,2.214846178686039,5.817111159963204,0.0,0.0,11.8,0.1647
SAFE_33.45_-112.07_2026-05-20,2026-05-20,33.448,-112.073,0.0,33.8,21.0,15,10.9,0.0,6.99,335.0,8.18,0,5,2026,0,1,0,0,0,0.0,2.217027204632399,5.817111159963204,0.0,0.0,12.799999999999997,0.144
SAFE_33.45_-112.07_2026-05-21,2026-05-21,33.448,-112.073,0.0,34.5,20.5,18,12.3,0.0,7.39,335.0,8.18,0,5,2026,0,1,0,0,0,0.0,2.217027204632399,5.817111159963204,0.0,0.0,14.0,0.1509
SAFE_33.45_-112.07_2026-05-22,2026-05-22,33.448,-112.073,0.0,35.4,21.4,28,16.6,0.0,7.79,335.0,8.18,0,5,2026,0,1,0,0,0,0.0,2.217027204632399,5.817111159963204,0.0,0.0,14.0,0.1739
SAFE_40.42_-3.70_2026-05-15,2026-05-15,40.416,-3.703,2.2,16.2,9.7,62,17.6,3.0,4.15,651.0,1.78,0,5,2026,1,1,2,0,0,1.1631508098056809,1.0224509277025458,6.480044561926653,1.364,0.7333333333333334,6.5,0.2699
SAFE_40.42_-3.70_2026-05-16,2026-05-16,40.416,-3.703,0.0,19.5,6.5,75,10.1,0.0,4.91,651.0,1.81,0,5,2026,0,1,2,0,0,0.0,1.0331844833456545,6.480044561926653,0.0,0.0,13.0,0.272
SAFE_40.42_-3.70_2026-05-17,2026-05-17,40.416,-3.703,0.8,22.9,8.9,75,12.5,4.0,4.9,651.0,1.72,0,5,2026,1,1,2,0,0,0.5877866649021191,1.000631880307906,6.480044561926653,0.6,0.2,13.999999999999998,0.3063
SAFE_40.42_-3.70_2026-05-18,2026-05-18,40.416,-3.703,0.0,23.4,10.3,84,14.9,0.0,5.6,651.0,1.72,0,5,2026,0,1,3,0,0,0.0,1.000631880307906,6.480044561926653,0.0,0.0,13.099999999999998,0.2927
SAFE_40.42_-3.70_2026-05-19,2026-05-19,40.416,-3.703,0.0,26.4,12.5,71,11.3,0.0,5.94,651.0,1.69,0,5,2026,0,1,2,0,0,0.0,0.9895411936137477,6.480044561926653,0.0,0.0,13.899999999999999,0.2628
SAFE_40.42_-3.70_2026-05-20,2026-05-20,40.416,-3.703,0.0,29.8,14.6,72,9.5,0.0,6.03,651.0,1.65,0,5,2026,0,1,2,0,0,0.0,0.9745596399981308,6.480044561926653,0.0,0.0,15.200000000000001,0.2651
SAFE_40.42_-3.70_2026-05-21,2026-05-21,40.416,-3.703,0.0,31.8,16.7,60,11.8,0.0,6.95,651.0,1.65,0,5,2026,0,1,1,0,0,0.0,0.9745596399981308,6.480044561926653,0.0,0.0,15.100000000000001,0.2375
SAFE_40.42_-3.70_2026-05-22,2026-05-22,40.416,-3.703,0.0,32.4,18.1,43,13.4,0.0,7.34,651.0,1.65,0,5,2026,0,1,1,0,0,0.0,0.9745596399981308,6.480044561926653,0.0,0.0,14.299999999999997,0.1984
SAFE_39.92_32.85_2026-05-15,2026-05-15,39.92,32.854,4.2,17.0,9.4,96,12.1,13.0,3.72,865.0,4.97,0,5,2026,1,1,3,0,0,1.6486586255873816,1.7867469274045107,6.763884908562435,4.032,0.3230769230769231,7.6,0.4272
SAFE_39.92_32.85_2026-05-16,2026-05-16,39.92,32.854,0.0,20.4,6.7,90,10.8,0.0,5.1,865.0,4.66,0,5,2026,0,1,3,0,0,0.0,1.7334238922150915,6.763884908562435,0.0,0.0,13.7,0.2997
SAFE_39.92_32.85_2026-05-17,2026-05-17,39.92,32.854,5.3,19.9,11.5,91,17.5,13.0,4.11,865.0,3.97,0,5,2026,2,1,3,0,0,1.840549633397487,1.6034198401085376,6.763884908562435,4.823,0.4076923076923077,8.399999999999999,0.4171
SAFE_39.92_32.85_2026-05-18,2026-05-18,39.92,32.854,0.9,16.9,8.5,90,16.9,7.0,3.67,865.0,4.66,0,5,2026,1,1,3,0,0,0.6418538861723948,1.7334238922150915,6.763884908562435,0.81,0.1285714285714286,8.399999999999999,0.3592
SAFE_39.92_32.85_2026-05-19,2026-05-19,39.92,32.854,1.0,19.2,8.6,88,6.7,6.0,4.04,865.0,4.25,0,5,2026,1,1,3,0,0,0.6931471805599453,1.6582280766035324,6.763884908562435,0.88,0.16666666666666666,10.6,0.3464
SAFE_39.92_32.85_2026-05-20,2026-05-20,39.92,32.854,16.9,16.3,11.4,93,11.6,10.0,2.47,865.0,3.41,0,5,2026,2,1,3,0,0,2.884800712846709,1.4838746894587547,6.763884908562435,15.716999999999999,1.69,4.9,0.4114
SAFE_39.92_32.85_2026-05-21,2026-05-21,39.92,32.854,13.4,18.0,9.5,95,15.5,11.0,3.53,865.0,5.37,0,5,2026,2,1,3,0,0,2.667228206581955,1.851599469584072,6.763884908562435,12.73,1.2181818181818183,8.5,0.4199
SAFE_39.92_32.85_2026-05-22,2026-05-22,39.92,32.854,1.3,18.5,9.3,100,10.2,4.0,3.75,865.0,5.9,0,5,2026,1,1,3,0,0,0.832909122935104,1.9315214116032138,6.763884908562435,1.3,0.325,9.2,0.3577
SAFE_-12.05_-77.04_2026-05-15,2026-05-15,-12.046,-77.043,0.0,25.0,20.0,87,15.9,0.0,3.66,139.0,82.37,0,5,2026,0,1,3,0,0,0.0,4.423288532422522,4.941642422609304,0.0,0.0,5.0,0.316
SAFE_-12.05_-77.04_2026-05-16,2026-05-16,-12.046,-77.043,0.0,23.8,19.6,88,14.0,0.0,3.36,139.0,81.04,0,5,2026,0,1,3,0,0,0.0,4.40720693320418,4.941642422609304,0.0,0.0,4.199999999999999,0.3183
SAFE_-12.05_-77.04_2026-05-17,2026-05-17,-12.046,-77.043,0.0,23.8,19.4,89,15.0,0.0,3.11,139.0,79.72,0,5,2026,0,1,3,0,0,0.0,4.390986376045354,4.941642422609304,0.0,0.0,4.400000000000002,0.3206
SAFE_-12.05_-77.04_2026-05-18,2026-05-18,-12.046,-77.043,0.2,23.6,20.0,88,17.2,2.0,3.02,139.0,78.43,0,5,2026,1,1,3,0,0,0.18232155679395465,4.374876130645041,4.941642422609304,0.17600000000000002,0.1,3.6000000000000014,0.3352
SAFE_-12.05_-77.04_2026-05-19,2026-05-19,-12.046,-77.043,0.0,23.0,19.4,82,19.0,0.0,3.44,139.0,77.16,0,5,2026,0,1,3,0,0,0.0,4.358758007734528,4.941642422609304,0.0,0.0,3.6000000000000014,0.3045
SAFE_-12.05_-77.04_2026-05-20,2026-05-20,-12.046,-77.043,0.0,24.0,18.3,85,18.1,0.0,3.61,139.0,76.09,0,5,2026,0,1,3,0,0,0.0,4.344973570471171,4.941642422609304,0.0,0.0,5.699999999999999,0.3114
SAFE_-12.05_-77.04_2026-05-21,2026-05-21,-12.046,-77.043,0.0,23.3,18.6,83,16.1,0.0,3.55,139.0,75.03,0,5,2026,0,1,3,0,0,0.0,4.331127999240345,4.941642422609304,0.0,0.0,4.699999999999999,0.3068
SAFE_-12.05_-77.04_2026-05-22,2026-05-22,-12.046,-77.043,0.0,23.2,18.8,82,15.5,0.0,3.43,139.0,74.16,0,5,2026,0,1,3,0,0,0.0,4.319619174545265,4.941642422609304,0.0,0.0,4.399999999999999,0.3045
SAFE_-34.60_-58.38_2026-05-15,2026-05-15,-34.603,-58.381,0.0,16.1,7.4,87,10.3,0.0,1.94,16.0,20.93,0,5,2026,0,1,3,1,0,0.0,3.0878555624297968,2.833213344056216,0.0,0.0,8.700000000000001,0.3197
SAFE_-34.60_-58.38_2026-05-16,2026-05-16,-34.603,-58.381,0.3,13.7,9.9,91,16.6,3.0,0.92,16.0,20.48,0,5,2026,1,1,3,1,0,0.262364264467491,3.067122269640664,2.833213344056216,0.273,0.09999999999999999,3.799999999999999,0.3543
SAFE_-34.60_-58.38_2026-05-17,2026-05-17,-34.603,-58.381,0.5,13.5,7.8,83,14.9,3.0,1.9,16.0,20.48,0,5,2026,1,1,3,1,0,0.4054651081081644,3.067122269640664,2.833213344056216,0.415,0.16666666666666666,5.7,0.3361
SAFE_-34.60_-58.38_2026-05-18,2026-05-18,-34.603,-58.381,0.0,15.8,4.7,79,10.5,0.0,2.12,16.0,20.48,0,5,2026,0,1,2,1,0,0.0,3.067122269640664,2.833213344056216,0.0,0.0,11.100000000000001,0.3013
SAFE_-34.60_-58.38_2026-05-19,2026-05-19,-34.603,-58.381,0.0,17.2,5.9,81,11.7,0.0,2.29,16.0,20.23,0,5,2026,0,1,3,1,0,0.0,3.055415275715165,2.833213344056216,0.0,0.0,11.299999999999999,0.3059
SAFE_-34.60_-58.38_2026-05-20,2026-05-20,-34.603,-58.381,0.0,14.2,7.1,86,14.6,0.0,1.61,16.0,19.8,0,5,2026,0,1,3,1,0,0.0,3.0349529867072724,2.833213344056216,0.0,0.0,7.1,0.3174
SAFE_-34.60_-58.38_2026-05-21,2026-05-21,-34.603,-58.381,0.0,12.2,5.8,78,9.8,0.0,1.7,16.0,19.7,0,5,2026,0,1,2,1,0,0.0,3.0301337002713233,2.833213344056216,0.0,0.0,6.3999999999999995,0.299
SAFE_-34.60_-58.38_2026-05-22,2026-05-22,-34.603,-58.381,0.3,11.6,6.1,79,8.2,3.0,1.07,16.0,19.61,0,5,2026,1,1,2,1,0,0.262364264467491,3.0257763949023677,2.833213344056216,0.237,0.09999999999999999,5.5,0.3267
SAFE_51.05_-114.06_2026-05-15,2026-05-15,51.047,-114.058,1.1,14.2,6.8,55,17.8,7.0,4.14,1050.0,203.64,0,5,2026,1,1,1,0,0,0.7419373447293773,5.321252337830533,6.957497370876951,0.6050000000000001,0.15714285714285717,7.3999999999999995,0.2738
SAFE_51.05_-114.06_2026-05-16,2026-05-16,51.047,-114.058,10.4,8.6,1.9,99,16.8,18.0,1.15,1050.0,183.08,0,5,2026,2,1,3,0,0,2.4336133554004498,5.21537044572711,6.957497370876951,10.296000000000001,0.5777777777777778,6.699999999999999,0.4783
SAFE_51.05_-114.06_2026-05-17,2026-05-17,51.047,-114.058,1.1,10.1,0.6,85,20.2,5.0,3.01,1050.0,189.11,0,5,2026,1,1,3,0,0,0.7419373447293773,5.247602852003535,6.957497370876951,0.9350000000000002,0.22000000000000003,9.5,0.326
SAFE_51.05_-114.06_2026-05-18,2026-05-18,51.047,-114.058,1.8,11.6,0.2,97,15.0,3.0,3.23,1050.0,175.6,0,5,2026,1,1,3,0,0,1.0296194171811581,5.173887288169859,6.957497370876951,1.746,0.6,11.4,0.3378
SAFE_51.05_-114.06_2026-05-19,2026-05-19,51.047,-114.058,2.2,15.0,4.0,83,12.8,9.0,3.61,1050.0,161.55,0,5,2026,1,1,3,0,0,1.1631508098056809,5.090985646749915,6.957497370876951,1.8260000000000003,0.24444444444444446,11.0,0.3561
SAFE_51.05_-114.06_2026-05-20,2026-05-20,51.047,-114.058,3.6,11.4,4.2,88,20.8,11.0,3.37,1050.0,160.06,0,5,2026,1,1,3,0,0,1.5260563034950492,5.081776966367399,6.957497370876951,3.168,0.32727272727272727,7.2,0.386
SAFE_51.05_-114.06_2026-05-21,2026-05-21,51.047,-114.058,1.4,16.1,4.4,80,12.1,2.0,4.36,1050.0,146.57,0,5,2026,1,1,2,0,0,0.8754687373538999,4.994302639475358,6.957497370876951,1.12,0.7,11.700000000000001,0.2898
SAFE_51.05_-114.06_2026-05-22,2026-05-22,51.047,-114.058,0.2,17.8,4.8,76,9.6,2.0,4.11,1050.0,136.72,0,5,2026,1,1,2,0,0,0.18232155679395465,4.925222638470323,6.957497370876951,0.15200000000000002,0.1,13.0,0.279
SAFE_-26.20_28.05_2026-05-15,2026-05-15,-26.204,28.047,0.0,20.1,8.6,92,6.1,0.0,2.88,1749.0,0.0,0,5,2026,0,1,3,0,0,0.0,0.0,7.4673710669175595,0.0,0.0,11.500000000000002,0.2764
SAFE_-26.20_28.05_2026-05-16,2026-05-16,-26.204,28.047,0.0,19.1,8.9,83,10.9,0.0,3.01,1749.0,0.0,0,5,2026,0,1,3,0,0,0.0,0.0,7.4673710669175595,0.0,0.0,10.200000000000001,0.2557
SAFE_-26.20_28.05_2026-05-17,2026-05-17,-26.204,28.047,0.1,18.2,7.4,91,9.1,1.0,2.28,1749.0,0.0,0,5,2026,1,1,3,0,0,0.09531017980432487,0.0,7.4673710669175595,0.091,0.1,10.799999999999999,0.2825
SAFE_-26.20_28.05_2026-05-18,2026-05-18,-26.204,28.047,0.0,18.1,9.6,81,9.9,0.0,2.56,1749.0,0.0,0,5,2026,0,1,3,0,0,0.0,0.0,7.4673710669175595,0.0,0.0,8.500000000000002,0.2511
SAFE_-26.20_28.05_2026-05-19,2026-05-19,-26.204,28.047,1.8,15.5,9.9,84,8.4,7.0,1.84,1749.0,0.0,0,5,2026,1,1,3,0,0,1.0296194171811581,0.0,7.4673710669175595,1.5120000000000002,0.2571428571428572,5.6,0.3186
SAFE_-26.20_28.05_2026-05-20,2026-05-20,-26.204,28.047,0.0,16.6,7.2,87,12.0,0.0,2.78,1749.0,0.0,0,5,2026,0,1,3,0,0,0.0,0.0,7.4673710669175595,0.0,0.0,9.400000000000002,0.2649
SAFE_-26.20_28.05_2026-05-21,2026-05-21,-26.204,28.047,0.0,15.5,6.9,87,10.3,0.0,2.04,1749.0,0.0,0,5,2026,0,1,3,0,0,0.0,0.0,7.4673710669175595,0.0,0.0,8.6,0.2649
SAFE_-26.20_28.05_2026-05-22,2026-05-22,-26.204,28.047,0.2,14.8,7.1,97,10.6,2.0,1.87,1749.0,0.03,0,5,2026,1,1,3,0,0,0.18232155679395465,0.0295588022415444,7.4673710669175595,0.19400000000000003,0.1,7.700000000000001,0.3048
SAFE_22.57_88.36_2026-05-15,2026-05-15,22.572,88.363,1.0,35.6,27.9,89,14.1,4.0,5.68,12.0,3.03,0,5,2026,1,1,3,1,0,0.6931471805599453,1.3937663759585914,2.5649493574615367,0.89,0.25,7.700000000000003,0.3589
SAFE_22.57_88.36_2026-05-16,2026-05-16,22.572,88.363,0.4,35.2,27.9,90,15.7,3.0,5.51,12.0,2.25,0,5,2026,1,1,3,1,0,0.33647223662121295,1.1786549963416462,2.5649493574615367,0.36,0.13333333333333333,7.300000000000004,0.3521
SAFE_22.57_88.36_2026-05-17,2026-05-17,22.572,88.363,4.8,35.7,28.2,88,14.8,2.0,5.6,12.0,1.78,0,5,2026,1,1,3,1,0,1.7578579175523736,1.0224509277025458,2.5649493574615367,4.224,2.4,7.5000000000000036,0.3448
SAFE_22.57_88.36_2026-05-18,2026-05-18,22.572,88.363,6.5,37.2,29.0,91,15.3,2.0,5.53,12.0,2.31,0,5,2026,2,1,3,1,0,2.0149030205422647,1.1969481893889715,2.5649493574615367,5.915,3.25,8.200000000000003,0.3538
SAFE_22.57_88.36_2026-05-19,2026-05-19,22.572,88.363,0.3,36.0,28.7,93,17.6,2.0,5.2,12.0,3.81,0,5,2026,1,1,3,1,0,0.262364264467491,1.57069708411767,2.5649493574615367,0.27899999999999997,0.15,7.300000000000001,0.3506
SAFE_22.57_88.36_2026-05-20,2026-05-20,22.572,88.363,0.0,36.7,28.5,95,10.8,0.0,5.33,12.0,2.85,0,5,2026,0,1,3,1,0,0.0,1.3480731482996928,2.5649493574615367,0.0,0.0,8.200000000000003,0.3381
SAFE_22.57_88.36_2026-05-21,2026-05-21,22.572,88.363,0.0,36.3,28.5,94,12.6,0.0,5.26,12.0,1.56,0,5,2026,0,1,3,1,0,0.0,0.9400072584914712,2.5649493574615367,0.0,0.0,7.799999999999997,0.3358
SAFE_22.57_88.36_2026-05-22,2026-05-22,22.572,88.363,0.0,36.2,29.5,95,13.6,0.0,5.33,12.0,3.41,0,5,2026,0,1,3,1,0,0.0,1.4838746894587547,2.5649493574615367,0.0,0.0,6.700000000000003,0.3381
SAFE_23.81_90.41_2026-05-15,2026-05-15,23.81,90.412,0.5,32.7,26.0,93,13.5,4.0,4.9,11.0,23.6,0,5,2026,1,1,3,1,0,0.4054651081081644,3.202746442938317,2.4849066497880004,0.465,0.125,6.700000000000003,0.3676
SAFE_23.81_90.41_2026-05-16,2026-05-16,23.81,90.412,3.3,33.4,25.1,94,13.9,10.0,4.51,11.0,24.7,0,5,2026,1,1,3,1,0,1.4586150226995167,3.246490991901174,2.4849066497880004,3.102,0.32999999999999996,8.299999999999997,0.4235
SAFE_23.81_90.41_2026-05-17,2026-05-17,23.81,90.412,0.2,33.3,24.9,93,16.2,1.0,4.76,11.0,26.29,0,5,2026,1,1,3,1,0,0.18232155679395465,3.306520334720247,2.4849066497880004,0.18600000000000003,0.2,8.399999999999999,0.3422
SAFE_23.81_90.41_2026-05-18,2026-05-18,23.81,90.412,2.5,33.0,24.7,96,17.0,7.0,4.5,11.0,25.12,0,5,2026,1,1,3,1,0,1.252762968495368,3.2627013044082305,2.4849066497880004,2.4,0.35714285714285715,8.3,0.402
SAFE_23.81_90.41_2026-05-19,2026-05-19,23.81,90.412,0.9,33.2,26.0,95,12.6,3.0,4.73,11.0,26.42,0,5,2026,1,1,3,1,0,0.6418538861723948,3.3112726741341683,2.4849066497880004,0.855,0.3,7.200000000000003,0.3644
SAFE_23.81_90.41_2026-05-20,2026-05-20,23.81,90.412,1.7,33.9,26.4,97,9.9,10.0,5.11,11.0,22.33,0,5,2026,1,1,3,1,0,0.9932517730102833,3.1497400860333387,2.4849066497880004,1.649,0.16999999999999998,7.5,0.4283
SAFE_23.81_90.41_2026-05-21,2026-05-21,23.81,90.412,2.9,32.1,27.6,92,12.2,8.0,2.97,11.0,20.78,0,5,2026,1,1,3,1,0,1.3609765531356006,3.0809921175048145,2.4849066497880004,2.668,0.3625,4.5,0.4017
SAFE_23.81_90.41_2026-05-22,2026-05-22,23.81,90.412,5.5,33.0,27.2,93,11.5,12.0,4.14,11.0,25.36,0,5,2026,2,1,3,1,0,1.8718021769015913,3.2718477096343066,2.4849066497880004,5.115,0.4583333333333333,5.800000000000001,0.4406
SAFE_6.52_3.38_2026-05-15,2026-05-15,6.524,3.379,6.3,28.6,25.6,93,13.3,10.0,2.09,11.0,112.5,0,5,2026,2,1,3,1,0,1.9878743481543455,4.7318028369214575,2.4849066497880004,5.859,0.63,3.0,0.4253
SAFE_6.52_3.38_2026-05-16,2026-05-16,6.524,3.379,1.7,31.8,26.0,93,13.7,5.0,3.58,11.0,109.92,0,5,2026,1,1,3,1,0,0.9932517730102833,4.708809220747577,2.4849066497880004,1.581,0.33999999999999997,5.800000000000001,0.3777
SAFE_6.52_3.38_2026-05-17,2026-05-17,6.524,3.379,13.6,30.2,26.4,90,18.9,12.0,3.58,11.0,119.23,0,5,2026,2,1,3,1,0,2.681021528714291,4.789406574986818,2.4849066497880004,12.24,1.1333333333333333,3.8000000000000007,0.4443
SAFE_6.52_3.38_2026-05-18,2026-05-18,6.524,3.379,5.1,30.1,24.6,94,12.6,7.0,2.84,11.0,131.43,0,5,2026,2,1,3,1,0,1.8082887711792655,4.8860542039388735,2.4849066497880004,4.794,0.7285714285714285,5.5,0.4011
SAFE_6.52_3.38_2026-05-19,2026-05-19,6.524,3.379,8.1,30.0,26.0,89,9.3,13.0,2.99,11.0,154.96,0,5,2026,2,1,3,1,0,2.2082744135228043,5.049599564114397,2.4849066497880004,7.209,0.6230769230769231,4.0,0.4435
SAFE_6.52_3.38_2026-05-20,2026-05-20,6.524,3.379,3.2,30.0,26.1,93,13.3,10.0,4.15,11.0,173.98,0,5,2026,1,1,3,1,0,1.4350845252893227,5.164671681678119,2.4849066497880004,2.9760000000000004,0.32,3.8999999999999986,0.4215
SAFE_6.52_3.38_2026-05-21,2026-05-21,6.524,3.379,11.4,30.8,25.7,94,14.2,17.0,4.54,11.0,160.81,0,5,2026,2,1,3,1,0,2.517696472610991,5.086422807411717,2.4849066497880004,10.716000000000001,0.6705882352941177,5.100000000000001,0.4925
SAFE_6.52_3.38_2026-05-22,2026-05-22,6.524,3.379,9.0,28.8,24.1,98,12.9,19.0,3.55,11.0,161.55,0,5,2026,2,1,3,1,0,2.302585092994046,5.090985646749915,2.4849066497880004,8.82,0.47368421052631576,4.699999999999999,0.5153
SAFE_52.37_4.89_2026-05-15,2026-05-15,52.37,4.895,3.3,10.8,5.9,91,17.7,15.0,2.25,8.0,0.25,0,5,2026,1,1,3,1,0,1.4586150226995167,0.22314355131420976,2.1972245773362196,3.003,0.22,4.9,0.4582
SAFE_52.37_4.89_2026-05-16,2026-05-16,52.37,4.895,1.1,12.2,5.8,86,18.0,7.0,3.08,8.0,0.28,0,5,2026,1,1,3,1,0,0.7419373447293773,0.2468600779315258,2.1972245773362196,0.9460000000000001,0.15714285714285717,6.3999999999999995,0.3773
SAFE_52.37_4.89_2026-05-17,2026-05-17,52.37,4.895,13.8,14.1,7.9,95,16.2,18.0,2.17,8.0,0.25,0,5,2026,2,1,3,1,0,2.6946271807700692,0.22314355131420976,2.1972245773362196,13.11,0.7666666666666667,6.199999999999999,0.5058
SAFE_52.37_4.89_2026-05-18,2026-05-18,52.37,4.895,5.8,14.5,9.0,99,13.7,13.0,2.83,8.0,0.34,0,5,2026,2,1,3,1,0,1.916922612182061,0.29266961396282,2.1972245773362196,5.741999999999999,0.4461538461538461,5.5,0.4631
SAFE_52.37_4.89_2026-05-19,2026-05-19,52.37,4.895,5.0,15.9,7.7,93,22.2,8.0,1.83,8.0,0.41,0,5,2026,1,1,3,1,0,1.791759469228055,0.3435897043900769,2.1972245773362196,4.65,0.625,8.2,0.4067
SAFE_52.37_4.89_2026-05-20,2026-05-20,52.37,4.895,2.4,16.5,12.0,95,22.8,11.0,3.18,8.0,0.37,0,5,2026,1,1,3,1,0,1.2237754316221157,0.31481073984003355,2.1972245773362196,2.28,0.21818181818181817,4.5,0.433
SAFE_52.37_4.89_2026-05-21,2026-05-21,52.37,4.895,0.0,18.5,12.6,94,14.5,0.0,3.6,8.0,0.37,0,5,2026,0,1,3,1,0,0.0,0.31481073984003355,2.1972245773362196,0.0,0.0,5.9,0.336
SAFE_52.37_4.89_2026-05-22,2026-05-22,52.37,4.895,0.0,24.0,13.3,89,10.1,0.0,4.86,8.0,0.25,0,5,2026,0,1,3,1,0,0.0,0.22314355131420976,2.1972245773362196,0.0,0.0,10.7,0.3245
SAFE_52.23_21.01_2026-05-15,2026-05-15,52.229,21.012,2.2,20.6,8.5,96,16.4,3.0,3.48,116.0,132.05,0,5,2026,1,1,3,0,0,1.1631508098056809,4.890724997423698,4.762173934797756,2.112,0.7333333333333334,12.100000000000001,0.3654
SAFE_52.23_21.01_2026-05-16,2026-05-16,52.229,21.012,4.5,13.6,7.7,100,9.9,9.0,1.47,116.0,207.93,0,5,2026,1,1,3,0,0,1.7047480922384253,5.34199926763416,4.762173934797756,4.5,0.5,5.8999999999999995,0.4277
SAFE_52.23_21.01_2026-05-17,2026-05-17,52.229,21.012,1.0,14.4,8.9,94,19.2,7.0,1.87,116.0,270.64,0,5,2026,1,1,3,0,0,0.6931471805599453,5.604477660245591,4.762173934797756,0.94,0.14285714285714285,5.5,0.393
SAFE_52.23_21.01_2026-05-18,2026-05-18,52.229,21.012,0.9,18.8,7.9,98,10.4,4.0,3.55,116.0,327.1,0,5,2026,1,1,3,0,0,0.6418538861723948,5.793318439967056,4.762173934797756,0.882,0.225,10.9,0.3773
SAFE_52.23_21.01_2026-05-19,2026-05-19,52.229,21.012,0.3,16.5,10.1,98,10.3,3.0,2.24,116.0,388.94,0,5,2026,1,1,3,0,0,0.262364264467491,5.965992881134312,4.762173934797756,0.294,0.09999999999999999,6.4,0.3684
SAFE_52.23_21.01_2026-05-20,2026-05-20,52.229,21.012,0.0,21.5,8.9,97,8.4,0.0,4.48,116.0,461.38,0,5,2026,0,1,3,0,0,0.0,6.136387063827591,4.762173934797756,0.0,0.0,12.6,0.341
SAFE_52.23_21.01_2026-05-21,2026-05-21,52.229,21.012,1.5,22.7,13.2,92,16.4,7.0,4.41,116.0,542.25,0,5,2026,1,1,3,0,0,0.9162907318741551,6.297569619136539,4.762173934797756,1.38,0.21428571428571427,9.5,0.39
SAFE_52.23_21.01_2026-05-22,2026-05-22,52.229,21.012,0.0,22.2,11.0,98,14.8,0.0,4.82,116.0,614.18,0,5,2026,0,1,3,0,0,0.0,6.421914907910055,4.762173934797756,0.0,0.0,11.2,0.3438
SAFE_41.88_-87.63_2026-05-15,2026-05-15,41.878,-87.63,0.8,22.8,11.8,63,21.1,2.0,5.09,241.0,29.13,0,5,2026,1,1,2,0,0,0.5877866649021191,3.40552135314221,5.488937726156687,0.504,0.4,11.0,0.2751
SAFE_41.88_-87.63_2026-05-16,2026-05-16,41.878,-87.63,3.3,28.5,16.7,90,19.5,3.0,5.41,241.0,28.72,0,5,2026,1,1,3,0,0,1.4586150226995167,3.391820219849558,5.488937726156687,2.97,1.0999999999999999,11.8,0.3487
SAFE_41.88_-87.63_2026-05-17,2026-05-17,41.878,-87.63,0.2,30.2,18.8,87,26.0,2.0,5.77,241.0,37.28,0,5,2026,1,1,3,0,0,0.18232155679395465,3.6449275665847534,5.488937726156687,0.17400000000000002,0.1,11.399999999999999,0.3295
SAFE_41.88_-87.63_2026-05-18,2026-05-18,41.878,-87.63,3.6,26.4,20.7,83,24.7,6.0,4.38,241.0,89.36,0,5,2026,1,1,3,0,0,1.5260563034950492,4.5038016915998025,5.488937726156687,2.988,0.6,5.699999999999999,0.3582
SAFE_41.88_-87.63_2026-05-19,2026-05-19,41.878,-87.63,0.8,26.6,17.3,88,24.5,5.0,4.21,241.0,122.31,0,5,2026,1,1,3,0,0,0.5877866649021191,4.814701509882439,5.488937726156687,0.7040000000000001,0.16,9.3,0.3579
SAFE_41.88_-87.63_2026-05-20,2026-05-20,41.878,-87.63,0.0,16.6,9.6,75,19.7,0.0,3.94,241.0,78.62,0,5,2026,0,1,2,0,0,0.0,4.377265317572172,5.488937726156687,0.0,0.0,7.000000000000002,0.2852
SAFE_41.88_-87.63_2026-05-21,2026-05-21,41.878,-87.63,0.4,13.5,9.4,83,19.1,2.0,3.64,241.0,45.67,0,5,2026,1,1,3,0,0,0.33647223662121295,3.8431015599617244,5.488937726156687,0.332,0.2,4.1,0.3206
SAFE_41.88_-87.63_2026-05-22,2026-05-22,41.878,-87.63,0.0,17.5,11.0,84,19.5,0.0,3.77,241.0,30.41,0,5,2026,0,1,3,0,0,0.0,3.447126313550555,5.488937726156687,0.0,0.0,6.5,0.3057
SAFE_29.76_-95.37_2026-05-15,2026-05-15,29.76,-95.369,0.0,31.1,21.0,92,17.1,0.0,5.69,17.0,35.31,0,5,2026,0,1,3,1,0,0.0,3.5920931854262443,2.8903717578961645,0.0,0.0,10.100000000000001,0.3312
SAFE_29.76_-95.37_2026-05-16,2026-05-16,29.76,-95.369,1.1,31.2,23.0,87,20.2,7.0,5.17,17.0,27.91,0,5,2026,1,1,3,1,0,0.7419373447293773,3.364187556028255,2.8903717578961645,0.9570000000000001,0.15714285714285717,8.2,0.3794
SAFE_29.76_-95.37_2026-05-17,2026-05-17,29.76,-95.369,5.3,30.1,24.4,97,22.6,20.0,3.63,17.0,23.1,0,5,2026,2,1,3,1,0,1.840549633397487,3.1822118404966093,2.8903717578961645,5.141,0.265,5.700000000000003,0.516
SAFE_29.76_-95.37_2026-05-18,2026-05-18,29.76,-95.369,12.6,30.2,21.7,96,23.6,13.0,4.45,17.0,20.48,0,5,2026,2,1,3,1,0,2.6100697927420065,3.067122269640664,2.8903717578961645,12.095999999999998,0.9692307692307692,8.5,0.4646
SAFE_29.76_-95.37_2026-05-19,2026-05-19,29.76,-95.369,33.6,29.6,22.1,98,25.8,23.0,3.72,17.0,23.89,0,5,2026,3,1,3,1,0,3.543853682063679,3.2144661163795005,2.8903717578961645,32.928000000000004,1.4608695652173913,7.5,0.5792
SAFE_29.76_-95.37_2026-05-20,2026-05-20,29.76,-95.369,60.2,26.4,19.9,97,12.5,19.0,2.57,17.0,45.88,0,5,2026,3,1,3,1,0,4.11414718951828,3.8475911452687575,2.8903717578961645,58.394000000000005,3.168421052631579,6.5,0.5774
SAFE_29.76_-95.37_2026-05-21,2026-05-21,29.76,-95.369,8.2,27.1,21.2,98,10.9,12.0,2.57,17.0,60.94,0,5,2026,2,1,3,1,0,2.2192034840549946,4.126166174545057,2.8903717578961645,8.036,0.6833333333333332,5.900000000000002,0.4555
SAFE_29.76_-95.37_2026-05-22,2026-05-22,29.76,-95.369,2.2,30.1,20.1,99,14.4,8.0,4.51,17.0,67.39,0,5,2026,1,1,3,1,0,1.1631508098056809,4.225226615110005,2.8903717578961645,2.178,0.275,10.0,0.4168
SAFE_48.86_2.35_2026-05-15,2026-05-15,48.857,2.347,2.7,12.9,4.8,92,17.3,8.0,2.69,38.0,3.32,0,5,2026,1,1,3,1,0,1.308332819650179,1.463255402256019,3.6635616461296463,2.484,0.3375,8.100000000000001,0.4005
SAFE_48.86_2.35_2026-05-16,2026-05-16,48.857,2.347,0.6,14.6,5.7,98,13.3,6.0,3.15,38.0,3.25,0,5,2026,1,1,3,1,0,0.4700036292457356,1.4469189829363254,3.6635616461296463,0.588,0.09999999999999999,8.899999999999999,0.395
SAFE_48.86_2.35_2026-05-17,2026-05-17,48.857,2.347,9.5,15.8,10.4,93,11.4,21.0,2.02,38.0,2.91,0,5,2026,2,1,3,1,0,2.3513752571634776,1.3635373739972745,3.6635616461296463,8.835,0.4523809523809524,5.4,0.5198
SAFE_48.86_2.35_2026-05-18,2026-05-18,48.857,2.347,2.7,15.0,8.2,96,14.8,8.0,2.77,38.0,3.41,0,5,2026,1,1,3,1,0,1.308332819650179,1.4838746894587547,3.6635616461296463,2.5920000000000005,0.3375,6.800000000000001,0.4097
SAFE_48.86_2.35_2026-05-19,2026-05-19,48.857,2.347,4.5,17.4,10.3,91,20.6,7.0,2.07,38.0,3.06,0,5,2026,1,1,3,1,0,1.7047480922384253,1.4011829736136414,3.6635616461296463,4.095,0.6428571428571429,7.099999999999998,0.3922
SAFE_48.86_2.35_2026-05-20,2026-05-20,48.857,2.347,2.8,19.4,12.9,87,19.0,11.0,3.3,38.0,3.0,0,5,2026,1,1,3,1,0,1.33500106673234,1.3862943611198906,3.6635616461296463,2.436,0.2545454545454545,6.499999999999998,0.4141
SAFE_48.86_2.35_2026-05-21,2026-05-21,48.857,2.347,0.0,23.4,10.9,99,8.3,0.0,4.44,38.0,2.94,0,5,2026,0,1,3,1,0,0.0,1.3711807233098425,3.6635616461296463,0.0,0.0,12.499999999999998,0.3465
SAFE_48.86_2.35_2026-05-22,2026-05-22,48.857,2.347,0.0,26.2,13.1,90,5.9,0.0,5.15,38.0,2.78,0,5,2026,0,1,3,1,0,0.0,1.3297240096314962,3.6635616461296463,0.0,0.0,13.1,0.3258
SAFE_-37.81_144.96_2026-05-15,2026-05-15,-37.814,144.963,0.0,21.4,10.3,88,12.4,0.0,2.05,19.0,5.41,0,5,2026,0,1,3,1,0,0.0,1.8578592709325787,2.995732273553991,0.0,0.0,11.099999999999998,0.3218
SAFE_-37.81_144.96_2026-05-16,2026-05-16,-37.814,144.963,0.0,22.3,14.9,75,17.1,0.0,2.64,19.0,5.12,0,5,2026,0,1,2,1,0,0.0,1.8115620965242347,2.995732273553991,0.0,0.0,7.4,0.2919
SAFE_-37.81_144.96_2026-05-17,2026-05-17,-37.814,144.963,20.5,17.6,13.6,98,13.9,20.0,1.0,19.0,5.65,0,5,2026,2,1,3,1,0,3.068052935133617,1.8946168546677629,2.995732273553991,20.09,1.025,4.000000000000002,0.5375
SAFE_-37.81_144.96_2026-05-18,2026-05-18,-37.814,144.963,0.9,16.6,12.5,100,11.4,7.0,1.14,19.0,53.58,0,5,2026,1,1,3,1,0,0.6418538861723948,3.9996675152801924,2.995732273553991,0.9,0.1285714285714286,4.100000000000001,0.4091
SAFE_-37.81_144.96_2026-05-19,2026-05-19,-37.814,144.963,1.1,15.2,10.3,100,14.7,7.0,1.2,19.0,40.02,0,5,2026,1,1,3,1,0,0.7419373447293773,3.7140597526442347,2.995732273553991,1.1,0.15714285714285717,4.899999999999999,0.4093
SAFE_-37.81_144.96_2026-05-20,2026-05-20,-37.814,144.963,1.0,16.0,10.2,93,13.9,7.0,1.41,19.0,27.38,0,5,2026,1,1,3,1,0,0.6931471805599453,3.3456846717318967,2.995732273553991,0.93,0.14285714285714285,5.800000000000001,0.393
SAFE_-37.81_144.96_2026-05-21,2026-05-21,-37.814,144.963,0.0,14.5,8.6,94,7.3,0.0,1.02,19.0,21.7,0,5,2026,0,1,3,1,0,0.0,3.122364924487357,2.995732273553991,0.0,0.0,5.9,0.3357
SAFE_-37.81_144.96_2026-05-22,2026-05-22,-37.814,144.963,0.0,15.4,6.1,100,6.9,0.0,1.28,19.0,14.14,0,5,2026,0,1,3,1,0,0.0,2.717340248009303,2.995732273553991,0.0,0.0,9.3,0.3494
SAFE_23.13_113.26_2026-05-15,2026-05-15,23.129,113.264,27.8,31.1,23.1,98,11.8,18.0,3.66,21.0,3.66,0,5,2026,3,1,3,1,0,3.3603753871419,1.5390154481375546,3.091042453358316,27.244,1.5444444444444445,8.0,0.53
SAFE_23.13_113.26_2026-05-16,2026-05-16,23.129,113.264,0.8,29.5,23.6,97,15.0,5.0,4.16,21.0,16.02,0,5,2026,1,1,3,1,0,0.5877866649021191,2.834389123145228,3.091042453358316,0.7760000000000001,0.16,5.899999999999999,0.3852
SAFE_23.13_113.26_2026-05-17,2026-05-17,23.129,113.264,1.7,27.5,23.1,86,17.6,7.0,3.42,21.0,18.54,0,5,2026,1,1,3,1,0,0.9932517730102833,2.972463646614637,3.091042453358316,1.462,0.24285714285714285,4.399999999999999,0.3777
SAFE_23.13_113.26_2026-05-18,2026-05-18,23.129,113.264,5.8,28.5,23.5,96,19.1,13.0,3.08,21.0,5.15,0,5,2026,2,1,3,1,0,1.916922612182061,1.8164520818184267,3.091042453358316,5.568,0.4461538461538461,5.0,0.4558
SAFE_23.13_113.26_2026-05-19,2026-05-19,23.129,113.264,25.9,25.4,23.6,97,17.3,19.0,0.98,21.0,4.25,0,5,2026,3,1,3,1,0,3.292126286607793,1.6582280766035324,3.091042453358316,25.122999999999998,1.3631578947368421,1.7999999999999972,0.5336
SAFE_23.13_113.26_2026-05-20,2026-05-20,23.129,113.264,37.1,27.1,24.1,97,13.6,23.0,1.56,21.0,13.22,0,5,2026,3,1,3,1,0,3.6402142821326553,2.6546494243750947,3.091042453358316,35.987,1.6130434782608696,3.0,0.5812
SAFE_23.13_113.26_2026-05-21,2026-05-21,23.129,113.264,35.0,29.5,24.1,98,12.5,24.0,2.34,21.0,22.55,0,5,2026,3,1,3,1,0,3.58351893845611,3.159125820462427,3.091042453358316,34.3,1.4583333333333333,5.399999999999999,0.5892
SAFE_23.13_113.26_2026-05-22,2026-05-22,23.129,113.264,5.3,31.4,24.8,99,14.1,13.0,3.94,21.0,16.14,0,5,2026,2,1,3,1,0,1.840549633397487,2.8414149131696336,3.091042453358316,5.246999999999999,0.4076923076923077,6.599999999999998,0.4621
SAFE_18.55_73.94_2026-05-15,2026-05-15,18.551,73.94,0.0,36.9,25.9,66,17.5,0.0,7.7,566.0,0.16,0,5,2026,0,1,2,0,0,0.0,0.1484200051182733,6.340359303727752,0.0,0.0,11.0,0.254
SAFE_18.55_73.94_2026-05-16,2026-05-16,18.551,73.94,0.0,38.9,24.0,86,17.8,0.0,6.95,566.0,0.16,0,5,2026,0,1,3,0,0,0.0,0.1484200051182733,6.340359303727752,0.0,0.0,14.899999999999999,0.2999
SAFE_18.55_73.94_2026-05-17,2026-05-17,18.551,73.94,0.3,39.5,25.6,84,19.9,1.0,7.26,566.0,0.16,0,5,2026,1,1,3,0,0,0.262364264467491,0.1484200051182733,6.340359303727752,0.252,0.3,13.899999999999999,0.3041
SAFE_18.55_73.94_2026-05-18,2026-05-18,18.551,73.94,0.0,40.0,25.5,69,21.8,0.0,7.2,566.0,0.16,0,5,2026,0,1,2,0,0,0.0,0.1484200051182733,6.340359303727752,0.0,0.0,14.5,0.2609
SAFE_18.55_73.94_2026-05-19,2026-05-19,18.551,73.94,0.7,37.0,25.4,77,17.8,3.0,7.13,566.0,0.16,0,5,2026,1,1,2,0,0,0.5306282510621704,0.1484200051182733,6.340359303727752,0.539,0.2333333333333333,11.600000000000001,0.3051
SAFE_18.55_73.94_2026-05-20,2026-05-20,18.551,73.94,1.2,36.4,24.4,83,17.2,3.0,6.3,566.0,0.22,0,5,2026,1,1,3,0,0,0.7884573603642702,0.1988508587451652,6.340359303727752,0.996,0.39999999999999997,12.0,0.3196
SAFE_18.55_73.94_2026-05-21,2026-05-21,18.551,73.94,0.9,38.0,24.5,84,20.1,2.0,6.65,566.0,0.22,0,5,2026,1,1,3,0,0,0.6418538861723948,0.1988508587451652,6.340359303727752,0.7560000000000001,0.45,13.5,0.3131
SAFE_18.55_73.94_2026-05-22,2026-05-22,18.551,73.94,4.1,37.1,25.9,83,14.1,5.0,5.38,566.0,0.16,0,5,2026,1,1,3,0,0,1.62924053973028,0.1484200051182733,6.340359303727752,3.4029999999999996,0.82,11.200000000000003,0.3399
SAFE_28.70_77.10_2026-05-15,2026-05-15,28.7,77.1,0.0,39.5,27.2,64,18.2,0.0,7.36,223.0,4.75,0,5,2026,0,1,2,0,0,0.0,1.749199854809259,5.4116460518550396,0.0,0.0,12.3,0.2602
SAFE_28.70_77.10_2026-05-16,2026-05-16,28.7,77.1,0.0,40.0,27.2,51,17.4,0.0,7.65,223.0,3.84,0,5,2026,0,1,1,0,0,0.0,1.5769147207285403,5.4116460518550396,0.0,0.0,12.8,0.2303
SAFE_28.70_77.10_2026-05-17,2026-05-17,28.7,77.1,0.0,41.0,28.4,42,20.9,0.0,8.51,223.0,3.81,0,5,2026,0,1,1,0,0,0.0,1.57069708411767,5.4116460518550396,0.0,0.0,12.600000000000001,0.2096
SAFE_28.70_77.10_2026-05-18,2026-05-18,28.7,77.1,0.0,43.1,28.5,46,17.7,0.0,8.66,223.0,3.81,0,5,2026,0,1,1,0,0,0.0,1.57069708411767,5.4116460518550396,0.0,0.0,14.600000000000001,0.2188
SAFE_28.70_77.10_2026-05-19,2026-05-19,28.7,77.1,0.0,44.3,29.9,34,17.5,0.0,9.34,223.0,3.81,0,5,2026,0,1,0,0,0,0.0,1.57069708411767,5.4116460518550396,0.0,0.0,14.399999999999999,0.1912
SAFE_28.70_77.10_2026-05-20,2026-05-20,28.7,77.1,0.0,43.7,30.9,28,12.5,0.0,8.47,223.0,3.79,0,5,2026,0,1,0,0,0,0.0,1.5665304114228238,5.4116460518550396,0.0,0.0,12.800000000000004,0.1775
SAFE_28.70_77.10_2026-05-21,2026-05-21,28.7,77.1,0.0,42.7,32.5,33,19.3,0.0,10.1,223.0,3.79,0,5,2026,0,1,0,0,0,0.0,1.5665304114228238,5.4116460518550396,0.0,0.0,10.200000000000003,0.1889
SAFE_28.70_77.10_2026-05-22,2026-05-22,28.7,77.1,0.0,42.2,30.6,28,20.5,0.0,8.89,223.0,3.79,0,5,2026,0,1,0,0,0,0.0,1.5665304114228238,5.4116460518550396,0.0,0.0,11.600000000000001,0.1775
SAFE_27.00_71.50_2026-05-15,2026-05-15,27.0,71.5,0.0,38.8,28.5,46,15.4,0.0,7.85,204.0,0.0,0,5,2026,0,1,1,0,0,0.0,0.0,5.3230099791384085,0.0,0.0,10.299999999999997,0.2194
SAFE_27.00_71.50_2026-05-16,2026-05-16,27.0,71.5,0.0,40.8,27.9,57,13.4,0.0,7.4,204.0,0.0,0,5,2026,0,1,1,0,0,0.0,0.0,5.3230099791384085,0.0,0.0,12.899999999999999,0.2447
SAFE_27.00_71.50_2026-05-17,2026-05-17,27.0,71.5,0.0,43.0,30.0,45,15.1,0.0,9.35,204.0,0.0,0,5,2026,0,1,1,0,0,0.0,0.0,5.3230099791384085,0.0,0.0,13.0,0.2171
SAFE_27.00_71.50_2026-05-18,2026-05-18,27.0,71.5,0.0,43.0,29.9,23,20.1,0.0,11.12,204.0,0.0,0,5,2026,0,1,0,0,0,0.0,0.0,5.3230099791384085,0.0,0.0,13.100000000000001,0.1665
SAFE_27.00_71.50_2026-05-19,2026-05-19,27.0,71.5,0.0,41.8,26.4,60,16.4,0.0,8.94,204.0,0.0,0,5,2026,0,1,1,0,0,0.0,0.0,5.3230099791384085,0.0,0.0,15.399999999999999,0.2516
SAFE_27.00_71.50_2026-05-20,2026-05-20,27.0,71.5,0.0,42.2,29.4,58,21.1,0.0,9.96,204.0,0.0,0,5,2026,0,1,1,0,0,0.0,0.0,5.3230099791384085,0.0,0.0,12.800000000000004,0.247
SAFE_27.00_71.50_2026-05-21,2026-05-21,27.0,71.5,0.0,40.5,27.8,47,20.7,0.0,9.78,204.0,0.0,0,5,2026,0,1,1,0,0,0.0,0.0,5.3230099791384085,0.0,0.0,12.7,0.2217
SAFE_27.00_71.50_2026-05-22,2026-05-22,27.0,71.5,0.0,41.5,28.2,54,14.2,0.0,7.95,204.0,0.0,0,5,2026,0,1,1,0,0,0.0,0.0,5.3230099791384085,0.0,0.0,13.3,0.2378
